Strain,Tmp77.15K,Tmp233.15K,Tmp298.15K,Tmp373.15K,Tmp473.15K,Tmp573.15K,Tmp673.15K,Tmp77.15K_ref,Tmp233.15K_ref,Tmp298.15K_ref,Tmp373.15K_ref,Tmp473.15K_ref,Tmp573.15K_ref,Tmp673.15K_ref
0.0,1067.4538450093387,568.7754321000424,377.306,570.6734130973928,649.8592176090394,643.9279975015197,450.4427462177701,2.8291462235144387,1.5074645833886617,1.0,1.5124949327532369,1.7223665078451957,1.7066465879194068,1.1938393405293584
0.00011,1083.997263440276,587.7623492362436,464.7964665,617.0899876066469,680.3480601710539,665.1985349922516,542.8857664046227,2.3321977286165017,1.2645585575600402,1.0,1.3276563659217209,1.4637548028155114,1.4311609122188789,1.168007516263299
0.0002,1094.1693741576644,602.3167357527577,578.9944157,640.2133203419726,699.4783263525696,679.5665166593662,573.3587431582273,1.889775349274866,1.0402807340111584,1.0,1.1057331521375027,1.2080916626923,1.1737013315366356,0.9902664475011228
0.0003,1103.7197879056785,617.5413455494365,628.6106993,659.2032333,716.4127855381855,693.2159068486503,595.7895874231472,1.7558081482461947,0.9823907646451295,1.0,1.0486668999335627,1.139676410751454,1.1027745910475157,0.9477878567555383
0.0004,1112.096404039244,631.8490778373717,653.1731707,674.1443371101122,730.0708224654327,705.0105046,612.4224198284792,1.7026057620330912,0.9673530790620573,1.0,1.0321065949289339,1.117729348379423,1.0793623134343475,0.9376111072843843
0.0005,1119.6499347254564,645.3141950555099,669.637294,686.4969254695607,741.3718562463721,715.3646863574827,625.6984465490677,1.672024459745004,0.963677203819998,1.0,1.0251772588244774,1.1071245029049592,1.0682868065551359,0.9343841093609516
0.0006,1126.5822414871318,658.0034231201187,682.8683216,697.0497223449784,750.9542654931281,724.5724145116831,636.7800286402926,1.6497796220030891,0.9635875648446813,1.0,1.0207674017030848,1.0997058169774208,1.0610719396295438,0.9325077888344274
0.0007,1133.0216898851154,669.9768781,694.3729293,706.2774827,759.2636351929457,732.8493484623953,646.3125248994329,1.6317192708352253,0.9648660681161725,1.0,1.0171443224493226,1.0934522403665163,1.0554117499960483,0.9307858898689829
0.0008,1139.0557897527565,681.2888592522862,704.6995121,714.4882989637845,766.6129735544046,740.3580694415862,654.6917119426071,1.6163709073082477,0.966779240732053,1.0,1.0138907246219229,1.0878579598698783,1.05060108135356,0.9290367038734425
0.0009,1144.747359990457,691.9885303903659,714.1049551,721.8935144025381,773.2238637429427,747.2239353163266,662.1779371662997,1.6030519769046438,0.969029167839149,1.0,1.0109067431151595,1.0827874225220353,1.046378308930357,0.927283773116476
0.001,1150.143336047641,702.1205076,722.7445794,728.644431,779.2546308988162,753.5454490880438,668.9516541605117,1.591355188028465,0.9714642317800274,1.0,1.0081631212023727,1.0781881360434817,1.0426165350331837,0.9255713196989377
0.002,1193.253688547015,779.6288098222886,783.4465901,775.9749250737877,822.8401308657062,798.7845136611588,715.4303935839562,1.523082369143641,0.9951269425051374,1.0,0.9904630830989276,1.050282356530109,1.0195774973750298,0.9131833651769904
0.003,1224.4033452968447,829.1574569809725,820.3593085,806.0178133005174,852.0038480455612,828.1403175287653,744.2083921037847,1.4925208169279214,1.0107247499843204,1.0,0.9825180319758844,1.038573999487398,1.0094848793061086,0.9071737035135803
0.004,1248.4788707510932,863.1751894582347,846.3934268,828.3864265230368,874.0617057976035,850.6191349,765.2535196717945,1.4750573801964373,1.0198273782934282,1.0,0.9787250234857764,1.0326896194151818,1.0049926050536289,0.9041345259083886
0.005,1267.7577008811122,887.9798592409072,866.2693452,846.2990987708254,891.7384008075898,869.1937991738209,781.8203651373624,1.4634682710472902,1.0250620827819952,1.0,0.9769468392944645,1.0294008506115493,1.0033759176519697,0.9025141769929069
0.01,1326.855454124062,955.5836749,925.1066455,904.0128625289072,948.3443437545408,933.0313052948682,832.9851110476884,1.434272967963521,1.0329443416586073,1.0,0.9771985391374072,1.0251189399271705,1.0085662121587993,0.9004206326909241
0.011,1334.6762940634028,964.2247499077862,932.77897,912.0045349236972,956.2051242,942.3185058725078,839.7831531,1.430860189808313,1.0337119306064397,1.0,0.9777284482771917,1.0251143678764543,1.010227005731602,0.9003024082972197
0.012,1341.770793573039,972.0961569,939.6862991,919.2654241570708,963.3790326,950.8461752928852,845.9055678938166,1.427892260276799,1.034490082308363,1.0,0.9782684125941948,1.025213449980799,1.0118761720837834,0.9001999589692822
0.013,1348.2775775836851,979.3459981447728,945.9573917,925.9020611859742,969.9724519,958.7181466,851.4617723509436,1.4253047646899477,1.0352960997373988,1.0,0.9787989071283814,1.0253870421762252,1.0134897776707124,0.9001058396729305
0.014,1354.3027599056377,986.0782284369936,951.6917467,931.9998317038772,976.0690914952348,966.0199370932272,856.5384888463304,1.4230477090945626,1.0361319532886875,1.0,0.9793085155309956,1.025614748556729,1.0150554950622515,0.9000167247602868
0.015,1359.928268383263,992.3675774848688,956.9677492,937.6283894353182,981.7359712010182,972.8226337,861.2054681847221,1.421080563603243,1.0369916627958071,1.0,0.9797910015454032,1.0258819819390192,1.016567835763801,0.899931548272831
0.016,1365.2179044294069,998.269199,961.848184,942.8453862819952,987.0275582509493,979.1857681182066,865.5194951314479,1.4193694255905638,1.0378656586411978,1.0,0.9802434541811177,1.0261781169521336,1.0180252813350497,0.8998504228931912
0.017,1370.221793684021,1003.8249869824698,966.3840705,947.6991216508686,991.9887013051556,985.1595202,869.5272739008069,1.417885326871208,1.0387433088203721,1.0,0.980665090185661,1.0264952947660944,1.0194285587616172,0.8997740137116704
0.018,1374.9796787632345,1009.0677503274252,970.6173953,952.2304741361512,996.656757,990.7864429,873.2675573893939,1.4166031697157597,1.039614327142304,1.0,0.9810564685396291,1.026827627267026,1.0207796065655368,0.8997031802829816
0.019,1379.5233702328878,1014.0239934365524,974.5831006,956.4743425509514,1001.0631611866122,996.1028303478186,876.7727502993075,1.4155010171873361,1.0404695021002013,1.0,0.9814189697749736,1.0271706543755066,1.0220809592681939,0.8996387786321395
0.02,1383.8785808310618,1018.7157789566965,978.3105574,960.4607427,1005.2346106022682,1001.1398132086804,880.0701367588481,1.414559589859601,1.041301017607414,1.0,0.9817544494792754,1.0275209676504184,1.023335387353227,0.8995815593544857
0.021,1388.0663049615127,1023.1619817582242,981.8246755,964.2156571868544,1009.1939640658592,1005.9242401058186,883.1828339491622,1.4137618860053927,1.0421025334662453,1.0,0.9820650073760082,1.0278759428733253,1.0245456904956536,0.8995321221677344
0.022,1392.103861149856,1027.379136,985.1467521,967.7617037225718,1012.9609403288108,1010.4793907969412,886.1305419757264,1.4130928800022544,1.0428691297108525,1.0,0.9823528338896017,1.0282335481181057,1.0257145837845383,0.8994909033469334
0.023,1396.0056835487394,1031.3820120883329,988.2951295,971.1186688,1016.5526645755996,1014.8255555291998,888.9301397087402,1.4125392728131818,1.043597181957308,1.0,0.9826201099375144,1.0285922031103154,1.0268446390529335,0.8994581812403236
0.024,1399.7839258150243,1035.184004425678,991.2857105,974.3039381604104,1019.9841014206532,1018.9805076495768,891.5961625247728,1.4120892806060723,1.0442841992582905,1.0,0.9828689426673728,1.0289506754880768,1.027938259228621,0.8994340915850141
0.025,1403.4489241568426,1038.7974040401386,994.1323671,977.3328488,1023.268401476948,1022.9598907556864,894.1411883782712,1.4117324519378307,1.0449286618344715,1.0,0.9831013264873306,1.0293080029794637,1.0289976713461002,0.899418646821233
0.026,1407.0095542758677,1042.2335823725211,996.8472674,980.2189784687072,1026.4171813578248,1026.7775372128538,896.5761519595399,1.411459508682471,1.0455298584415031,1.0,0.9833191207167944,1.0296634348358598,1.0300249303897062,0.8994117567257925
0.027,1410.4735080650269,1045.5031219722655,999.4411405,982.9743869528102,1029.440751852986,1030.4457313767582,898.9106019058963,1.4112622053554809,1.046087738042504,1.0,0.983524038705319,1.030016386295623,1.0310219277758041,0.899413247543712
0.028,1413.8475093840568,1048.6159097024324,1001.923491,985.6098178019092,1032.3483053526254,1033.9754281196977,901.1529125542728,1.411133207359899,1.046602778677072,1.0,0.9837176457637414,1.0303664048462013,1.0319904038657755,0.8994228807379793
0.029,1417.1374833960374,1051.581205284288,1004.302777,988.1348686912752,1035.1480709322414,1037.3764350979154,903.3104591402808,1.4110659811468762,1.047075871307969,1.0,0.9839013605468455,1.0307131421306837,1.0329319592212134,0.8994403678127845
0.03,1420.3486903544376,1054.4076935338926,1006.586555,990.5581359273492,1037.8474435552023,1040.6575654920368,905.3897634195746,1.4110547009585654,1.0475082230100845,1.0,0.9840764621849626,1.031056334301229,1.0338480683283484,0.8994653851894283
0.031,1423.4858320537169,1057.1035258720203,1008.781604,992.8873377653216,1040.4530923968405,1043.8267666055176,907.3966152,1.4110941619170494,1.0479012718713498,1.0,0.9842440958760005,1.0313957830627138,1.0347400889018568,0.8994975836216775
0.032,1426.5531371576708,1059.6763548054607,1010.894023,995.1294201542188,1042.9710522023054,1046.8912286406514,909.3361742929555,1.4111797129081165,1.048256623044116,1.0,0.984405286323687,1.0317313471763454,1.035609277354142,0.8995366018629191
0.033,1429.554430122918,1062.133363801128,1012.929324,997.2906478,1045.406800762467,1049.8574771281951,911.213056,1.4113071822994414,1.048575985150498,1.0,0.984560940403775,1.0320629248190933,1.036456791459416,0.8995820679785158
0.034,1432.4931873112362,1064.4812941131072,1014.892498,999.376683,1047.7653249583195,1052.7314518175774,913.0314036954078,1.411472830998536,1.0488611318054173,1.0,0.9847118635416299,1.0323904522135108,1.0372837062961298,0.899633611929022
0.035,1435.3725830385983,1066.7264695459678,1016.788081,1001.3926538837476,1050.0511773349708,1055.518574302882,914.7949498550151,1.4116732973767012,1.0491138610681332,1.0,0.9848587651606703,1.032713892851947,1.0380910182039023,0.899690866709732
0.036,1438.195527670381,1068.8748197555406,1018.620206,1003.343214,1052.2685247853758,1058.223806235957,916.5070682896184,1.411905555376722,1.049335967870581,1.0,0.9850022688436635,1.0330332331787415,1.0388796530862818,0.8997534732681499
0.037,1440.9646993890367,1070.9319024389536,1020.392648,1005.2325943912656,1054.4211906252217,1060.851699639292,918.1708184654708,1.4121668773421392,1.0495292224400206,1.0,0.9851429215621569,1.033348478835004,1.0396504734903695,0.8998210838397483
0.038,1443.6825708937597,1072.9029246064636,1022.108867,1007.0646489516804,1056.512691104405,1063.4064405596775,919.7889834883972,1.4124547956727194,1.049695349728791,1.0,0.9852811979877681,1.033659647435976,1.0404042806916354,0.899893360858983
0.039,1446.3514320123732,1074.7927630290203,1023.772036,1008.8428945763516,1058.546267212889,1065.8918870851278,921.3641027,1.4127670820776093,1.0498360232892905,1.0,0.9854175139594764,1.033966771888746,1.0411418261136485,0.8999699838451145
0.04,1448.9734089923177,1076.6059838973194,1025.385075,1010.5705462805126,1060.5249124885672,1068.311602571012,922.8984996160144,1.413101715950291,1.0499528520027654,1.0,0.9855522290301648,1.0342698936675738,1.0418638115744097,0.9000506464520311
0.041,1451.5504810739776,1078.346861696388,1026.950678,1012.2505482616688,1062.4513974138608,1070.668884778249,924.3943063,1.4134568603634319,1.0500473730602942,1.0,0.9856856516547028,1.0345690598140498,1.0425708923659225,0.9001350562426914
0.042,1454.084494823673,1080.019397285047,1028.471332,1013.8856013429032,1064.3282908899073,1072.9667915099265,925.8534842106748,1.413830847376184,1.0501210521685664,1.0,0.9858180483954444,1.0348643251146132,1.0432636847770944,0.900222938066955
0.043,1456.577176606301,1081.6273351653565,1029.94934,1015.478187,1066.1579791975105,1075.2081632375057,927.2778423148555,1.41422215640849,1.0501752786844416,1.0,0.985949645834037,1.0351557477550406,1.043942766386457,0.9003140312851268
0.044,1459.0301435020413,1083.1741799291665,1031.386837,1017.0305903121262,1067.9426827888265,1077.3956431296856,928.6690530887572,1.4146294010750897,1.0502113669394895,1.0,0.986080638056588,1.035443389887694,1.0446086807385593,0.9004080910999228
0.045,1461.4449129126144,1084.6632118741677,1032.785805,1018.544916353334,1069.6844712001707,1079.5316948326292,930.0286663,1.4150513163885075,1.05023055760741,1.0,0.9862111886339626,1.0357273173406665,1.0452619406718406,0.900504888620153
0.046,1463.822911056367,1086.097501788642,1034.14809,1020.023110027112,1071.3852763320406,1081.6186182970614,931.3581209953408,1.4154867423836437,1.0502340160862667,1.0,0.9863414339692027,1.036007595712951,1.0459030275799877,0.9006042074644656
0.047,1466.1654805150476,1087.4799249111566,1035.475412,1021.466969891022,1073.046904305726,1083.6585639035436,932.6587564590154,1.4159346166252065,1.0502228370741424,1.0,0.9864714874475667,1.0362842920945436,1.0465323959846413,0.9007058454991256
0.048,1468.473886966288,1088.813174078174,1036.769376,1022.8781620169102,1074.671046075256,1085.6535451004086,933.9318213,1.416393964713603,1.050198047205991,1.0,0.9866014426113896,1.0365574745479906,1.0471504755368166,0.9008096139020217
0.049,1470.7493252127913,1090.0997720784153,1038.031482,1024.258232136788,1076.2592869478472,1087.6054497380244,935.1784818391316,1.4168638916221148,1.0501606078248167,1.0,0.9867313755873041,1.0368272115159674,1.047757672669531,0.9009153364378707
0.05,1472.9929246008037,1091.342083237823,1039.263134,1025.6086165190063,1077.8131151444877,1089.516050257189,936.3998295380152,1.417343573933417,1.0501114179210584,1.0,0.9868613472043032,1.037093571284602,1.0483543720672275,0.9010228486927307
0.051,1475.2057539055447,1092.5423242628922,1040.465648,1026.9306517206203,1079.3339295141946,1091.387012867647,937.5968874096288,1.4178322530313319,1.0500513172760626,1.0,0.9869914049489312,1.0373566216135128,1.0489409380939474,0.9011319972090311
0.052,1477.3888257492113,1093.7025743731572,1041.640258,1028.2255833435338,1080.8230465001252,1093.2199058342962,938.7706158882938,1.418329230655764,1.0499810908548404,1.0,0.9871215858321155,1.0376164306239066,1.0495177173099395,0.9012426398445651
0.053,1479.543100607283,1094.8247847557277,1042.788126,1029.4945739063187,1082.2817064427268,1095.0162069730122,939.921918,1.418833858688647,1.0499014684366743,1.0,0.9872519145910554,1.0378730630489812,1.050085036136106,0.9013546420071148
0.054,1481.6694904507576,1095.9107873760831,1043.910342,1030.7387099300397,1083.7110792940134,1096.7773104447008,941.0516441,1.4193455422733592,1.0498131336417809,1.0,0.9873824105959856,1.0381265858692044,1.0506432078672718,0.9014678811372482
0.055,1483.7688620652184,1096.962303180001,1045.007935,1031.9590083243238,1085.1122698076074,1098.504533,942.1605957427528,1.4198637277000372,1.0497167212227925,1.0,0.9875130836440239,1.0383770624742743,1.051192528026115,0.9015822408494465
0.056,1485.8420400820582,1097.980949721574,1046.081874,1033.156422150023,1086.486322261055,1100.1991192160265,943.2495299486328,1.4203879036738365,1.0496128238252735,1.0,0.9876439386139512,1.0386245563232606,1.0517332787816056,0.9016976141091542
0.057,1487.8898097524957,1098.9682482519047,1047.133074,1034.3318458255017,1087.834224759971,1101.8622473627129,944.3191621275035,1.420917595572476,1.0495019931458154,1.0,0.9877749748409739,1.0388691292163033,1.052265728895039,0.9018139008065592
0.058,1489.9129194910915,1099.925630302332,1048.162399,1035.4861198358485,1089.1569131675487,1103.4950333200818,945.3701693593176,1.4214523635960838,1.0493847435776331,1.0,0.9879061878424132,1.039110842181192,1.0527901347852888,0.9019310082686124
0.059,1491.9120832121198,1100.8544437950225,1049.170666,1036.6200349978171,1090.4552746977956,1105.098535222843,946.4031931283536,1.421991799389595,1.0492615543589954,1.0,0.9880375696643974,1.0393497550357509,1.0533067412531367,0.9020488503901363
0.06,1493.8879824793216,1101.7559587125272,1050.158649,1037.734336326619,1091.7301512063457,1106.673757294309,947.4188418440754,1.4225355225154381,1.0491328712682224,1.0,0.9881691088434954,1.0395859256560251,1.0538157814041953,0.9021673465682949
0.061,1495.8412684871273,1102.6313723565331,1051.127082,1038.8297265461442,1092.982342208807,1108.2216534314723,948.4176931350958,1.4230831781452733,1.0489991088979793,1.0,0.9883007909657724,1.0398194099700755,1.054317477314767,0.9022864212864946
0.062,1497.7725638893464,1103.4818142245504,1052.07666,1039.9068692790825,1094.2126076532013,1109.7431304977265,949.4002959420322,1.4236344373321108,1.048860654531154,1.0,0.9884326007945871,1.0400502636882005,1.0548120424016691,0.9024060052259236
0.063,1499.6824644895296,1104.3083505317388,1053.008042,1040.9663919495506,1095.4216704700784,1111.2390513513255,950.3671724291636,1.424188994455495,1.0487178696511217,1.0,0.9885645222351974,1.0402785418329012,1.0552996815111937,0.9025260344869841
0.064,1501.5715408056149,1105.1119884035325,1053.921855,1042.008888,1096.6102189213116,1112.7102376345963,951.3188197349664,1.424746563212331,1.0485710901246397,1.0,0.9886965367085969,1.040504297086914,1.055780589761654,0.9026464488061748
0.065,1503.4403395201427,1105.8936797631409,1054.818695,1043.0349214393718,1097.778909,1114.157472346184,952.2557115774836,1.4253068765719428,1.0484206290666294,1.0,0.9888286265530892,1.0407275811508063,1.0562549541712323,0.902767192211628
0.066,1505.2893848261049,1106.654324936499,1055.699131,1044.0450247715853,1098.928365262241,1115.5815022162428,953.1782997,1.4258696825867756,1.0482667764330091,1.0,0.988960769326981,1.0409484416467147,1.056722952077757,0.9028882109594158
0.067,1507.1191796774635,1107.3947759957236,1056.5637,1045.0397052817862,1100.0591850136452,1116.9830399023851,954.0870153767756,1.4264347522799274,1.0481098072891617,1.0,0.9890929484722845,1.0411669310744305,1.057184758384549,0.9030094592278494
0.068,1508.9302069524592,1108.115839860718,1057.412919,1046.0194447417744,1101.171937684172,1118.3627660223435,954.9822703679674,1.4270018644934477,1.047949972947813,1.0,0.9892251418026927,1.041383094435384,1.0576405356196934,0.9031308897484421
0.069,1510.7229305370015,1108.818281177177,1058.247277,1046.9847015251726,1102.267167583178,1119.7213310376849,955.8644583718268,1.4275708176823418,1.0477875117435118,1.0,0.9893573310136404,1.0415969797795928,1.0580904438629468,0.9032524620158573
0.07,1512.4977963347442,1109.502824987929,1059.067243,1047.9359121557643,1103.345395137614,1121.0593570014569,956.7339559451792,1.428141420038939,1.047622643719072,1.0,0.9894894956691285,1.0418086315390025,1.0585346345203286,0.9033741363155156
0.071,1514.2552332097914,1110.170159213343,1059.873263,1048.8734927294354,1104.407118259102,1122.3774391813745,957.5911235,1.4287134944074833,1.0474555760289455,1.0,0.9896216173625991,1.0420180948173443,1.0589732549762174,0.903495877223577
0.072,1515.995653867421,1110.8209369553094,1060.665766,1049.797840221545,1105.452813614985,1123.676147569021,958.4363063304336,1.4292868710042075,1.047286499256458,1.0,0.9897536753548288,1.0422254107284772,1.0594064441305073,0.9036176494551192
0.073,1517.7194556777222,1111.4557786382666,1061.445159,1050.7093336903415,1106.482937811319,1124.9560282845018,959.2698352,1.4298613949189645,1.0471155944461437,1.0,0.9898856523875685,1.042430622467344,1.0598343388219285,0.9037394226789252
0.074,1519.4270214465705,1112.0752739996703,1062.211834,1051.6083353860377,1107.4979284949989,1126.2176048851322,960.0920275831012,1.4304369173941727,1.0469430281264127,1.0,0.9900175292022191,1.0426337695038321,1.0602570681632344,0.9038611667200661
0.075,1521.118720137988,1112.6799839413793,1062.966164,1052.4951917739963,1108.498205381547,1127.461379585885,960.9031878306414,1.431013301885297,1.046768958058179,1.0,0.9901492892430359,1.0428348925145534,1.0606747587742456,0.9039828551218507
0.076,1522.7949075515537,1113.2704422525233,1063.708507,1053.3702344797784,1109.484171214484,1128.687834398643,961.7036083412822,1.4315904193023001,1.0465935309592511,1.0,0.9902809158221562,1.0430340303882555,1.061087531942285,0.9041044628416065
0.077,1524.4559269582232,1113.8471572136082,1064.439207,1054.2337811630714,1110.4562126616602,1129.897432196639,962.4935699708294,1.432168147258243,1.046416883076732,1.0,0.9904123920184307,1.0432312201195162,1.0614955037038947,0.9042259657867239
0.078,1526.1021096976149,1114.4106130908358,1065.158593,1055.086136326696,1111.4147011534392,1131.0906177098911,963.2733427,1.4327463719739382,1.0462391426164233,1.0,0.9905437023749345,1.0434264986053952,1.0618987868503174,0.9043473422929048
0.079,1527.7337757395626,1114.9612715289147,1065.866982,1055.927592066313,1112.359993667188,1132.2678184569193,964.0431861,1.4333249847677172,1.046060428137847,1.0,0.9906748308170344,1.043619900468207,1.0622974888783254,0.9044685710134888
0.08,1529.3512342124943,1115.499572849989,1066.564676,1056.7584287660502,1113.2924334621428,1133.4294456175792,964.80335,1.4339038865867093,1.0458808527519516,1.0,0.9908057640998137,1.0438114617084344,1.0626917158632574,0.9045896340936009
0.081,1530.954783900994,1116.0259372656951,1067.251966,1057.5789157445688,1114.212350768351,1134.575895,965.5540749,1.434482983094354,1.0457005213571986,1.0,0.9909364886984605,1.0440012164553378,1.0630815694369964,0.9047105141617514
0.082,1532.5447137146875,1116.5407660088238,1067.929133,1058.3893118557462,1115.1200634330892,1135.7075470654647,966.2955923755072,1.4350621837700979,1.0455195307503833,1.0,0.9910669904495865,1.044189196618807,1.06346714587237,0.904831193864909
0.083,1534.121303,1117.0444423905242,1068.596446,1059.1898660478837,1116.015877527856,1136.8247691355027,967.0281256620656,1.4356414048938357,1.0453379726012342,1.0,0.991197256937053,1.0443754344358507,1.0638485401957838,0.9049516581136613
0.084,1535.6848226097416,1117.5373327885443,1069.254163,1059.9808178846288,1116.9000879187806,1137.9279145835806,967.7518899006536,1.4362205692059966,1.0451559334153784,1.0,0.9913272770532376,1.0445599620441044,1.0642258444810755,0.9050718934639804
0.085,1537.2355339927542,1118.0197875715496,1069.902533,1060.762398,1117.7729788030567,1139.0173242154715,968.4670926072868,1.4367996023734568,1.0449734934607822,1.0,0.9914570395731553,1.0447428100472185,1.064599147196777,0.9051918868644148
0.086,1538.773690870917,1118.492141964169,1070.541797,1061.534828707001,1118.6348242137929,1140.093326720552,969.1739340130008,1.4373784332223667,1.044790726619494,1.0,0.9915865328021386,1.0449240070294918,1.064968532677059,0.9053116251312519
0.087,1540.2995389391792,1118.9547168570589,1071.172185,1062.298324111929,1119.4858884954815,1141.1562392368278,969.8726074,1.4379569974916586,1.0446077040891975,1.0,0.9917157474658747,1.0451035829458937,1.0653340846754977,0.9054310978024509
0.088,1541.8133163293917,1119.4078195659272,1071.79392,1063.053090820962,1120.326426752103,1142.206367883493,970.5632994,1.4385352329012946,1.0444244911987624,1.0,0.991844673667268,1.0452815656503285,1.065695882920751,0.9055502940341367
0.089,1543.3152539260027,1119.8517445431596,1072.407216,1063.7993281568342,1121.1566852697356,1143.2440082632322,971.2461904028314,1.439113082139129,1.0442411500363864,1.0,0.991973302944312,1.0454579832571134,1.0660540056112715,0.9056692046753547
0.09,1544.8055756651952,1120.2867740454094,1073.01228,1064.5372285380872,1121.9769019153782,1144.269445936298,971.9214546207222,1.4396904904622296,1.0440577381326983,1.0,0.9921016267754991,1.045632862575793,1.0664085279026798,0.9057878206395944
0.091,1546.2844988185018,1120.7131787602375,1073.609312,1065.2669778059644,1122.787306513581,1145.2829568682434,972.5892605758272,1.440267405969092,1.0438743090561395,1.0,0.9922296368885858,1.0458062294765014,1.0667595223580209,0.9059061333624379
0.092,1547.752234261871,1121.131218394672,1074.198504,1065.9887555313617,1123.5881212023337,1146.2848078530492,973.2497712432524,1.440843781199188,1.043690913941798,1.0,0.9923573264735823,1.0459781102081425,1.0671070603660506,0.9060241357804502
0.093,1549.2089867310767,1121.541142228314,1074.780042,1066.702735,1124.3795607695745,1147.275256913238,973.9031443119748,1.4414195706948907,1.0435076000679158,1.0,0.9924846883228596,1.0461485297747781,1.0674512105549854,0.9061418208880127
0.094,1550.6549550643017,1121.9431896334372,1075.354107,1067.4090850004068,1125.161832971556,1148.2545536784678,974.5495324117946,1.4419947298944027,1.0433244103780943,1.0,0.9926117155754784,1.0463175112712484,1.0677920381797246,0.9062591811087903
0.095,1552.0903324326737,1122.3375905643225,1075.920871,1068.1079670466352,1125.935138834242,1149.2229397439726,975.1890833,1.4425692207179739,1.043141387824535,1.0,0.9927384028287292,1.046485080067047,1.0681296094533819,0.9063762118431848
0.096,1553.515306559464,1122.7245660179194,1076.480502,1068.7995386520852,1126.6996729387904,1150.1806490101194,975.8219401998213,1.4431430050736433,1.0429585709467124,1.0,0.9928647445693218,1.0466512592150885,1.0684639869214458,0.9064929075694688
0.097,1554.9300599286269,1123.104328,1077.033164,1069.4839520403475,1127.4556236921264,1151.1279080042652,976.4482417231776,1.4437160450600823,1.0427759938504548,1.0,0.9929907339792441,1.0468160697158686,1.068795229785761,0.906609261776806
0.098,1556.3347699832948,1123.4770822728472,1077.579012,1070.1613546629887,1128.203173583527,1152.0649361860053,977.0681223227292,1.4442883098611194,1.0425936936055018,1.0,0.9931163680301791,1.0469795356254832,1.0691233991721485,0.9067252715968166
0.099,1557.7296093148148,1123.8430240633652,1078.118198,1070.831889402274,1128.9424994280675,1152.991946,977.6817123309592,1.4448597678849449,1.0424117004500886,1.0,0.9932416421397556,1.0471416784563612,1.0694485522449184,0.9068409327888548
0.1,1559.1147458428663,1124.202343104402,1078.65087,1071.495694762867,1129.673772597739,1153.9091443351315,978.2891382,1.4454303882801915,1.042230043447146,1.0,0.9933665512761021,1.0473025183744014,1.0697707445738505,0.9069562408084834
0.11,1572.466380355857,1127.468288859812,1083.64853,1077.79131,1136.5778260013676,1162.5826640334444,984.0496570010436,1.4510852336558395,1.0404372429313515,1.0,0.9945949080002906,1.0488436006104005,1.0728410843997958,0.908089320253167
0.12,1585.0034797610874,1130.236594597045,1088.126956,1083.539765215297,1142.8319448434731,1170.4621166879317,989.3087922299746,1.4566346978367544,1.038699196233353,1.0,0.9957843239160568,1.0502744542278144,1.075666869783834,0.9091850787951389
0.13,1596.8377990900372,1132.614906,1092.176924,1088.828743674094,1148.543967216622,1177.6776698797828,994.1468814408872,1.4620687948997877,1.0370251203000147,1.0,0.9969343974842065,1.0516098097093853,1.078284702781161,0.9102434409618484
0.14,1608.0585135637516,1134.6816667253513,1095.867843,1093.726357,1153.7972282196763,1184.330115143102,998.6263769,1.4673836118428303,1.0354183435286286,1.0,0.998045853782754,1.0528616526068428,1.0807234856905112,0.9112653348474976
0.15,1618.738041854908,1136.4954337261763,1099.253898,1098.2865949338811,1158.6574249598298,1190.499063408561,1002.7967899831128,1.4725788508005893,1.033878920778843,1.0,0.9991200367195616,1.054039860188724,1.0830064515346034,0.9122522028874469
0.16,1628.936085,1138.1008332086544,1102.378154,1102.552984417358,1163.1772410661945,1196.248473162151,1006.698036507354,1.477656355116776,1.0324051044362899,1.0,1.0001585938697384,1.055152659589256,1.0851525575153504,0.9132057206091495
0.17,1638.7025010147777,1139.5324895759145,1105.27537,1106.5611346473452,1167.3995530067914,1201.630488441608,1010.3627667565596,1.482619214625924,1.030994194302832,1.0,1.0011632980180722,1.0562069731154793,1.0871774772666905,0.9141276411113364
0.18,1648.079406664192,1140.8176922703644,1107.97398,1110.3405483554088,1171.3597090668693,1206.6881704371642,1013.818028298323,1.4874712190120132,1.0296430357239656,1.0,1.0021359421774587,1.057208680177552,1.089094321905614,0.9150197085840618
0.19,1657.1027330851434,1141.9782498789418,1110.49752,1113.9159434328612,1175.0871846666212,1211.4574841763726,1017.0864788349136,1.4922165094840947,1.0283483117359342,1.0,1.0030782810148566,1.058162817569031,1.0909141734745817,0.9158836111897969
0.2,1665.8034092440143,1143.0318071603233,1112.865683,1117.308234953547,1178.606807815545,1215.968771191827,1020.1872876277776,1.4968593557071832,1.0271067071445703,1.0,1.003991992943453,1.0590737281414984,1.0926464799542452,0.9167209513349488
0.21,1674.2082699947382,1143.9927985201707,1115.095099,1120.5352774424755,1181.9396817884774,1220.2478597308277,1023.1368167998736,1.5014040250882121,1.0259150089943772,1.0,1.0048786677004986,1.0599451857051678,1.0942993658793112,0.9175332379430301
0.22,1682.340764686173,1144.873150116753,1117.199931,1123.6124344087077,1185.1038903892286,1224.3169144107358,1025.9491440262063,1.5058546979861682,1.0247701582759523,1.0,1.005739799323983,1.0607804901388134,1.0958798693398197,0.9183218827339923
0.23,1690.2215168504754,1145.682804826945,1119.192335,1126.5530212547674,1188.1150443855038,1228.1950953206106,1028.6364689595648,1.510215415164075,1.0236692738133746,1.0,1.0065767840116304,1.0615825423656997,1.0973941269179712,0.9190882002954075
0.24,1697.8687713188915,1146.43012,1121.082817,1129.3686539164046,1190.9867100986094,1231.8990755867462,1031.2094331077533,1.5144900497738085,1.022609661494794,1.0,1.0073909231242857,1.0623539064541825,1.0988475221512082,0.9198334123675658
0.25,1705.2987551088072,1147.1221741065692,1122.880515,1132.0695263320886,1193.7307493197222,1235.4434523259204,1033.6773743782542,1.5186822928428918,1.0215888144666658,1.0,1.008183427541343,1.0630968597043668,1.1002448041641548,0.9205586530088236
0.26,1712.5259714629383,1147.765001731973,1124.593422,1134.6646334957768,1196.3575916456214,1238.8410762622073,1036.0485316768172,1.5227956503758906,1.0206044062491173,1.0,1.0089554245105454,1.0638134353640398,1.1015901854192132,0.921264975776123
0.27,1719.5634414939268,1148.3637820058427,1126.22857,1137.161952417904,1198.8764547049716,1242.1033185638742,1038.3302108773496,1.5268334397642982,1.019654280308164,1.0,1.0097079604523833,1.0645054535465848,1.10288741703993,0.9219533570146863
0.28,1726.4229043475634,1148.922985,1127.792174,1139.5685901811012,1201.2955237722515,1245.240288703067,1040.5289205972804,1.5307987979951734,1.0187364405314627,1.0,1.0104420091330597,1.0651745520733251,1.1041398560929074,0.9226247038998165
0.29,1733.1149842193786,1149.4464898406302,1129.289751,1141.8909060197402,1203.6220994164992,1248.2610137289505,1042.6504841399146,1.5346946899010496,1.0178490408000083,1.0,1.0111584781572505,1.0658222111293199,1.1053505202040486,0.9232798608299019
0.3,1739.6493306573348,1149.9376798591336,1130.726223,1144.1346127073411,1205.862719760974,1251.1735868633991,1044.7001324538724,1.538523910802885,1.0169903699660936,1.0,1.0118582106212826,1.066449769389468,1.106522128357325,0.9239196113114929
0.31,1746.034737163856,1150.3995197196548,1132.105996,1146.3048613233111,1208.023262406307,1253.9852915012898,1046.6825818460784,1.54228909954811,1.0161588435926407,1.0,1.0125419928641657,1.067058443886474,1.1076571415856098,0.9245446853424124
0.32,1752.279242039517,1150.8346186347048,1133.433028,1148.4063125650357,1210.1090299361626,1256.702705337018,1048.602099354146,1.5459927483598237,1.0153529941380046,1.0,1.0132105595965002,1.067649344991703,1.108757795380759,0.9251557643458279
0.33,1758.390214594652,1151.2452823819865,1134.710888,1150.4431970895894,1212.1248220721875,1259.331788315203,1050.4625580578577,1.54963720996273,1.0145714600581028,1.0,1.0138645969259346,1.0682234874899583,1.1098261254325807,0.925753484140233
0.34,1764.3744292274405,1151.6335564191768,1135.942807,1152.4193668498338,1214.074997,1261.877957325716,1052.2674841313274,1.553224703175959,1.0138129748456401,1.0,1.0145047442074553,1.0687817991526751,1.110863988529764,0.9263384368006544
0.35,1770.2381293799788,1152.0012618234682,1137.131713,1154.338338991387,1215.963523075775,1264.3461499667376,1054.0200970743315,1.5567573299927646,1.013076364552563,1.0,1.0151316033091649,1.069325135491824,1.111873088677756,0.9269111792631286
0.36,1775.987083002855,1152.3500254149508,1138.280273,1156.2033335675296,1217.7940245972616,1266.7408792382903,1055.7233442756697,1.5602370744088743,1.012360534350533,1.0,1.0157457359076358,1.069854282362022,1.1128549877261118,0.927472230976342
0.37,1781.6266308584145,1152.6813051359206,1139.39092,1158.0173060884918,1219.569819309802,1269.066280669119,1057.379931,1.5636658144146123,1.0116644646737405,1.0,1.0163476694096278,1.0703699651299676,1.1138111234633314,0.9280220795510639
0.38,1787.1617287544734,1152.9964115377272,1140.465878,1159.782975731352,1221.2939522271793,1271.3261530973498,1058.992345434148,1.5670453305350653,1.0109872060001495,1.0,1.0169379006456798,1.0708728562479441,1.114742823631721,0.9285611835149952
0.39,1792.5969846096298,1153.2965260560927,1141.507189,1161.5028498870597,1222.9692244471826,1273.5239941019795,1060.5628827842884,1.570377306322536,1.0103278693027073,1.0,1.0175168944004431,1.071363576359555,1.115651312908183,0.9290899724542063
0.4,1797.936691098023,1153.5827166227716,1142.516727,1163.179245600637,1224.5982183518304,1275.6630309043333,1062.0936633127858,1.573663342171815,1.009685625917993,1.0,1.0180850906707444,1.0718427042791387,1.1165377282956255,0.9296088522936661
0.41,1803.184854,1153.855951056929,1143.49622,1164.8143083650357,1226.1833196478242,1277.7462474160905,1063.5866503594443,1.5769049538266073,1.009059698559326,1.0,1.0186429023482348,1.0723107765479314,1.1174031230431969,0.9301182039407566
0.42,1808.3452202626377,1154.1171085970784,1144.447261,1166.4100286510438,1227.726736709824,1279.776407995579,1065.043665,1.5801035852735879,1.0084493606010547,1.0,1.0191907206207589,1.0727682948334865,1.1182484782018967,0.9306183878402413
0.43,1813.4212957667648,1154.3669898687842,1145.371325,1167.968256492968,1229.2305176121438,1281.7560783808628,1066.4664010239649,1.5832606039502208,1.0078539288285258,1.0,1.0197289132351623,1.073215725574537,1.1190747056469768,0.9311097438413388
0.44,1818.4163705785097,1154.606325530856,1146.269778,1169.4907143980745,1230.696565171764,1283.6876441922684,1067.8564335266128,1.5863773131585692,1.0072727622160653,1.0,1.0202578283435075,1.0736535053022778,1.119882656622103,0.931592591920026
0.45,1823.333534595533,1154.835783800569,1147.143887,1170.979008805909,1232.1266502742296,1285.5733273347564,1069.215232637478,1.5894549543945162,1.006705258937207,1.0,1.0207777961213238,1.0740820434448515,1.1206731273238755,0.9320672365117856
0.46,1828.175694300818,1155.0559770243335,1147.99483,1172.4346402886513,1233.522423711774,1287.4152005794065,1070.544171247224,1.5924947103645213,1.0061508526343568,1.0,1.0212891292277433,1.074501723768019,1.121446862769762,0.9325339655468866
0.47,1832.945587373306,1155.267467432534,1148.823705,1173.859012654793,1234.8854267281229,1289.2152005609128,1071.8445336678417,1.5954977072598844,1.0056090089406138,1.0,1.0217921231480795,1.0749129055690254,1.1222045601513009,0.9329930510685638
0.48,1837.6457958505807,1155.4707721946372,1149.631535,1175.2534410949663,1236.217100435455,1290.9751393928564,1073.1175230930676,1.598465021099635,1.005079224966317,1.0,1.0222870592141216,1.075315927581488,1.1229468747939804,0.9334447520118414
0.49,1842.2787580140784,1155.666367872132,1150.419276,1176.6191594879638,1237.5187942448729,1292.6967150731766,1074.364268289239,1.6013976786095492,1.0045610256900215,1.0,1.022774204183244,1.0757111081689428,1.1236744220488675,0.9338893138376437
0.5,1846.8467791441933,1155.8546943515787,1151.187822,1177.9573269691828,1238.791773431515,1294.381520827727,1075.585829609714,1.6042966611092184,1.0040539625788176,1.0,1.023253811808637,1.0760987475348005,1.124387781117204,0.9343269699822397
0.51,1851.352041,1156.0361583274332,1151.938011,1179.269033848752,1240.0372259384724,1296.031053519138,1076.7832044147071,1.6071629057477124,1.0035576109897404,1.0,1.023726122923078,1.0764791283013513,1.1250874970208253,0.9347579419485856
0.52,1855.7966120461183,1156.2111363938068,1152.670628,1180.5553069552625,1241.2562685093694,1297.6467212308128,1077.9573319638148,1.6099973114315516,1.003071569889787,1.0,1.0241913676621093,1.0768525182801565,1.1257740847290962,0.9351824413485573
0.53,1860.182452789388,1156.379977795593,1153.38641,1181.817114470723,1242.4499522273331,1299.2298501211203,1079.1090978434077,1.6128007376030968,1.0025954595698705,1.0,1.0246497654422015,1.0772191708304706,1.1264480306483933,0.9356006698946692
0.54,1864.511425867198,1156.5430068820765,1154.086051,1183.0553703137848,1243.6192675278214,1300.7816906303296,1080.2393379796413,1.6155740070262734,1.002128919139043,1.0,1.0251015245255615,1.0775793247394698,1.1271097935056227,0.9360128190126105
0.55,1868.7853014046964,1156.700525299999,1154.770204,1184.2709381208915,1244.7651487439946,1302.3034231121478,1081.348842283478,1.6183179085600103,1.0016716064315763,1.0,1.025546843881756,1.0779332064788838,1.1277598076232904,0.936419071550168
0.56,1873.0057634404573,1156.8528139578932,1155.439483,1185.4646348689057,1245.8884782358452,1303.7961629526071,1082.4383579674177,1.621033200784655,1.0012231977344443,1.0,1.0259859147196078,1.0782810320805396,1.128398485715073,0.9368196031842003
0.57,1877.174415566775,1157.000134789109,1156.094469,1186.637234177244,1246.9900901478795,1305.260965231194,1083.5085925682215,1.6237206092599819,1.0007833838958615,1.0,1.0264189181734111,1.0786230049405068,1.1290262173472903,0.9372145803149081
0.58,1881.2927861084816,1157.142732337278,1156.73571,1187.7894693229027,1248.0707738346318,1306.6988289724056,1084.5602167076431,1.626380831718666,1.0003518715068267,1.0,1.0268460280550193,1.0789593189222384,1.129643372877635,0.937604162585802
0.59,1885.3623328853164,1157.2808351847768,1157.363723,1188.922035997908,1249.131276988537,1308.1107010301018,1085.593867,1.6290145400430152,0.999928382224554,1.0,1.027267411593052,1.0792901593205864,1.1302503050979955,0.9379885038957628
0.6,1889.384447597787,1157.4146572421002,1157.978998,1190.035594835099,1250.1723085005808,1309.4974796419929,1086.6101464449894,1.631622379042307,0.9995126502649232,1.0,1.0276832281850234,1.07961570171809,1.1308473486165875,0.9383677496066205
0.61,1893.360459872036,1157.5443989137252,1158.582,1191.1307737252064,1251.1945410805954,1310.8600176872696,1087.6096303879167,1.6342049676863923,0.99910442153747,1.0,1.0280936297346293,1.0799361124897464,1.1314348209166631,0.9387420401731743
0.62,1897.291640995356,1157.6702481540956,1159.173169,1192.2081699456394,1252.198613660952,1312.1991256765798,1088.592864628823,1.636762902847483,0.9987034544224304,1.0,1.0284987625913893,1.0802515509750832,1.1320130251190967,0.9391115096012226
0.63,1901.1792073705824,1157.792381425656,1159.752922,1193.2683521189974,1253.1851336047464,1313.5155745002708,1089.5603691349388,1.6392967599443415,0.9983095187456282,1.0,1.0288987675592143,1.080562169607318,1.1325822505668763,0.9394762871181099
0.64,1905.0243237146483,1157.9109645694025,1160.321654,1194.3118620174137,1254.1546787371858,1314.8100979579408,1090.512639308232,1.6418070947374117,0.9979223955510206,1.0,1.0292937806514586,1.0808681148142958,1.1331427741828048,0.9398364975340122
0.65,1908.828106023904,1158.0261535971572,1160.879744,1195.3392162270684,1255.1077992168607,1316.0833950898125,1091.4501475088182,1.644294437808628,0.9975418725172942,1.0,1.0296839292830906,1.0811695231171685,1.1336948567601266,0.9401922577682759
0.66,1912.5916243265387,1158.138095413682,1161.427549,1196.3509076857008,1256.0450192617625,1317.3361323282456,1092.3733444622485,1.646759305798539,0.9971677496464156,1.0,1.0300693389921483,1.0814665282765412,1.1342387508049765,0.940543682989776
0.67,1916.3159052403623,1158.246928475792,1161.96541,1197.3474071045057,1256.966838743334,1318.5689454857586,1093.2826605606242,1.6492021954770257,0.9967998345800947,1.0,1.0304501294100534,1.0817592571394479,1.1347746965081849,0.9408908829399871
0.68,1920.001934,1158.3527833948087,1162.493651,1198.3291642847762,1257.8737346604485,1319.782441594214,1094.1785070679034,1.6516235872328218,0.9964379438961846,1.0,1.030826416345543,1.082047831898609,1.1353029244150377,0.9412339638385719
0.69,1923.650658435081,1158.4557834879747,1163.012584,1199.2966093384748,1258.7661625039732,1320.9772006083233,1095.0612772364984,1.6540239417006006,0.9960818992204256,1.0,1.0311983084599838,1.082332366666785,1.1358236521096174,0.9415730253495678
0.7,1927.2629875126363,1158.5560452838129,1163.522502,1200.2501538209472,1259.644557521498,1322.1537769852848,1095.9313473443035,1.6564037087377588,0.9957315335907555,1.0,1.0315659145034284,1.0826129751304956,1.136337092503678,0.9419081671909972
0.71,1930.839796789479,1158.6536789858746,1164.023688,1201.1901917834257,1260.5093358908443,1323.3127011511892,1096.789077657566,1.6587633195910347,0.9953866840774074,1.0,1.0319293362897832,1.0828897632286365,1.136843446394872,0.9422394827222502
0.72,1934.3819284519225,1158.7487888988276,1164.516412,1202.117100751908,1261.360895810111,1324.4544808637793,1097.634813326702,1.6611031914352468,0.9950471946623176,1.0,1.0322886722457871,1.0831628329254592,1.137342906648343,0.9425670621864126
0.73,1937.890193,1158.841473820415,1165.00093,1203.031242638499,1262.1996185112653,1325.5796024802162,1098.4688852202962,1.6634237304857775,0.9947129173711605,1.0,1.0326440191240869,1.0834322840508508,1.1378356603373838,0.942890994276113
0.74,1941.365372589518,1158.9318274024477,1165.477489,1203.932965,1263.0258692036027,1326.6885321376749,1099.2916107024066,1.665725327955706,0.9943837082574896,1.0,1.032995468692403,1.083698210496799,1.1383218849434806,0.9432113627914152
0.75,1944.8082189795928,1159.0199384836408,1165.946324,1204.822599784704,1263.8399979528067,1327.7817168538509,1100.1032943574828,1.6680083627757059,0.9940594302037876,1.0,1.0333431093562966,1.0839607037972072,1.1388017522956322,0.9435282497253988
0.76,1948.219458448176,1159.1058913968511,1166.407661,1205.7004681635226,1264.6423405007936,1328.8595855538017,1100.9042286677286,1.6702732017191166,0.9937399505787806,1.0,1.033687027681073,1.0842198510738292,1.1392754265815832,0.9438417334501104
0.77,1951.5997913274448,1159.1897662529732,1166.861716,1206.5668771304336,1265.433219031056,1329.9225500289476,1101.694695,1.6725202006091398,0.9934251422925022,1.0,1.0340273063945769,1.084475736652805,1.139743066203183,0.9441518904027527
0.78,1954.9498935783088,1159.271639203549,1167.308697,1207.422122195072,1266.212943,1330.971005833536,1102.4749624255928,1.6747497029727938,0.9931148822782643,1.0,1.034364024956007,1.0847284409464142,1.1402048226438735,0.9444587924847723
0.79,1958.270417938762,1159.3515826839405,1167.748802,1208.2664875794217,1266.981809224631,1332.0053331233846,1103.245291819505,1.676962044049917,0.9928090533668905,1.0,1.0346972615257897,1.0849780424134667,1.140660843189959,0.9447625122200767
0.8,1961.561995004348,1159.429665638717,1168.182222,1209.1002467854996,1267.7401036707536,1333.025897441304,1104.0059328346397,1.6791575475665372,0.9925075418916255,1.0,1.0350270908210242,1.0852246163276689,1.1411112687189175,0.9450631177595851
0.81,1964.825234245521,1159.5059537307752,1168.60914,1209.9236631278543,1268.4881008772186,1334.0330504532094,1104.7571261617122,1.681336528178721,0.992210238686628,1.0,1.0353535854835556,1.0854682352366494,1.1415562353493225,0.9453606756504679
0.82,1968.0607249663367,1159.580509535533,1169.029732,1210.736990233352,1269.2260650868725,1335.027130638577,1105.499103631766,1.6834992909883808,0.9919170383730952,1.0,1.0356768156460814,1.0857089690229302,1.1419958740951655,0.9456552501367571
0.83,1971.2690372085208,1159.6533927214448,1169.444167,1211.5404725107292,1269.9542506462835,1336.0084639386075,1106.2320886460366,1.6856461324403875,0.9916278394857688,1.0,1.0359968493568357,1.085946885266121,1.1424303114580479,0.9459469035480994
0.84,1974.4507226046449,1159.7246602179414,1169.852609,1212.334345591953,1270.6729024902631,1336.9773643651467,1106.9562965794466,1.6877773382857368,0.9913425428945992,1.0,1.0363137512068865,1.086182047819208,1.1428596680294678,0.9462356950468165
0.85,1977.6063151838464,1159.794366371813,1170.255212,1213.118836747621,1271.3822565972168,1337.9341345731912,1107.6719351607608,1.6898931915919946,0.9910610561517526,1.0,1.036627587134917,1.0864145218583456,1.1432840638980133,0.9465216850157987
0.86,1980.7363321332605,1159.862563092955,1170.652128,1213.894165277874,1272.082540417408,1338.8790663995442,1108.3792048301548,1.691993961961397,0.9907832868117036,1.0,1.0369384176935217,1.086644366837394,1.1437036113255536,0.9468049289106617
0.87,1983.841274518071,1159.9292999903107,1171.043503,1214.6605428809416,1272.773973276032,1339.8124413699993,1109.078299076471,1.6940799120065404,0.9905091459188179,1.0,1.0372463019257634,1.0868716405628116,1.1441184191173461,0.9470854807999998
0.88,1986.921627962896,1159.9946244987789,1171.429475,1215.4181740004497,1273.456766752865,1340.734531177223,1109.769404754799,1.6961513009247922,0.9902385497844665,1.0,1.037551299450144,1.0870964013884532,1.1445285950118536,0.9473633952695267
0.89,1989.9778632969765,1160.0585819977769,1171.810179,1216.1672561532032,1274.1311250400836,1341.6455981313466,1110.4527023862463,1.6982083779091122,0.9899714158378008,1.0,1.0378534663276748,1.0873187038940062,1.144934241206439,0.9476387236488123
0.9,1993.010437165498,1160.121215922095,1172.185746,1216.9079802386696,1274.7972452797494,1342.5458955851072,1111.1283664413495,1.7002513841910323,0.9897076635515536,1.0,1.0381528562271645,1.08753860011513,1.145335455721458,0.9479115150759984
0.91,1996.0197926091564,1160.182567865626,1172.5563,1217.640530831326,1275.455317882324,1343.4356683352464,1111.7965656070155,1.7022805579648128,0.9894472170467431,1.0,1.03844952334598,1.087756142611083,1.1457323356970122,0.9481818191646879
0.92,1999.006359613962,1160.242677678494,1172.921963,1218.365086457059,1276.105526827473,1344.315153001733,1112.457463039842,1.704296127681908,0.9891900009365703,1.0,1.038743518231024,1.087971380093829,1.1461249728527192,0.9484496821889948
0.93,2001.9705556331105,1160.3015835580748,1173.28285,1219.0818198546112,1276.74805,1345.1845783862611,1113.1112166048842,1.7062983198238264,0.9889359446088168,1.0,1.039034892442697,1.0881843623641134,1.1465134586994612,0.9487151513421374
0.94,2004.912786082623,1160.3593221343476,1173.639075,1219.7908982230947,1277.3830592002869,1346.0441658113707,1113.7579791023743,1.7082873506768874,0.9886849772229572,1.0,1.0393236934643597,1.0883951347651635,1.1468978789849602,0.9489782700890171
0.95,2007.8334448123403,1160.4159285499911,1173.990747,1220.4924834563571,1278.0107209153225,1346.8941294414265,1114.397898481751,1.7102634326063733,0.9884370311395573,1.0,1.0396099684560436,1.0886037425602662,1.1472783178941242,0.9492390815936738
0.96,2010.732914553742,1160.4714365355971,1174.33797,1221.186732365131,1278.6311960427756,1347.7346765866048,1115.0311180449207,1.7122267745066115,0.9881920419686312,1.0,1.039893764454479,1.0888102307062213,1.1476548583254995,0.9494976289022833
0.97,2013.611567345956,1160.5258784803436,1174.680847,1221.8737968876158,1279.244640377428,1348.566007990963,1115.657776639273,1.7141775763931868,0.9879499452504,1.0,1.0401751250206734,1.089014640567667,1.1480275782439509,0.9497539518827899
0.98,2016.4697649412387,1160.5792854984509,1175.019475,1222.553824289338,1279.8512047756828,1349.388318105567,1116.2780088397558,1.716116037090567,0.9877106807088886,1.0,1.040454094847524,1.08921701470155,1.1483965558150147,0.9500080914316383
0.99,2019.307859191113,1160.6316874917077,1175.353951,1223.2269573528174,1280.451035,1350.2017953476056,1116.8919451230322,1.7180423458593648,0.9874741872473679,1.0,1.0407307146175726,1.0894173911701939,1.1487618637763064,0.950260084779374
1.0,2022.126192414268,1160.6831132083364,1175.684365,1223.8933345577095,1281.0442737163253,1351.0066223463411,1117.4997120318003,1.7199566929804904,0.9872404088731216,1.0,1.0410050273635385,1.0896158117372985,1.1491235765020495,0.9505099712981215
1.01,2024.925097747258,1160.73359,1176.010808,1224.5530902519895,1281.6310570729738,1351.8029761766866,1118.1014323314305,1.7218592584118988,0.9870092877581785,1.0,1.0412770715386057,1.0898123115489036,1.1494817623960873,0.9507577861745558
1.02,2027.704899478971,1160.7831453663246,1176.333365,1225.2063548147926,1282.2115184818545,1352.5910285811517,1118.6972251592088,1.7237502223521228,0.9867807714238596,1.0,1.0415468873611289,1.0900069288452552,1.1498364909348224,0.9510035662035385
1.03,2030.4659133697587,1160.8318040197016,1176.652121,1225.853254811096,1282.7857869822851,1353.3709461808412,1119.287206165318,1.7256297567747796,0.9865548051986229,1.0,1.041814511641114,1.0901996980144695,1.1501878269939745,0.9512473450641218
1.04,2033.2084469560843,1160.8795909163166,1176.967155,1226.493913139209,1283.3539877600963,1354.1428906761498,1119.8714876477025,1.7274980345191402,0.9863313398208776,1.0,1.042079983225368,1.0903906555999825,1.1505358368952527,0.9514891582915094
1.05,2035.9327998414687,1160.926529807833,1177.278548,1227.1284491709955,1283.9162422984311,1354.9070190377463,1120.4501786812907,1.7293552178455804,0.9861103234914572,1.0,1.0423433360402958,1.0905798330221772,1.1508805807593347,0.9517290369256696
1.06,2038.639263974485,1160.972643581351,1177.586374,1227.7569788855471,1284.472668521275,1355.6634836884075,1121.023385238659,1.7312014719138429,0.9858917096992079,1.0,1.0426046071806425,1.0907672650441818,1.1512221214682699,0.9519670148957236
1.07,2041.328123914478,1161.017954298642,1177.890709,1228.3796149965274,1285.0233809301278,1356.412432676221,1121.5912103079029,1.7330369518302042,0.9856754497064651,1.0,1.0428638290554064,1.0909529815555474,1.1515605160242597,0.952203121849994
1.08,2043.999657085685,1161.0624832332635,1178.191623,1228.996467073703,1285.5684907342063,1357.154009839641,1122.1537540028803,1.7348618146521018,0.9854614992736742,1.0,1.0431210365800598,1.0911370150984399,1.1518958235197376,0.9524373897223681
1.09,2046.6541340203407,1161.1062509056735,1178.489186,1229.6076416587457,1286.1081059745409,1357.888354964858,1122.7111136696767,1.7366762108077085,0.9852498136590229,1.0,1.043376261968301,1.0913193954200109,1.152228099414107,0.9526698479774397
1.1,2049.291818591357,1161.1492771164792,1178.783465,1230.2132423758085,1286.6423316423045,1358.6156039358968,1123.2633839870105,1.7384802887367925,0.9850403501515685,1.0,1.043629537487454,1.0915001523560601,1.1525573986023776,0.9529005261258991
1.11,2051.912968235112,1161.1915809779332,1179.074527,1230.8133700371327,1287.1712697916923,1359.3358888778553,1123.8106570638483,1.7402741906874495,0.9848330655844397,1.0,1.0438808928972245,1.0916793131531137,1.1528837726114791,0.9531294513869591
1.12,2054.517834,1161.233180943782,1179.362435,1231.408122743851,1287.6950196476544,1360.0493382936404,1124.3530225305003,1.7420580586832073,0.9846279196978001,1.0,1.0441303590815583,1.0918569062678805,1.1532072736347927,0.9533566520036737
1.13,2057.1066615751306,1161.2740948375676,1179.647251,1231.9975959823496,1288.2136777087471,1360.7560771945664,1124.8905676274444,1.743832031000198,0.9844248726499746,1.0,1.044377965479063,1.092032958680414,1.1535279517169545,0.9535821548974596
1.14,2059.6796898379425,1161.314339879478,1179.929035,1232.5818827164185,1288.7273378453804,1361.4562272251324,1125.4233772893203,1.7455962424366838,0.9842238858707955,1.0,1.0446237410510186,1.0922074969071172,1.1538458558443154,0.953805986551827
1.15,2062.237152690588,1161.3539327118274,1180.207845,1233.1610734752903,1289.236091393696,1362.1499067822908,1125.9515342256054,1.7473508258967625,0.9840249220778798,1.0,1.0448677143603382,1.0923805470838028,1.1541610340526849,0.954028173084721
1.16,2064.779278416064,1161.392889423253,1180.483738,1233.7352564379398,1289.7400272453085,1362.8372311294982,1126.475118997274,1.749095910388614,0.9838279444585226,1.0,1.0451099127618309,1.0925521341195372,1.15447353255238,0.9542487395089165
1.17,2067.306290016121,1161.4312255717005,1180.756769,1234.3045175138031,1290.239231933128,1363.5183125058113,1126.9942100911285,1.7508316228133525,0.9836329175189343,1.0,1.0453503633598928,1.0927222826982819,1.154783396804572,0.9544677106069831
1.18,2069.8184053773984,1161.4689562062672,1181.026993,1234.8689404199176,1290.7337897134662,1364.193260230296,1127.508883989998,1.752558085162579,0.9834398054323448,1.0,1.0455890913070076,1.0928910155006646,1.1550906696594834,0.954685109377511
1.19,2072.3158374309883,1161.5060958879733,1181.294462,1235.428606754962,1291.2237826446135,1364.8621808019757,1128.0192152405507,1.7542754191215264,0.9832485745522552,1.0,1.0458261225260548,1.0930583560499358,1.1553953943804873,0.9549009595209214
1.2,2074.798794305715,1161.5426587095185,1181.559225,1235.9835960701166,1291.7092906620733,1365.5251779955547,1128.525276518194,1.7559837462279686,0.9830591934225883,1.0,1.046061483773796,1.0932243287779952,1.1556976147307003,0.9551152854975966
1.21,2077.267479475446,1161.5786583140796,1181.821334,1236.5339859370142,1292.1903916506174,1366.1823529531252,1129.0271386887762,1.7576831791017966,0.9828716277972349,1.0,1.0462951973898063,1.0933889535375552,1.155997369187046,0.9553281077330562
1.22,2079.722091900709,1161.6141079132128,1182.080836,1237.0798520128735,1292.6671615133223,1366.8338042720563,1129.5248708688305,1.7593738334665878,0.9826858473096951,1.0,1.0465272884373817,1.0935522530654767,1.1562946988441458,0.95553944913868
1.23,2082.1628261648666,1161.649020303896,1182.337778,1237.6212681029938,1293.1396742377406,1367.479628089258,1130.0185404819786,1.7610558208560148,0.9825018213229213,1.0,1.0467577803328836,1.0937142484148388,1.1565896425997968,0.9557493311204833
1.24,2084.589872605128,1161.683407884772,1182.592205,1238.1583062206992,1293.6080019593403,1368.1199181619938,1130.5082133142278,1.762729251716257,0.9823195206032768,1.0,1.046986696670049,1.0938749608613736,1.1568822391840423,0.955957775245295
1.25,2087.003417438604,1161.717282671627,1182.844164,1238.6910366449229,1294.0722150223585,1368.754765945414,1130.9939535664744,1.7643942295670014,0.9821389140079714,1.0,1.0472140577301972,1.094034408257315,1.1571725233159402,0.9561648000543158
1.26,2089.4036428836525,1161.7506563121522,1183.093696,1239.219527975445,1294.5323820381773,1369.3842606669623,1131.4758239049115,1.766050863044792,0.9819599751397478,1.0,1.0474398876143156,1.094192612482805,1.1574605335966244,0.9563704275750884
1.27,2091.7907272767143,1161.7835401000257,1183.340844,1239.7438471859568,1294.988569941363,1370.0084893978126,1131.953885509749,1.7676992540931125,0.9817826757106557,1.0,1.0476642072078741,1.0943495920955155,1.157746304747521,0.9565746768982047
1.28,2094.1648451848423,1161.815944988345,1183.58565,1240.264059675079,1295.4408440434572,1370.627537121468,1132.428198121721,1.769339502540304,0.9816069880437847,1.0,1.0478870368824418,1.094505365153301,1.1580298706067178,0.9567775666439695
1.29,2096.526167514124,1161.8478816024567,1183.828153,1240.7802293153509,1295.8892680846448,1371.2414867996658,1132.8988200866734,1.7709717091971577,0.9814328867396489,1.0,1.0481083983101989,1.0946599511091748,1.1583112661451176,0.9569791166190262
1.3,2098.8748616141625,1161.8793602522007,1184.068394,1241.2924185003722,1296.3339042833884,1371.8504194357074,1133.3658083992195,1.77259596848437,0.9812603445373281,1.0,1.048328310079335,1.0948133662314345,1.1585905226313367,0.9571793438134957
1.31,2101.2110913788088,1161.9103909436146,1184.306409,1241.8006881901092,1296.7748133841274,1372.4544141353324,1133.829219,1.7742123790016648,0.9810893381255142,1.0,1.0485467939320332,1.0949656301185544,1.1588676745355115,0.9573782683126558
1.32,2103.5350173432817,1161.940983390114,1184.5422370000001,1242.3050979544714,1297.2120547031311,1373.0535481652564,1134.289105533855,1.7758210316507959,0.9809198415185882,1.0,1.048763867720549,1.0951167583424304,1.1591427517542006,0.957575905783303
1.33,2105.846796777856,1161.9711470231814,1184.775915,1242.8057060152933,1297.645686172592,1373.6478970094722,1134.745521951816,1.7774220172072424,0.9807518302084841,1.0,1.0489795498714989,1.0952667671106329,1.15941578455321,0.9577722737145751
1.34,2108.1465837782507,1162.000891002588,1185.007477,1243.3025692866722,1298.0757643830332,1374.237534,1135.1985199846094,1.7790154279155241,0.9805852819969911,1.0,1.0491938603073236,1.095415674227879,1.1596868042377761,0.9579673900948806
1.35,2110.434529352859,1162.0302242261737,1185.236958,1243.7957434138734,1298.5023446241175,1374.8225324861198,1135.6481504596304,1.780601351576196,0.9804201736900054,1.0,1.0494068169395316,1.0955634954340645,1.159955841071672,0.958161271292074
1.36,2112.7107815069567,1162.0591553392028,1185.464392,1244.2852828107643,1298.9254809239192,1375.402961650361,1136.0944630790618,1.7821798746249955,0.9802564827600513,1.0,1.0496184374728685,1.0957102462879535,1.1602229227061938,0.9583539334845426
1.37,2114.9754853240133,1162.0876927433233,1185.689813,1244.7712406958672,1299.3452260867332,1375.9788907910306,1136.5375064527616,1.7837510807086723,0.9800941865250918,1.0,1.0498287385521017,1.095855941276214,1.1604880768179717,0.9585453918821529
1.38,2117.228783044223,1162.115844605143,1185.913252,1245.2536691271816,1299.7616317294835,1376.5503872516651,1136.977328130044,1.785315055273725,0.9799332646340501,1.0,1.0500377384493393,1.0960005966182453,1.1607513323003706,0.9587356631798933
1.39,2119.470814140376,1162.1436188644448,1186.134741,1245.732619035596,1300.174748316796,1377.1175168893049,1137.4139746303554,1.7868718796260061,0.9797736957646742,1.0,1.050245453552225,1.096144226599966,1.1610127157461825,0.958924762351561
1.4,2121.701715391173,1162.1710232420614,1186.354312,1246.2081402572585,1300.5846251947871,1377.6803441177185,1137.847491472843,1.7884216325006057,0.9796154584567831,1.0,1.05045189927818,1.0962868445281018,1.1612722524649268,0.9591127034845246
1.41,2123.921620952089,1162.198065247418,1186.571993,1246.6802815647388,1300.991310623635,1378.2389319490758,1138.2779232045286,1.7899643961612441,0.9794585344198479,1.0,1.0506570936439916,1.0964284664551618,1.161529970435663,0.9592995030386906
1.42,2126.130662423888,1162.224752185767,1186.787816,1247.1490906970284,1301.3948518089717,1378.7933420341303,1138.7053134282469,1.7915002444075379,0.9793029019315168,1.0,1.0508610502090194,1.096569103814402,1.1617858925121711,0.9594851734037745
1.43,2128.3289689188714,1162.2510911651266,1187.001808,1247.6146143885926,1301.7952949321602,1379.3436347009758,1139.1297048290144,1.793029256210595,0.9791485432725866,1.0,1.0510637860701495,1.0967087717630168,1.1620400452675435,0.9596697301989403
1.44,2130.516667124972,1162.277089102934,1187.213997,1248.076898397332,1302.1926851794938,1379.8898689924358,1139.551139198942,1.7945515067280429,0.9789954397774288,1.0,1.0512653165740362,1.0968474836634643,1.162292453154455,0.9598531874443037
1.45,2132.6938813677466,1162.3027527324346,1187.424412,1248.535987531635,1302.5870667703684,1380.432102702149,1139.9696574631962,1.7960670673559864,0.9788435718402886,1.0,1.0514656553411292,1.0969852511086562,1.162543138537183,0.960035557583935
1.46,2134.860733670388,1162.328088608811,1187.633078,1248.991925676448,1302.978482984469,1380.9703924093951,1140.3852997028737,1.7975760133471022,0.9786929230416829,1.0,1.0516648187163813,1.0971220885651933,1.1627921266179106,0.9602168555487754
1.47,2137.0173438117954,1162.3531031150692,1187.840024,1249.444755818462,1303.366976188012,1381.5047935127243,1140.7981051782845,1.7990784117675052,0.9785434735570664,1.0,1.0518628187077,1.0972580060057076,1.1630394376345112,0.9603970923093633
1.48,2139.1638293828046,1162.3778024676917,1188.045273,1249.8945200705057,1303.7525878590802,1382.03536,1141.208112,1.8005743366842255,0.9783952084018702,1.0,1.052059671862779,1.0973930181691656,1.1632850964594512,0.9605762826851465
1.49,2141.300306,1162.4021927220688,1188.248852,1250.3412596950511,1304.1353586120915,1382.5621457919165,1141.615358907031,1.8020638542135954,0.978248109194949,1.0,1.0522553904348744,1.0975271353446185,1.163529123941385,0.9607544387571022
1.5,2143.426886561653,1162.4262797777174,1188.450785,1250.7850151269522,1304.5153282214346,1383.0852021480075,1142.0198817740893,1.8035470325021943,0.9781021599289174,1.0,1.0524499886017176,1.0976603698582559,1.1637715415771361,0.9609315725885017
1.51,2145.543682892416,1162.4500693832963,1188.651096,1251.225825995447,1304.892535644302,1383.6045803202362,1142.4217171450728,1.8050239385741635,0.977957344501785,1.0,1.0526434798285391,1.097792733322228,1.164012370809471,0.9611076967745232
1.52,2147.650804199232,1162.4735671414314,1188.849809,1251.6637311454397,1305.267019042759,1384.120330269154,1142.820900495979,1.8064946370355448,0.9778136467206442,1.0,1.052835876886985,1.0979242366541517,1.164251631947862,0.9612828229810305
1.53,2149.7483579161226,1162.4967785133513,1189.046947,1252.098769,1305.6388158050784,1384.6325009537063,1143.2174666051287,1.8079591923094376,0.9776710511274297,1.0,1.053027193046567,1.098054891019436,1.1644893453931102,0.9614569630656716
1.54,2151.836449591343,1162.5197088233515,1189.242532,1252.5309758703006,1306.0079625663582,1385.1411403577022,1143.6114495708025,1.809417668549499,0.9775295430010331,1.0,1.0532174406543178,1.0981847078492801,1.164725531661108,0.961630129093636
1.55,2153.915182932485,1162.5423632630873,1189.436588,1252.9603893949245,1306.374495228472,1385.6462955154204,1144.002882829518,1.810870125118839,0.9773891058941322,1.0,1.0534066313713601,1.0983136960879094,1.1649602084675577,0.9618023309280596
1.56,2155.984659850221,1162.5647468957045,1189.629135,1253.3870451383846,1306.7384489793571,1386.1480125363812,1144.3917991725612,1.8123166257610368,0.9772497265676875,1.0,1.0535947786268571,1.098441867750118,1.1651933966264043,0.9619735810963987
1.57,2158.0449805007283,1162.586864659818,1189.820195,1253.8109783192413,1307.0998583116816,1386.6463366293187,1144.7782307627494,1.8137572295120847,0.9771113900616034,1.0,1.0537818937585282,1.0985692323970695,1.1654251141949383,0.9621438899536828
1.58,2160.096243326858,1162.6087213733442,1190.009788,1254.2322234855528,1307.4587570409026,1387.1413121253825,1145.1622091503232,1.8151919968299097,0.9769740829840503,1.0,1.053967989283087,1.0986958008457175,1.1656553804122007,0.9623132689311318
1.59,2162.138545098074,1162.6303217371872,1190.197936,1254.6508145317785,1307.815178322748,1387.632983,1145.5437652882538,1.8166209835353586,0.9768377902288575,1.0,1.0541530753686152,1.0988215814909192,1.165884212220647,0.9624817273151898
1.6,2164.1719809492224,1162.6516703387942,1190.384658,1255.0667847151851,1308.169154670141,1388.1213903976286,1145.9229295474945,1.8180442484745318,0.9767024990831109,1.0,1.0543371642775197,1.0989465849366997,1.166111627085191,0.9626492763043445
1.61,2166.196644418168,1162.6727716555815,1190.569973,1255.4801666716885,1308.520717969585,1388.6065776468172,1146.2997317312402,1.8194618489829562,0.9765681967653501,1.0,1.0545202677236414,1.099070821240664,1.166337644269496,0.9628159265958913
1.62,2168.212627482329,1162.693630058234,1190.753902,1255.8909924312466,1308.869899497032,1389.0885852866145,1146.6742010892483,1.8208738378606877,0.9764348687880546,1.0,1.0547023951144245,1.0991942980817813,1.166562278698806,0.9629816867811938
1.63,2170.2200205941645,1162.7142498138878,1190.936462,1256.299293432814,1309.2167299332582,1389.5674535833368,1147.0463663311675,1.8222802725760903,0.9763025038810911,1.0,1.054883558878571,1.0993170263127423,1.1667855489534393,0.9631465682097553
1.64,2172.218912715633,1162.734635,1191.117672,1256.7051005387402,1309.5612393787555,1390.043222,1147.4162556397496,1.8236812061299288,0.9761710889971582,1.0,1.0550637691644795,1.0994390144341302,1.1670074709461618,0.9633105801487508
1.65,2174.209391351679,1162.7547899533065,1191.297551,1257.108444048783,1309.9034573681663,1390.515929466537,1147.7838966842974,1.825076690140597,0.9760406113294414,1.0,1.055243035624089,1.0995602704535117,1.1672280601091716,0.9634737314122936
1.66,2176.191542582759,1162.774718380679,1191.476116,1257.509354,1310.243412884272,1390.985613894502,1148.1493166320142,1.8264667779398098,0.9759110592030356,1.0,1.055421369436834,1.0996808037436747,1.167447332947211,0.9636360319890912
1.67,2178.165451096458,1162.794424,1191.653385,1257.9078587487238,1310.5811343715527,1391.4523126978254,1148.5125421608682,1.8278515200092835,0.9757824201539946,1.0,1.0555987794628081,1.0998006222854413,1.1676653045363734,0.9637974906275856
1.68,2180.1312002182112,1162.8139113662205,1191.829374,1258.3039878456111,1310.9166497493393,1391.9160625580937,1148.8735994710005,1.8292309686086083,0.9756546840791496,1.0,1.055775277313824,1.0999197354480872,1.167881991267396,0.9639581172724146
1.69,2182.0888719411787,1162.8331834243274,1192.004101,1258.6977691858774,1311.2499864245635,1392.3768994913005,1149.232514296309,1.8306051716689342,0.9755278379065975,1.0,1.055950871418921,1.1000381503088164,1.1680974069830825,0.9641179198395301
1.7,2184.0385469552857,1162.8522440506233,1192.177582,1259.089230452366,1311.581171304128,1392.834858863776,1149.5893119150423,1.8319741789569113,0.9754018710029924,1.0,1.0561255717794282,1.1001558753552607,1.168311566911997,0.96427690746079
1.71,2185.980304675465,1162.8710967857176,1192.349833,1259.4783988410927,1311.9102308069046,1393.2899754076475,1149.9440171605677,1.8333380390346103,0.9752767724719575,1.0,1.056299387967535,1.1002729186501297,1.1685244857225114,0.9644350888759404
1.72,2187.9142232691306,1162.8897450907198,1192.520869,1259.8653010725684,1312.2371908753796,1393.7422832358425,1150.296654432081,1.83469680082314,0.9751525321866042,1.0,1.0564723300222334,1.1003892887642033,1.1687361785161703,0.964592473250949
1.73,2189.8403796828934,1162.9081923494734,1192.690707,1260.2499634028209,1312.5620769869515,1394.191815856649,1150.647247704503,1.836050509013393,0.9750291383376004,1.0,1.0566444058013615,1.100504992017978,1.1689466579005123,0.9647490677601992
1.74,2191.758849668564,1162.9264418707137,1192.859362,1260.6324116340838,1312.8849141649016,1394.6386061878577,1150.9958205380244,1.83739921024199,0.9749065807061283,1.0,1.0568156245346918,1.1006200361823557,1.1691559379217562,0.9649048808303895
1.75,2193.6697078084503,1162.9444968901528,1193.026848,1261.0126711252378,1313.2057269890397,1395.0826865704869,1151.3423960879445,1.838742951582302,0.9747848498461895,1.0,1.0569859959473753,1.100734429565025,1.1693640330971722,0.9650599213404664
1.76,2195.573027539979,1162.9623605724992,1193.19318,1261.3907668018437,1313.524539606046,1395.5240887821203,1151.6869971136912,1.8400817774871787,0.9746639354513401,1.0,1.0571555284969394,1.1008481791741769,1.1695709564666807,0.9652141970118294
1.77,2197.468881179665,1162.9800360134054,1193.358374,1261.7667231660523,1313.8413757395106,1395.9628440498554,1152.029645987961,1.8414157298062963,0.9745438263572327,1.0,1.0573242293819547,1.1009612907275,1.1697767196041442,0.9653677144163243
1.78,2199.3573399464385,1162.9975262413543,1193.522442,1262.1405643060425,1314.1562586996872,1396.398983062886,1152.370364705217,1.8427448555227406,0.9744245146262229,1.0,1.0574921089804212,1.1010737732736218,1.1699813375297101,0.9655204830285187
1.79,2201.238473984372,1163.014834219483,1193.685399,1262.5123139053976,1314.4692113929682,1396.8325359847286,1152.7091748904204,1.8440691959778022,0.9743059898309797,1.0,1.057659174656117,1.1011856327422234,1.170184821859188,0.9656725095708576
1.8,2203.112352384799,1163.0319628473485,1193.847258,1262.8819952519843,1314.7802563310904,1397.263532465105,1153.046097807004,1.8453887946064196,0.9741882431390134,1.0,1.0578254351964884,1.1012968765650006,1.1703871857157668,0.9658238020654765
1.81,2204.9790432078653,1163.0489149626328,1194.008034,1263.2496312468793,1315.0894156400827,1397.6920016514896,1153.3811543650809,1.846703690779241,0.9740712640486578,1.0,1.0579908972763907,1.1014075099934233,1.1705884398190654,0.965974366605544
1.82,2206.8386135035216,1163.0656933427992,1194.167738,1263.6152444127729,1315.396711068961,1398.1179722003362,1153.714365129068,1.848013929098059,0.9739550452859406,1.0,1.0581555707819439,1.1015175416411733,1.1707885983772375,0.9661242122160463
1.83,2208.6911293319736,1163.082300706688,1194.326385,1263.9788569022858,1315.7021639981808,1398.541472287995,1154.045750325604,1.8493195470449004,0.9738395762785463,1.0,1.0583194617292875,1.1016269761118782,1.1709876712536957,0.9662733443886898
1.84,2210.5366557836105,1163.098739716068,1194.483987,1264.3404905060524,1316.0057954478566,1398.9625296213264,1154.375329850358,1.8506205858275857,0.9737248488673694,1.0,1.0584825784743253,1.1017358204634153,1.1711856708392412,0.9664217707510866
1.85,2212.375256998428,1163.1150129771345,1194.640555,1264.7001666605647,1316.3076260857542,1399.3811714480262,1154.703123275598,1.8519170873103568,0.9736108556746046,1.0,1.0586449299476233,1.1018440823698257,1.171382610100681,0.9665694994555062
1.86,2214.206996184956,1163.1311230419626,1194.796104,1265.057906455775,1316.6076762350608,1399.7974245666674,1155.0291498571169,1.8532090862801776,0.9734975860299279,1.0,1.0588065212303162,1.101951765516521,1.1715784976870558,0.9667165351395528
1.87,2216.031935638709,1163.1470724099138,1194.950644,1265.4137306425837,1316.9059658819478,1400.2113153364703,1155.3534285409842,1.8544966244134757,0.973385033306793,1.0,1.0589673615361337,1.1020588779078877,1.17177334676299,0.9668628862138879
1.88,2217.850136760184,1163.1628635289983,1195.104188,1265.7676596400051,1317.2025146829246,1400.622869686811,1155.6759779702406,1.8557797378919267,0.9732731884033848,1.0,1.0591274571284535,1.1021654244951276,1.171967167172885,0.9670085583954464
1.89,2219.6616600723964,1163.1784987971982,1195.256746,1266.119713542248,1317.497341971995,1401.032113126472,1155.996816491068,1.8570584667274461,0.9731620446317047,1.0,1.0592868166437004,1.1022714127162057,1.1721599713326127,0.9671535595675844
1.9,2221.466565237992,1163.193980563744,1195.408332,1266.4699121255471,1317.7904667676207,1401.4390707526456,1156.315962159133,1.8583328439089315,0.9730515920176337,1.0,1.0594454448938433,1.1023768460462937,1.17235176737303,0.9672978941216992
1.91,2223.264911075931,1163.209311130358,1195.558956,1266.818274854857,1318.0819077795009,1401.8437672597036,1156.6334327461082,1.8596029078434932,0.972941823816138,1.0,1.059603349962155,1.1024817313814683,1.1725425669929936,0.9674415694361693
1.92,2225.056755577766,1163.224492752456,1195.708628,1267.1648208903498,1318.3716834151685,1402.2462269477278,1156.9492457449087,1.8608686961634653,0.9728327332538541,1.0,1.059760539664141,1.1025860753554488,1.1727323815444841,0.9675845926445122
1.93,2226.842155923523,1163.2395276403145,1195.857361,1267.5095690937233,1318.6598117864123,1402.6464737308236,1157.2634183762711,1.8621302410693803,0.9727243110897357,1.0,1.0599170188941314,1.1026898815789554,1.172921219097487,0.9677269682134533
1.94,2228.621168497195,1163.254417960201,1196.005164,1267.852538,1318.946310715536,1403.0445311452104,1157.575967593526,1.863387580237233,0.9726165513113127,1.0,1.0600727958060892,1.1027931571000609,1.1731090913125943,0.967868703611656
1.95,2230.393848901864,1163.269165835472,1196.152049,1268.193745995508,1319.231197741442,1403.440422357105,1157.8869100885931,1.8646407459373622,0.97250944544047,1.0,1.0602278757585508,1.1028959059547137,1.1732960065824416,0.9680098036504664
1.96,2232.160251974457,1163.2837733476365,1196.298025,1268.5332109797528,1319.5144901255692,1403.8341701704016,1158.1962622976862,1.8658897743933471,0.9724029874141408,1.0,1.060382266350187,1.1029981347044095,1.1734819759235176,0.9681502753443785
1.97,2233.920431800152,1163.298242537389,1196.443104,1268.8709507151143,1319.7962048576671,1404.2257970341516,1158.5040404055037,1.8671346964444973,0.9722971687063098,1.0,1.0605359723943164,1.1030998469089486,1.173667007097524,0.9682901230592105
1.98,2235.674441726442,1163.3125754056116,1196.587294,1269.2069826604347,1320.0763586614278,1404.6153250498533,1158.810260351398,1.8683755484758158,0.9721919840188539,1.0,1.0606890019847017,1.103201049585462,1.1738511114842687,0.968429354182494
1.99,2237.4223343768617,1163.326773914347,1196.730606,1269.541324010781,1320.354967999969,1405.002775978556,1159.1149378335103,1.8696123615115945,0.9720874255925456,1.0,1.060841360324314,1.1033017467591775,1.1740342972214048,0.9685679734621162
2.0,2239.1641616643965,1163.3408399877428,1196.873049,1269.8739917028142,1320.632049,1405.3881712477842,1159.4180883140652,1.870845169030451,0.9719834872710403,1.0,1.0609930541620995,1.1034019440101872,1.174216574115359,0.9687059870575006
2.01,2240.8999748045744,1163.3547755129662,1197.014633,1270.2050024198616,1320.9076178629302,1405.7715319582858,1159.7197270240283,1.872074002293817,0.9718801620639554,1.0,1.0611440891381831,1.1035016460512477,1.1743979507043216,0.9688434001157514
2.02,2242.6298243282554,1163.3685823410965,1197.155368,1270.5343725970015,1321.181690058147,1406.1528788906137,1160.0198689673562,1.873298891918142,0.9717774429601828,1.0,1.061294470674755,1.1036008569759403,1.1745784352450181,0.9689802175847205
2.03,2244.35376,1163.3822622879875,1197.295263,1270.8621184259318,1321.454281139766,1406.5322325115385,1160.318529,1.8745198693732743,0.9716753237400786,1.0,1.0614442048668924,1.1036995818630964,1.1747580366995394,0.9691164450886163
2.04,2246.0718313008747,1163.3958171351085,1197.434327,1271.1882558597863,1321.7254063455557,1406.9096129803072,1160.615721463866,1.8757369658243268,0.9715737981638041,1.0,1.0615932976003504,1.1037978255199592,1.1749367637598278,0.9692520878131349
2.05,2247.784086499173,1163.409248630359,1197.572568,1271.5128006177547,1321.995080682825,1407.2850401547437,1160.911460931355,1.8769502129236924,0.9714728607831294,1.0,1.0617417554422093,1.103895593475906,1.1751146258343015,0.9693871519369629
2.06,2249.490573603269,1163.4225584888595,1197.709996,1271.8357681896669,1322.2633189330113,1407.6585335971986,1161.2057614690857,1.8781596389075046,0.9713725045080608,1.0,1.0618895829852177,1.1039928892210826,1.1752916301094296,0.9695216415886753
2.07,2251.191339902397,1163.4357483937251,1197.846619,1272.157173840431,1322.5301356561574,1408.0301125803574,1161.4986370125553,1.8793652744804359,0.971272723852573,1.0,1.0620367863979678,1.1040897178974778,1.1754677854797682,0.969655562397639
2.08,2252.886432071907,1163.4488199968098,1197.982447,1272.4770326143553,1322.795545195277,1408.399796092902,1161.7901012957443,1.8805671466335825,0.9711735116907015,1.0,1.0621833698823429,1.1041860826156804,1.17564309862789,0.969788918197517
2.09,2254.575896184136,1163.4617749194356,1198.117486,1272.7953593393686,1323.0595616806154,1408.7676028450385,1162.0801678547869,1.881765288069701,0.9710748641218274,1.0,1.0623293409970052,1.1042819899889311,1.1758175799172321,0.9699217158865393
2.1,2256.259777719044,1163.474614753099,1198.251747,1273.1121686311965,1323.3221990338045,1409.1335512738904,1162.3688500324497,1.8829597230865076,0.9709767731747768,1.0,1.0624747026813193,1.1043774418413632,1.1759912345647432,0.9700539581457832
2.11,2257.938121574611,1163.4873410601588,1198.385236,1273.4274748973403,1323.5834709719186,1409.4976595487622,1162.6561609808705,1.8841504832880058,0.9708792349142047,1.0,1.0626194621253997,1.104472444428478,1.1761640724592188,0.9701856515369073
2.12,2259.610972077002,1163.499955374503,1198.517962,1273.7412923410593,1323.8433910114336,1409.8599455762767,1162.9421136658057,1.8853375950297206,0.9707822429569088,1.0,1.0627636236803095,1.1045670010671345,1.1763361003147625,0.9703168000295733
2.13,2261.278372990508,1163.512459,1198.649933,1274.0536349651666,1324.1019724720886,1410.2204270053917,1163.226720870298,1.8865210857109425,0.9706857915454454,1.0,1.0629071924080828,1.1046611158256234,1.1765073256007863,0.9704474082428353
2.14,2262.940367527266,1163.524854,1198.781156,1274.3645165758137,1324.3592284806575,1410.5791212322945,1163.509995197237,1.8877009837876246,0.9705898763727314,1.0,1.0630501740851637,1.1047547935268491,1.1766777565464954,0.9705774814475286
2.15,2264.5969983567747,1163.537141,1198.91164,1274.6739507861494,1324.6151719746315,1410.9360454051855,1163.7919490735512,1.8888773140585862,0.9704944903195701,1.0,1.0631925725453373,1.1048480369868054,1.1768473992004826,0.9707070231410475
2.16,2266.248307615192,1163.549322421942,1199.041392,1274.981951019901,1324.869815705811,1411.291216428947,1164.072594753292,1.8900501039710496,0.9703996293915613,1.0,1.0633343932299386,1.1049408507040188,1.177016261361015,0.9708360382885697
2.17,2267.894336914436,1163.561398829094,1199.170419,1275.2885305148957,1325.1231722438192,1411.6446509697016,1164.3519443204275,1.8912193804827633,0.9703052880502167,1.0,1.063475641417482,1.1050332390193984,1.177184350617059,0.9709645317063375
2.18,2269.535127,1163.573371884169,1199.298729,1275.5937023264196,1325.3752539795255,1411.9963654592673,1164.630009692337,1.8923851681994068,0.9702114608712881,1.0,1.0636163213397514,1.1051252051977496,1.1773516733705027,0.9710925072549933
2.19,2271.170719515117,1163.585242939003,1199.426329,1275.8974793306188,1325.6260731283985,1412.3463760995087,1164.9068026231253,1.8935474939996229,0.9701181429868403,1.0,1.0637564379584492,1.1052167532737216,1.1775182368032784,0.9712199694618554
2.2,2272.801153498385,1163.597013321693,1199.553226,1276.199874227721,1325.8756417337706,1412.6946988665873,1165.1823347057216,1.8947063825397814,0.9700253295152182,1.0,1.0638959960812284,1.105307887133114,1.177684047899503,0.9713469227131415
2.21,2274.426469,1163.6086843371208,1199.679427,1276.500899545259,1326.1239716700388,1413.0413495151142,1165.4566173757776,1.895861859269843,0.969933015561432,1.0,1.0640350003645258,1.105398610515673,1.1778491134491333,0.9714733712573513
2.22,2276.0467048495284,1163.6202572674576,1199.804939,1276.8005676411558,1326.371074645781,1413.386343582209,1165.7296619136469,1.8970139485727924,0.9698411962175274,1.0,1.0641734553162692,1.1054889270178114,1.1780134400515323,0.9715993192070421
2.23,2277.661899984889,1163.6317333726631,1199.92977,1277.0988907068097,1326.616962206808,1413.7296963914669,1166.001479447994,1.8981626732911951,0.9697498657547793,1.0,1.0643113644116102,1.1055788391739028,1.1781770331370867,0.9717247697321435
2.24,2279.2720924902824,1163.6431138909657,1200.053924,1277.395881,1326.8616457391445,1414.071423056832,1166.272080958006,1.8993080618352967,0.9696590216649011,1.0,1.064448734722024,1.105668353065728,1.1783399018799692,0.9718497291110111
2.25,2280.8773200888063,1163.6544000393314,1200.177411,1277.6915496980073,1327.1051364719408,1414.4115384863906,1166.5414772760123,1.9004501327752505,0.9695686565786661,1.0,1.0645855670899704,1.1057574691113237,1.1785020493827563,0.9719741986345487
2.26,2282.477620052967,1163.665593013924,1200.300235,1277.9859092000695,1327.3474454803195,1414.7500573860714,1166.8096790903946,1.9015889137545383,0.9694787679633539,1.0,1.0647218686915192,1.1058461931237726,1.178663484462345,0.9720981843266862
2.27,2284.0730292120315,1163.6766939905476,1200.422403,1278.278970830579,1327.5885836881605,1415.086994263269,1167.0766969477409,1.9027244272548214,0.9693893508504836,1.0,1.06485764313962,1.1059345280214339,1.1788242128160855,0.9722216896578035
2.28,2285.663583959224,1163.6877041250823,1200.543922,1278.5707459915866,1327.8285618708182,1415.4223634303844,1167.342541,1.9038566953481473,0.969300400260643,1.0,1.0649928941055324,1.10602247659442,1.1789842399705093,0.972344717763687
2.29,2287.249320258772,1163.6986245539078,1200.664798,1278.8612459355209,1328.067390657786,1415.7561790082875,1167.6072222859366,1.904985741289945,0.9692119120110223,1.0,1.0651276260166669,1.1061100424281665,1.1791435722664432,0.9724672733229717
2.3,2288.8302736528194,1163.7094563943144,1200.785037,1279.1504817677778,1328.3050805352946,1416.088454929704,1167.8707501745666,1.9061115879417967,0.9691238819078608,1.0,1.065261843171833,1.1061972289843702,1.1793022158800468,0.9725893596178835
2.31,2290.406479268182,1163.7202007449052,1200.904646,1279.438464449282,1328.5416418488549,1416.4192049425249,1168.1331349266693,1.9072342561893811,0.9690363049398223,1.0,1.0653955488563263,1.1062840386819979,1.1794601758435739,0.9727109798579873
2.32,2291.9779718229806,1163.7308586859883,1201.02363,1279.7252047989896,1328.777084805749,1416.7484426130486,1168.3943864174653,1.9083537697114092,0.9689491776993501,1.0,1.0655287480055573,1.1063704756631216,1.1796174589945818,0.9728321385462377
2.33,2293.544785633134,1163.741431279958,1201.141995,1280.0107134963182,1329.0114194774594,1417.0761813291497,1168.654514394817,1.9094701502241074,0.9688624959615687,1.0,1.0656614445457953,1.1064565430313336,1.1797740710324176,0.9729528392642844
2.34,2295.106954618721,1163.7519195716677,1201.259747,1280.2950010835557,1329.2446558020529,1417.4024343033775,1168.913528481207,1.9105834190735775,0.9687762554917839,1.0,1.0657936422833918,1.1065422437750698,1.179930017503015,0.9730730854841564
2.35,2296.6645123102144,1163.762324588792,1201.376892,1280.578077968159,1329.4768035865056,1417.727214575993,1169.171438176243,1.9116935972414346,0.9686904520457448,1.0,1.0659253449067998,1.106627580769637,1.1800853038015593,0.9731928805704406
2.36,2298.217491854598,1163.7726473421806,1201.493435,1280.8599544250756,1329.707872508984,1418.0505350179335,1169.4282528582262,1.9128007069423545,0.9686050821760673,1.0,1.0660565568758813,1.1067125577003123,1.1802399361573985,0.9733122285917659
2.37,2299.7659260213486,1163.782888826205,1201.609382,1281.140640598991,1329.9378721210717,1418.3724083337206,1169.6839817867149,1.9139047684477455,0.9685201416197039,1.0,1.0661872816493962,1.1067971772219998,1.1803939196720756,0.9734311327029193
2.38,2301.309847208316,1163.7930500190937,1201.72474,1281.4201465064834,1330.1668118499524,1418.692847064302,1169.9386341043282,1.9150058000872279,0.9684356252989296,1.0,1.0663175216867744,1.106881440961224,1.1805472583216534,0.9735495951463295
2.39,2302.8492874474728,1163.8031318832604,1201.839512,1281.6984820382277,1330.3947010005436,1419.011863589834,1170.1922188385506,1.9161038262215768,0.968351531350935,1.0,1.0664472828866585,1.1069653541233744,1.180699959871043,0.9736676213042916
2.4,2304.384278,1163.8131353656263,1201.953705,1281.9756569610329,1330.621548757586,1419.3294701324064,1170.4447449040017,1.9171988641609123,0.9682678546804981,1.0,1.0665765674902037,1.1070489181258325,1.1808520280175072,0.9737852132200066
2.41,2305.914851,1163.8230613979308,1202.067324,1282.251680919937,1330.847364187689,1419.6456787587097,1170.6962211038335,1.9182909350924173,0.9681845917957344,1.0,1.0667053794068,1.1071321361262532,1.1810034682871968,0.9739023744595469
2.42,2307.441037427423,1163.8329108970374,1202.180374,1282.5265634402458,1331.0721562413323,1419.9605013826445,1170.946656131884,1.9193800592085053,0.9681017391962825,1.0,1.0668337224412596,1.1072150111821175,1.1811542860727524,0.974019108493518
2.43,2308.9628670727857,1163.8426847652308,1202.29286,1282.800313929445,1331.295933754826,1420.273949767879,1171.196058574773,1.9204662556781595,0.968019293373522,1.0,1.066961600295493,1.107297546252438,1.181304486635543,0.9741354186988791
2.44,2310.4803706357898,1163.8523838905085,1202.404787,1283.0729416792165,1331.518705452229,1420.5860355303528,1171.4444369129487,1.9215495443929815,0.9679372508107859,1.0,1.0670890165702713,1.107379744199429,1.1814540751078637,0.9742513083598933
2.45,2311.9935780679016,1163.8620091468636,1202.516161,1283.3444558672345,1331.7404799472292,1420.8967701407275,1171.6917995230178,1.9226299429899316,0.9678556071787077,1.0,1.0672159738793185,1.1074616068691896,1.181603055512472,0.9743667798598658
2.46,2313.502518991988,1163.8715613945612,1202.626987,1283.6148655591096,1331.961265744982,1421.2061649267885,1171.9381546791992,1.9237074703962116,0.9677743589455648,1.0,1.0673424756259104,1.1075431369352615,1.181751432729813,0.9744818363029127
2.47,2315.007222707244,1163.8810414804102,1202.737269,1283.8841797101632,1332.1810712439133,1421.5142310757967,1172.1835105549544,1.9247821468374604,0.9676935033767631,1.0,1.067468526004546,1.1076243379001114,1.181899212500246,0.9745964815154942
2.48,2316.5077181940223,1163.890450238025,1202.847012,1284.152407167232,1332.399904737484,1421.8209796367923,1172.4278752246755,1.9258539906436767,0.9676130369254516,1.0,1.0675941282275323,1.1077052122547768,1.1820463994608088,0.9747107184273203
2.49,2318.004034118574,1163.899788488086,1202.956221,1284.4195566703638,1332.6177744159197,1422.1264215228516,1172.6712566654896,1.9269230198515879,0.9675329560377127,1.0,1.067719285413932,1.1077857624013399,1.182192998129773,0.9748245498831746
2.5,2319.4961988376976,1163.9090570385877,1203.064901,1284.685636854585,1332.834688367901,1422.4305675132982,1172.9136627581902,1.9279892522088447,0.9674532571527392,1.0,1.0678440005911078,1.1078659906543986,1.1823390129085798,0.9749379786437559
2.51,2320.9842404033016,1163.9182566850875,1203.173056,1284.9506562515598,1333.050654582227,1422.733428,1173.1551012897398,1.9290527067814436,0.9673739375070309,1.0,1.0679682775838024,1.1079459001633651,1.1824844488538813,0.9750510081982252
2.52,2322.468186566886,1163.9273882109444,1203.280691,1285.2146232912492,1333.265680949438,1423.0350142688417,1173.395579953678,1.9301134007533791,0.9672949935261153,1.0,1.0680921192404051,1.1080254930721216,1.182629310777199,0.9751636411438751
2.53,2323.948064783932,1163.9364523875531,1203.38781,1285.477546303453,1333.479775263408,1423.3353359431044,1173.6351063523907,1.9311713526364638,0.9672164224328923,1.0,1.0682155292095348,1.1081047723621267,1.1827736030856957,0.9752758808088564
2.54,2325.423902218221,1163.9454499745746,1203.494419,1285.739433519484,1333.692945222907,1423.6344035442066,1173.8736879985663,1.9322265774613623,0.9671382198362936,1.0,1.0683385092785245,1.1081837390912794,1.1829173289620436,0.9753877288221693
2.55,2326.895725746064,1163.9543817201577,1203.600521,1286.0002930736518,1333.905198433129,1423.932227214351,1174.1113323158352,1.933279094805297,0.9670603837501642,1.0,1.068461063813092,1.1082623969993521,1.1830604942172096,0.9754991891664653
2.56,2328.363562,1163.9632483611588,1203.706121,1286.2601330048055,1334.116542407192,1424.228816974355,1174.3480466408655,1.9343289208047485,0.9669829105746973,1.0,1.0685831953203182,1.1083407479051874,1.1832031025904828,0.9756102641276388
2.57,2329.827437175176,1163.9720506233573,1203.811223,1286.518961257796,1334.3269845676057,1424.5241827255666,1174.5838382248185,1.935376072810692,0.9669057975075527,1.0,1.0687049071129953,1.1084187944704065,1.183345158699826,0.9757209567274641
2.58,2331.287377428751,1163.980789221661,1203.915832,1286.7767856849896,1334.5365322477137,1424.8183342517536,1174.8187142339302,1.9364205665074692,0.9668290409371917,1.0,1.0688262015354821,1.1084965383590983,1.183486666077628,0.9758312691031463
2.59,2332.7434084884303,1163.9894648603135,1204.019951,1287.033614047643,1334.745192693104,1425.1112812209444,1175.0526817513746,1.937462420411695,0.9667526388525048,1.0,1.068947082628237,1.1085739830013033,1.1836276301213422,0.9759412049405273
2.6,2334.195555854028,1163.998078233091,1204.123585,1287.2894540173363,1334.952973062993,1425.4030331872386,1175.2857477787766,1.9385016496076921,0.9666765876304059,1.0,1.0690675525779492,1.108651129911215,1.1837680541630107,0.9760507662332488
2.61,2335.643844761716,1164.0066300234987,1204.226738,1287.544313,1335.1598804315825,1425.6935995925828,1175.5179192366195,1.9395382705426325,0.9666008844453167,1.0,1.0691876142348202,1.1087279814506015,1.183907942419879,0.9761599557147679
2.62,2337.088300187752,1164.0151209049618,1204.329414,1287.798199023979,1335.3659217893917,1425.9829897685106,1175.7492029664572,1.9405722994221843,0.9665255264661017,1.0,1.0693072709623106,1.1088045399092044,1.1840472990129183,0.9762687760497205
2.63,2338.528946852134,1164.0235515410106,1204.431617,1288.0511189679164,1335.571104044559,1426.2712129378478,1175.9796057313797,1.9416037522137999,0.9664505108562014,1.0,1.0694265251656179,1.1088808075058685,1.1841861279683161,0.9763772298343607
2.64,2339.9658092221944,1164.031922585464,1204.533351,1288.3030803354995,1335.7754340241258,1426.5582782163883,1176.2091342175845,1.9426326446499482,0.9663758347737637,1.0,1.0695453797654952,1.108956786389658,1.1843244332189422,0.9764853195979166
2.65,2341.398911516128,1164.0402346826074,1204.63462,1288.5540903700385,1335.978918475288,1426.8441946145358,1176.437795035541,1.9436589922312941,0.9663014953717729,1.0,1.0696638374630463,1.109032478640941,1.1844622186057843,0.9765930478036079
2.66,2342.8282777064555,1164.0484884673658,1204.735428,1288.8041562329963,1336.1815640666268,1427.1289710389126,1176.6655947206891,1.9446828102298122,0.9662274897981715,1.0,1.0697819008880316,1.1091078862724595,1.1845994878793527,0.9767004168492746
2.67,2344.2539315234344,1164.0566845654764,1204.835778,1289.053285005284,1336.383377389319,1427.4126162939426,1176.8925397352432,1.9457041153067705,0.9661538159978816,1.0,1.069899573488001,1.109183012150988,1.184736245684383,0.9768074298796622
2.68,2345.6758964584005,1164.0648235936535,1204.935675,1289.3014836884397,1336.584364958319,1427.695139083399,1177.1186364687164,1.9467229206724257,0.966080470306976,1.0,1.070016856865359,1.1092578572365026,1.1848724946112987,0.9769140883547303
2.69,2347.094195767054,1164.072906159753,1205.035121,1289.5487592057907,1336.7845332135205,1427.9765480119274,1177.343891239434,1.947739244163535,0.9660074514622825,1.0,1.0701337552184016,1.109332425186237,1.18500824011413,0.9770203961046494
2.7,2348.5088524726907,1164.0809328629307,1205.134122,1289.7951184036283,1336.9838885208972,1428.2568515865369,1177.568310295348,1.9487530969376128,0.9659347549889811,1.0,1.0702502691261682,1.1094067159114902,1.1851434836284032,0.9771263536552226
2.71,2349.919889369377,1164.0889042937993,1205.23268,1290.0405680523763,1337.1824371736225,1428.5360582180651,1177.791899814969,1.949764496403613,0.9658623796143656,1.0,1.0703664026537816,1.1094807329433038,1.1852782304393414,0.9772319647148705
2.72,2351.3273290250645,1164.0968210345804,1205.330799,1290.2851148476475,1337.3801853931643,1428.8141762226155,1178.0146659085876,1.950773456528148,0.9657903224578437,1.0,1.0704821580251078,1.1095544779098971,1.1854124837828983,0.9773372313110432
2.73,2352.731193784659,1164.1046836592557,1205.428482,1290.5287654114218,1337.5771393303646,1429.0912138229696,1178.236614619498,1.951779992688657,0.9657185814357219,1.0,1.0705975382879842,1.1096279532993187,1.1855462477971959,0.9774421562236638
2.74,2354.131505773032,1164.1124927337105,1205.525734,1290.7715262930287,1337.7733050664942,1429.3671791499676,1178.4577519242305,1.9527841168200495,0.9656471528576348,1.0,1.0707125446506882,1.109701159698756,1.1856795245732743,0.9775467405528072
2.75,2355.528286897977,1164.1202488158792,1205.622557,1291.0134039702823,1337.9686886142922,1429.6420802438718,1178.6780837345286,1.9537858455131554,0.9655760354323557,1.0,1.0708271809236583,1.109774100398067,1.1858123190738143,0.9776509877747159
2.76,2356.9215588531297,1164.127952455885,1205.718955,1291.2544048504642,1338.1632959189817,1429.9159250556982,1178.8976158972364,1.9547851919215533,0.9655052262621888,1.0,1.0709414490796192,1.1098467767880298,1.1859446342167674,0.9777548996874121
2.77,2358.3113431208176,1164.135604196175,1205.814932,1291.494535271413,1338.3571328592716,1430.188721448527,1179.1163541961578,1.9557821690010533,0.9654347224455959,1.0,1.0710553510307774,1.1099191902022918,1.186076472843452,0.9778584780339723
2.78,2359.697661,1164.1432045716588,1205.91049,1291.7338015024434,1338.5502052483366,1430.460477198788,1179.3343043525238,1.9567767927783764,0.9653645226783447,1.0,1.0711688904061556,1.1099913437591347,1.186207839686997,0.9779617261248998
2.79,2361.080533483432,1164.1507541098345,1206.005633,1291.972209745385,1338.7425188347795,1430.731199997524,1179.5514720256906,1.957769075763042,0.9652946240507605,1.0,1.0712820689995775,1.1100632386803948,1.186338737438985,0.9780646455949767
2.8,2362.459981511582,1164.1582533309213,1206.100365,1292.2097661355074,1338.9340793035783,1431.000897451629,1179.7678628145368,1.9587590303992504,0.9652250236496043,1.0,1.0713948885468643,1.1101348761332797,1.1864691687176705,0.9781672380262788
2.81,2363.8360257241047,1164.1657027479846,1206.194688,1292.446476742538,1339.1248922770146,1431.2695770850669,1179.9834822578125,1.959746672109457,0.9651557201584895,1.0,1.0715073525033945,1.1102062590720136,1.1865991380365513,0.9782695065705782
2.82,2365.2086865880697,1164.1731028670588,1206.288606,1292.682347571521,1339.3149633155824,1431.537246340066,1180.198335835652,1.9607320129060968,0.9650867106565862,1.0,1.0716194624916493,1.110277388556866,1.1867286478705794,0.9783714527066103
2.83,2366.577984375429,1164.1804541872684,1206.382122,1292.9173845637488,1339.5042979188877,1431.803912578294,1180.4124289695174,1.9617150662445153,0.9650179930196847,1.0,1.0717312209669407,1.1103482665162439,1.1868577016083253,0.9784730786730917
2.84,2367.943939165557,1164.1877572009464,1206.47524,1293.1515935976931,1339.6929015265237,1432.0695830820089,1180.6257670238847,1.9626958437750923,0.9649495643200655,1.0,1.0718426294415235,1.1104188939066197,1.1869863015854423,0.978574385848055
2.85,2369.3065708477498,1164.1950123937495,1206.567961,1293.384980489849,1339.8807795189368,1432.3342650551951,1180.8383553064195,1.963674361852005,0.9648814240259356,1.0,1.0719536920389428,1.1104892743948278,1.187114453021014,0.9786753779934154
2.86,2370.6658991236864,1164.2022202447745,1206.66029,1293.6175509956302,1340.067937218273,1432.597965624673,1181.0501990689663,1.964650630148512,0.9648135684027311,1.0,1.072064409275978,1.110559407916103,1.1872421571316256,0.9787760555781332
2.87,2372.021943509848,1164.2093812266637,1206.752229,1293.8493108102048,1340.2543798892116,1432.8606918411922,1181.2613035088289,1.9656246630474201,0.9647459961117368,1.0,1.0721747842822544,1.1106292971174712,1.1873694180192744,0.978876421457042
2.88,2373.374723339894,1164.2164958057206,1206.843781,1294.080265569377,1340.4401127397828,1433.1224506805067,1181.4716737684794,1.9665964731353196,0.9646787050110511,1.0,1.0722848192473529,1.1106989436769388,1.1874962387368897,0.9789764776262118
2.89,2374.7242577670063,1164.2235644420118,1206.934949,1294.3104208503137,1340.6251409221718,1433.3832490444286,1181.6813149374211,1.9675660728314914,0.9646116929554683,1.0,1.0723945163098543,1.110768349224571,1.1876226222730988,0.9790762260356264
2.9,2376.070565766189,1164.2305875894738,1207.025737,1294.5397821724546,1340.8094695335085,1433.6430937618643,1181.8902320520135,1.9685334727590724,0.9645449569974446,1.0,1.072503876669578,1.1108375144228666,1.1877485705691,0.9791756677778393
2.91,2377.4136661365374,1164.2375656960146,1207.116146,1294.7683549982469,1340.9931036166422,1433.9019915898343,1182.0984300969867,1.9694986882699994,0.9644784965837202,1.0,1.0726129041424046,1.1109064426486779,1.1878740884556391,0.9792748063341592
2.92,2378.753577503463,1164.2444992036146,1207.206181,1294.9961447339665,1341.1760481609058,1434.1599492144712,1182.3059140054393,1.9704617280314132,0.9644123079615134,1.0,1.0727215989411558,1.1109751335516942,1.1879991767657054,0.979373641896089
2.93,2380.0903183208893,1164.2513885484243,1207.295843,1295.2231567304625,1341.358308102862,1434.416973252006,1182.5126886600046,1.9714226070775007,0.9643463905710012,1.0,1.0728299647847477,1.1110435904175162,1.1881238402077443,0.9794721778562477
2.94,2381.423906873408,1164.2582341608622,1207.385136,1295.449396283875,1341.5398883270414,1434.6730702497332,1182.7187588935485,1.9723813353897444,0.9642807414525452,1.0,1.0729380026787698,1.111111813726222,1.188248080478053,0.9795704151301962
2.95,2382.754361278407,1164.2650364657077,1207.474063,1295.6748686364808,1341.7207936666643,1434.9282466869602,1182.9241294895182,1.9733379244257996,0.9642153584426167,1.0,1.07304571447054,1.111179804834172,1.1883719001978763,0.9796683554017825
2.96,2384.0816994881543,1164.2717958821934,1207.562625,1295.8995789773253,1341.901028904353,1435.1825089759418,1183.1288051829324,1.9742923887596755,0.9641502409717205,1.0,1.073153103738471,1.1112475668948043,1.1884953038985797,0.9797660019354544
2.97,2385.405939291859,1164.2785128240987,1207.650826,1296.1235324429726,1342.0805987728288,1435.4358634627974,1183.332790660672,1.9752447379122307,0.9640853860717673,1.0,1.0732601713493737,1.1113151002579853,1.1886182931015503,0.9798633555198445
2.98,2386.727098317695,1164.285187699836,1207.738669,1296.346734118211,1342.2595079555986,1435.6883164284131,1183.5360905627022,1.976194982888053,0.9640207915706273,1.0,1.0733669190136785,1.1113824061516395,1.1887408702556108,0.9799604177140925
2.99,2388.045194034793,1164.2918209125396,1207.826155,1296.5691890367816,1342.4377610876304,1435.939874089329,1183.7387094821315,1.9771431378175388,0.9639564568897249,1.0,1.0734733501749527,1.1114494876024856,1.1888630397222428,0.98005719165945
3.0,2389.360243755204,1164.2984128601497,1207.913289,1296.7909021819942,1342.615362756017,1436.1905425986097,1183.9406519660845,1.9780892101396559,0.9638923782550998,1.0,1.0735794646779435,1.1115163439153264,1.1889848018706661,0.9801536772115804
