Strain,Tmp298.15K,Tmp373.15K_StrRt0.1,Tmp473.15K,Tmp573.15K_StrRt0.1,Tmp673.15K,Tmp298.15K_ref,Tmp373.15K_StrRt0.1_ref,Tmp473.15K_ref,Tmp573.15K_StrRt0.1_ref,Tmp673.15K_ref
0,277.306,561.8756494501962,574.5816534468904,665.1026689350376,345.4139601071365,0.734963133,1.489177616,1.522853211,1.762767274,0.915474337
0.00011,344.4019196755693,623.5219181205426,643.4119507592404,700.2602706576097,485.5559227,0.740973619,1.341494532,1.384287526,1.506595513,1.044663541
0.0002,500.1586589649602,634.5865752326762,668.5506091968855,718.0914523822692,534.6963677965105,0.863840212,1.096015018,1.154675401,1.240238995,0.923491407
0.0003,601.0363035,644.3335251680782,687.3863271053415,732.2365851393256,572.4168609742774,0.956134384,1.025012024,1.093500839,1.164849065,0.910606297
0.0004,659.4723216227883,652.7748021,701.4593714142684,742.9122356962371,600.6663657539757,1.009643922,0.999390103,1.073925573,1.137389392,0.919612735
0.0005,694.6642593256984,660.4221810971219,712.7303196094581,751.4450408826065,622.9104525,1.037373912,0.98623865,1.064352786,1.12216725,0.93022067
0.0006,717.0497749718052,667.5170214999417,722.1529741574195,758.5761428,640.9589606232475,1.050055702,0.977519385,1.057528884,1.110867379,0.938627464
0.0007,732.3105038005751,674.1941295283618,730.2639396830928,764.7502711437237,655.9165158,1.054635734,0.970939536,1.051688378,1.10135381,0.944617061
0.0008,743.5450898,680.5372689702402,737.3952564848005,770.2479413,668.5209865,1.055123605,0.965712701,1.046396718,1.093016141,0.948661061
0.0009,752.4486793577182,686.6025031380386,743.7667546487646,775.2526324,679.2936400371836,1.053694802,0.961486821,1.041537031,1.085628418,0.951251823
0.001,759.9532318465949,692.4294861599852,749.5315362573601,779.8876761222159,688.6164991661208,1.051482437,0.958055592,1.037062826,1.079064027,0.952779888
0.002,810.4818474454971,741.7830235180987,789.1239708582289,816.4642271621558,742.3720114593161,1.034508105,0.946820157,1.007246672,1.042144082,0.947571948
0.003,844.3162254203846,780.5013787549123,813.8650747654028,844.2026929425683,769.8776343418285,1.029202956,0.951414058,0.992083672,1.029064563,0.938463947
0.004,869.6398878517687,812.0113742545826,832.2933735261322,866.1834603456359,788.9642702537822,1.027465314,0.959378167,0.983341018,1.023381601,0.93214839
0.005,889.6042409742192,838.0179645924292,847.1529404507019,883.9114517223459,803.7416445419658,1.026937229,0.967387302,0.977932493,1.020365613,0.927819562
0.01,950.5459439091948,916.6260169222384,896.6522303158417,939.3135541275856,849.7093015286373,1.027498774,0.99083281,0.969242016,1.01535705,0.918498754
0.011,958.5674856,925.8624085135932,903.8186172306304,946.8246314484096,856.0372008702252,1.027646974,0.992584994,0.96895261,1.015057867,0.917727809
0.012,965.7827009301247,933.7516682595505,910.4175163,953.6505005594124,861.8152679959312,1.027771398,0.993684455,0.968852602,1.014860493,0.917130822
0.013,972.3231949,940.5211702,916.5269318356296,959.9026262946602,867.1314650801942,1.027872083,0.994253207,0.968888176,1.014741927,0.916670743
0.014,978.2919128007552,946.3582146591395,922.2088091056212,965.6675677062542,872.0542002255097,1.027950401,0.994395736,0.969020497,1.014685239,0.91632002
0.015,983.7707545590044,951.4174125240002,927.5133596478264,971.0138350193338,876.6377256319392,1.028008264,0.99420008,0.969221126,1.0146777,0.916057753
0.016,988.8258428083828,955.8266027696458,932.4819990231772,975.9965562611874,880.9257926228456,1.028047731,0.993739572,0.969469002,1.014709569,0.915867813
0.017,993.5112570422036,959.6916348311222,937.1494013709016,980.6607343317614,884.9541982,1.028070813,0.993074766,0.969748395,1.014773281,0.915737568
0.018,997.8717364082016,963.1002573435784,941.5449729843532,985.0435733122616,888.7526036186609,1.028079387,0.992255303,0.970047495,1.014862888,0.915656991
0.019,1001.9446728379646,966.1252938960512,945.6939328865848,989.1761747756034,892.3458611139795,1.028075156,0.991321616,0.97035741,1.014973658,0.915618033
0.02,1005.7616053727302,968.8272448712788,949.6181209265488,993.0847978,895.7550004781224,1.028059646,0.99030644,0.970671443,1.01510179,0.915614161
0.021,1009.3493572662516,971.2564242583536,953.3366127906484,996.7918105764918,898.9979748436017,1.028034213,0.989236112,0.970984572,1.015244203,0.91564003
0.022,1012.7309129114828,973.4547178,956.8661955055431,1000.3164196152018,902.090233,1.028000053,0.988131683,0.971293052,1.015398384,0.915691222
0.023,1015.9261023673264,975.4570319886076,960.2217403639806,1003.6752363551713,905.0451647617156,1.02795822,0.987009855,0.971594124,1.015562261,0.915764065
0.024,1018.9521416269092,977.2924889,963.4164992275182,1006.8827224690384,907.8744509703248,1.027909644,0.985883765,0.971885793,1.015734124,0.915855481
0.025,1021.8240633521266,978.9854138613588,966.4623427613988,1009.9515438624436,910.5883428467204,1.02785514,0.984763645,0.97216666,1.015912546,0.915962877
0.026,1024.555063475815,980.5561507585958,969.3699540820672,1012.8928548629042,913.1958860064624,1.027795428,0.983657359,0.972435784,1.016096335,0.916084054
0.027,1027.1567824935653,982.0217372301348,972.1489877489512,1015.7165284724596,915.7051024,1.02773114,0.982570856,0.972692586,1.016284489,0.916217139
0.028,1029.6395355582556,983.3964630077962,974.8082015180844,1018.431344499042,918.1231393229682,1.027662835,0.98150854,0.972936766,1.016476162,0.916360528
0.029,1032.012502075918,984.6923325,977.3555664640152,1021.0451444717096,920.4563918458298,1.027591007,0.980473573,0.973168241,1.016670637,0.916512841
0.03,1034.283882995833,985.9194479465672,979.7983597545536,1023.5649601255882,922.7106050699948,1.027516092,0.979468127,0.973387092,1.016867308,0.916672889
0.031,1036.4610321281984,987.0863273430988,982.1432434,1025.997120680087,924.8909592039416,1.027438474,0.978493584,0.973593531,1.017065653,0.916839637
0.032,1038.550566428386,988.2001677898749,984.3963314893772,1028.3473429693206,927.0021413,1.027358499,0.977550708,0.973787864,1.017265232,0.917012189
0.033,1040.5584591310908,989.2670642990754,986.5632481555222,1030.6208076063813,929.0484059434384,1.027276469,0.976639772,0.973970468,1.017465664,0.917189762
0.034,1042.4901188111332,990.2921913716292,988.6491775360192,1032.8222236958477,931.0336268508108,1.027192654,0.975760677,0.974141773,1.017666626,0.917371671
0.035,1044.3504568262151,991.2799538574882,990.6589073688956,1034.9558840968234,932.9613410381136,1.027107296,0.974913035,0.974302242,1.017867836,0.917557315
0.036,1046.1439451142894,992.2341124,992.5968670584843,1037.025712842394,934.8347867,1.02702061,0.97409624,0.974452363,1.018069057,0.917746164
0.037,1047.874665940549,993.1578874785872,994.4671611262602,1039.0353060121647,936.6569361,1.026932787,0.973309529,0.974592637,1.018270083,0.917937755
0.038,1049.5463548914447,994.0540466884576,996.2735987306224,1040.987967111457,938.4305237008956,1.026843998,0.972552023,0.974723565,1.018470733,0.918131673
0.039,1051.1624381770723,994.9249765,998.0197198248352,1042.8867378183586,940.158071,1.026754396,0.971822771,0.974845654,1.018670858,0.918327555
0.04,1052.726065114828,995.7727428267934,999.7088184265886,1044.7344248065042,941.841908,1.026664119,0.971120769,0.974959401,1.018870325,0.91852508
0.041,1054.240136515905,996.599141,1001.3439633922536,1046.5336232285583,943.4841923570492,1.02657329,0.970444991,0.975065293,1.019069022,0.918723959
0.042,1055.707329574001,997.4057379,1002.9280170254642,1048.2867373462384,945.0869256447768,1.026482019,0.9697944,0.975163805,1.019266852,0.918923937
0.043,1057.1301197563844,998.1939068575344,1004.4636517991312,1049.995998712295,946.6519682694924,1.026390405,0.969167966,0.975255396,1.019463733,0.919124788
0.044,1058.5108,998.9648569415492,1005.9533654244152,1051.6634822443214,948.1810523718596,1.026298535,0.968564675,0.975340512,1.019659593,0.919326307
0.045,1059.8514983808975,999.7196575046544,1007.3994944682928,1053.2911204765162,949.6757933621992,1.026206492,0.967983538,0.975419578,1.019854374,0.919528317
0.046,1061.154192108571,1000.4592586966688,1008.8042266903212,1054.8807162312903,951.1377002,1.026114347,0.967423591,0.975493004,1.020048024,0.919730655
0.047,1062.4207221755237,1001.1845087039686,1010.169612245576,1056.4339539159955,952.5681844,1.026022163,0.966883904,0.975561178,1.020240502,0.919933176
0.048,1063.652805,1001.8961682287742,1011.4975738801296,1057.952409619644,953.9685686664887,1.025929999,0.966363582,0.975624471,1.02043177,0.920135751
0.049,1064.8520422906695,1002.5949226724782,1012.7899162296673,1059.4375601591153,955.3400935627288,1.025837906,0.965861768,0.975683237,1.020621801,0.920338265
0.05,1066.0199326799293,1003.2813924035124,1014.0483343155356,1060.8907912030825,956.6839246929158,1.025745933,0.965377641,0.97573781,1.020810569,0.920540615
0.051,1067.1578783700843,1003.956141425934,1015.2744213226832,1062.3134045840245,958.0011583972956,1.02565412,0.964910416,0.975788507,1.020998057,0.920742708
0.052,1068.2671939169177,1004.6196847115962,1016.4696757307976,1063.7066248935996,959.2928271738348,1.025562507,0.964459349,0.975835628,1.021184249,0.920944462
0.053,1069.349113,1005.2724944145198,1017.6355078636552,1065.071605,960.5599045405396,1.025471125,0.964023726,0.975879455,1.021369134,0.921145802
0.054,1070.4047949983424,1005.9150051493974,1018.7732459134422,1066.4094336660924,961.8033094446872,1.025380008,0.963602873,0.975920254,1.021552705,0.921346662
0.055,1071.435330259117,1006.5476184856824,1019.884141488932,1067.7211360092529,963.0239102662308,1.025289181,0.963196149,0.975958275,1.021734956,0.921546984
0.056,1072.4417457730165,1007.1707067834376,1020.969374732289,1069.007682393168,964.2225284610176,1.02519867,0.962802943,0.975993754,1.021915883,0.921746713
0.057,1073.425009667237,1007.7846164761032,1022.0300590434344,1070.2699902634845,965.3999418827008,1.025108495,0.962422677,0.97602691,1.022095488,0.921945802
0.058,1074.386035555271,1008.389670887908,1023.0672454484156,1071.5089282906315,966.5568878140766,1.025018677,0.962054804,0.976057953,1.022273771,0.92214421
0.059,1075.3256864587938,1008.9861726591316,1024.081926640938,1072.725319749463,967.6940657410304,1.024929233,0.961698802,0.976087075,1.022450736,0.9223419
0.06,1076.2447783880789,1009.5744058403744,1025.0750407267478,1073.9199456120443,968.8121398926014,1.02484018,0.961354179,0.976114458,1.022626388,0.922538838
0.061,1077.1440836156685,1010.1546377069668,1026.047474696417,1075.0935473822587,969.9117415711517,1.024751528,0.961020466,0.976140271,1.022800731,0.922734994
0.062,1078.0243336740102,1010.7271203362972,1027.000068,1076.2468296976208,970.9934712937102,1.024663292,0.960697218,0.976164672,1.022973772,0.922930342
0.063,1078.8862221042582,1011.2920919838908,1027.9336137782666,1077.3804627208174,972.0579008,1.024575482,0.960384016,0.976187809,1.023145522,0.923124859
0.064,1079.730406980388,1011.8497782882934,1028.848865170963,1078.495084341011,973.1055747,1.024488108,0.960080459,0.976209821,1.023315988,0.923318527
0.065,1080.5575132301012,1012.400393329972,1029.7465343812946,1079.591302202737,974.1370124049718,1.024401178,0.959786168,0.976230834,1.02348518,0.923511327
0.066,1081.3681347716515,1012.9441405654457,1030.6272968493868,1080.6696955783214,975.1527095453348,1.024314696,0.959500781,0.976250966,1.023653107,0.923703242
0.067,1082.162836483674,1013.4812136544774,1031.4917931462403,1081.7308170980468,976.1531393367331,1.024228673,0.959223957,0.976270331,1.023819782,0.923894261
0.068,1082.9421560232856,1014.0117971953754,1032.340631068626,1082.7751943508226,977.1387539935532,1.024143111,0.95895537,0.976289028,1.023985214,0.924084373
0.069,1083.7066055061375,1014.5360673810966,1033.1743875928803,1083.8033313667877,978.1099859,1.024058015,0.958694711,0.976307154,1.024149417,0.924273567
0.07,1084.4566730606875,1015.0541925868906,1033.9936106994865,1084.815709992126,979.0672489,1.023973388,0.958441685,0.976324797,1.024312401,0.924461837
0.071,1085.192824267714,1015.566333898576,1034.7988210769836,1085.812791165348,980.0109390680444,1.023889235,0.958196012,0.976342037,1.024474179,0.924649176
0.072,1085.915503495003,1016.0726455891754,1035.5905137143563,1086.7950161033698,980.941436,1.023805555,0.957957425,0.97635895,1.024634763,0.924835577
0.073,1086.6251351361348,1016.5732755504704,1036.3691593905096,1087.762807404921,981.8591034,1.023722352,0.95772567,0.976375605,1.024794167,0.925021039
0.074,1087.3221247614597,1017.0683656850764,1037.1352060674108,1088.7165700780884,982.7642904163804,1.023639626,0.957500503,0.976392065,1.024952401,0.925205556
0.075,1088.0068601885366,1017.5580522638196,1037.8890801941743,1089.656692498154,983.6573319,1.023557378,0.957281696,0.976408389,1.025109481,0.925389128
0.076,1088.679712478654,1018.042466252513,1038.6311879283166,1090.583547301316,984.5385495,1.023475609,0.957069027,0.976424632,1.025265418,0.925571755
0.077,1089.3410368654072,1018.5217336116464,1039.3619162800023,1091.4974922193642,985.4082523256076,1.023394319,0.956862287,0.976440843,1.025420226,0.925753435
0.078,1089.9911736207644,1018.9959755720216,1040.0816341846948,1092.3988708599195,986.2667373290752,1.023313505,0.956661273,0.976457066,1.025573917,0.92593417
0.079,1090.630448863555,1019.4653088889492,1040.7906935087522,1093.2880134364368,987.1142902707217,1.023233168,0.956465794,0.976473342,1.025726504,0.926113959
0.08,1091.259175314872,1019.929846077267,1041.48943,1094.1652374517917,987.9511861,1.023153307,0.956275666,0.976489709,1.025878001,0.926292806
0.081,1091.8776530044668,1020.3896956291508,1042.1781641372943,1095.0308483389445,988.7776894768468,1.02307392,0.956090715,0.976506202,1.02602842,0.926470713
0.082,1092.4861699318803,1020.8449622164298,1042.857202033978,1095.885140061865,989.5940553897526,1.022995006,0.955910772,0.976522851,1.026177774,0.926647682
0.083,1093.0850026856983,1021.2957468789097,1043.526836146484,1096.728395679639,990.4005295123206,1.022916562,0.955735676,0.976539684,1.026326075,0.926823716
0.084,1093.6744170240536,1021.7421472000066,1044.1873460440547,1097.5608878764187,991.1973487050273,1.022838587,0.955565274,0.976556727,1.026473336,0.926998821
0.085,1094.2546684192134,1022.1842574708588,1044.8389990908909,1098.382879459671,991.9847414210672,1.022761078,0.955399418,0.976574003,1.026619571,0.927173
0.086,1094.826002568867,1022.622169,1045.4820510946447,1099.1946238289588,992.7629281001864,1.022684033,0.955237966,0.97659153,1.02676479,0.927346257
0.087,1095.3886558764932,1023.0559694770078,1046.1167469164357,1099.9963654173312,993.5321215,1.022607449,0.955080783,0.976609327,1.026909008,0.927518596
0.088,1095.942855903018,1023.4857446684024,1046.743321044196,1100.7883401071997,994.2925272376742,1.022531324,0.954927739,0.976627411,1.027052234,0.927690024
0.089,1096.4888217917587,1023.9115769840598,1047.3619981331867,1101.570775622462,995.0443437360228,1.022455654,0.954778709,0.976645795,1.027194483,0.927860545
0.09,1097.0267646685256,1024.333546377226,1047.972993514035,1102.343891898472,995.7877629174618,1.022380438,0.954633573,0.976664492,1.027335765,0.928030165
0.091,1097.5568880185765,1024.751730301242,1048.5765136721311,1103.107901431337,996.5229703,1.022305671,0.954492215,0.976683512,1.027476093,0.928198889
0.092,1098.0793880420024,1025.166203815979,1049.1727566985646,1103.8630096079137,997.2501453498844,1.022231351,0.954354526,0.976702865,1.027615478,0.928366723
0.093,1098.5944539889906,1025.577039688388,1049.761912715272,1104.609415017764,997.9694617,1.022157475,0.954220398,0.976722559,1.027753933,0.928533675
0.094,1099.102268476306,1025.984308487572,1050.344164276321,1105.347309748242,998.6810873,1.022084038,0.954089729,0.976742598,1.027891466,0.928699747
0.095,1099.6030077862265,1026.388078674778,1050.919686745794,1106.0768796637856,999.385185,1.022011039,0.953962421,0.97676299,1.028028092,0.928864949
0.096,1100.0968421490709,1026.7884166886497,1051.488648654311,1106.7983046704237,1000.0819124107948,1.021938475,0.953838379,0.976783738,1.02816382,0.929029286
0.097,1100.5839360103876,1027.1853870260545,1052.0512120358762,1107.5117589664187,1000.7714221684728,1.021866339,0.95371751,0.976804844,1.02829866,0.929192764
0.098,1101.064448283773,1027.579052318783,1052.6075327455185,1108.2174112799105,1001.4538623215632,1.02179463,0.953599728,0.976826313,1.028432624,0.929355389
0.099,1101.5385325902294,1027.9694734063823,1053.1577607589425,1108.9154250943586,1002.1293763782596,1.021723346,0.953484947,0.976848144,1.028565724,0.92951717
0.1,1102.0063374849135,1028.3567094053672,1053.7020404562936,1109.6059588625244,1002.7981035211124,1.021652481,0.953373087,0.976870338,1.028697969,0.929678111
0.11,1106.368477912899,1032.0657859908677,1058.8459373217777,1116.1315350214256,1009.1399425318232,1.020966159,0.952399009,0.977111958,1.029975591,0.931242847
0.12,1110.2355185080548,1035.510768,1063.5209495218005,1122.0527501536692,1014.9297548725737,1.020317999,0.951645175,0.977386824,1.031178158,0.93273101
0.13,1113.6978938505197,1038.730284795039,1067.8102050112211,1127.469360719097,1020.2559988973662,1.019704655,0.95106412,0.977689769,1.032313846,0.934149016
0.14,1116.8241670748953,1041.7548445477453,1071.7753495743964,1132.4584929834102,1025.1874386472628,1.01912304,0.950620872,0.978015147,1.033389656,0.935502803
0.15,1119.6674398234456,1044.6089910299083,1075.463568752457,1137.0809834981474,1029.7785884465557,1.018570361,0.950289094,0.978357749,1.0344116,0.936797759
0.16,1122.2695966617407,1047.3127815657958,1078.911958,1141.3856484172147,1034.0733970293077,1.018044119,0.950048563,0.978713116,1.035384858,0.938038724
0.17,1124.6642009993284,1049.8828315293583,1082.150335,1145.4122428597457,1038.107812986942,1.017542082,0.949883495,0.97907758,1.036313912,0.939230025
0.18,1126.8785226706657,1052.333069305067,1085.203111091745,1149.1935641948846,1041.9116159240948,1.017062262,0.949781392,0.979448192,1.037202664,0.940375528
0.19,1128.9349899004967,1054.6752935207635,1088.0905746764038,1152.7569798053655,1045.5097519321134,1.016602892,0.949732237,0.979822607,1.038054529,0.941478691
0.2,1130.8522498903983,1056.9195918896066,1090.8298041679664,1156.1255582575818,1048.9233261576155,1.016162388,0.949727903,0.980198977,1.038872504,0.942542611
0.21,1132.6459572688557,1059.0746611467814,1093.435329135158,1159.3189211577594,1052.1703529827064,1.015739338,0.94976174,0.980575854,1.039659238,0.943570063
0.22,1134.3293695125872,1061.148054977034,1095.919624670758,1162.3538944479633,1055.2663315501995,1.015332474,0.94982825,0.980952106,1.040417084,0.944563549
0.23,1135.913802989261,1063.1463786379957,1098.2934876120416,1165.245013176318,1058.2246932669077,1.014940656,0.949922855,0.981326849,1.041148136,0.945525322
0.24,1137.408987,1065.075443532051,1100.5663282455644,1168.0049175377162,1061.0571540074889,1.014562858,0.950041716,0.9816994,1.041854268,0.946457423
0.25,1138.8233400804097,1066.9403912753432,1102.7464000105392,1170.644667086825,1063.7739943809574,1.014198149,0.950181588,0.982069228,1.042537164,0.947361701
0.26,1140.1641928795686,1068.7457942490705,1104.8409827972646,1173.173993,1066.3842850018991,1.013845689,0.950339717,0.982435929,1.043198342,0.948239839
0.27,1141.4379618329908,1070.4957378141653,1106.8565309108235,1175.601499680805,1068.896069228067,1.013504711,0.950513747,0.982799194,1.043839173,0.94909337
0.28,1142.650292991218,1072.1938880813111,1108.7987937179278,1177.9348352343025,1071.316512653255,1.013174519,0.950701657,0.983158794,1.044460905,0.949923698
0.29,1143.8061778351123,1073.843548194016,1110.672914899944,1180.180823918954,1073.6520263563143,1.012854475,0.950901704,0.983514562,1.045064673,0.950732109
0.3,1144.9100485666354,1075.447705396699,1112.4835147569538,1182.3455815115055,1075.908369251876,1.012543996,0.951112377,0.983866379,1.045651509,0.951519782
0.31,1145.965856885597,1077.0090706503404,1114.2347589498968,1184.4346093266308,1078.0907336513046,1.012242547,0.951332362,0.984214166,1.046222362,0.952287805
0.32,1146.9771395433822,1078.530112175658,1115.930416292278,1186.4528734822616,1080.2038172387984,1.011949635,0.951560512,0.984557877,1.046778102,0.95303718
0.33,1147.9470732285065,1080.0130840134889,1117.5739076283062,1188.4048718171289,1082.251883967314,1.011664809,0.951795823,0.984897492,1.047319528,0.953768837
0.34,1148.8785207842575,1081.460050469722,1119.1683474038728,1190.2946906950133,1084.238815863966,1.011387645,0.952037412,0.985233007,1.047847377,0.954483632
0.35,1149.7740703369566,1082.872907140297,1120.7165792047745,1192.1260534727978,1086.1681573229143,1.01111776,0.952284502,0.985564439,1.048362331,0.955182364
0.36,1150.6360685898512,1084.2533990778943,1122.221206,1193.9023620559256,1088.0431531593204,1.010854792,0.952536405,0.985891816,1.048865021,0.955865773
0.37,1151.4666492874285,1085.6031365568049,1123.6846179167042,1195.626732689409,1089.8667814469663,1.010598408,0.952792512,0.986215177,1.04935603,0.95653455
0.38,1152.267757659896,1086.923608809297,1125.1090122070163,1197.3020269163285,1091.6417819778435,1.010348297,0.953052283,0.986534568,1.049835905,0.957189341
0.39,1153.041171504456,1088.216196,1126.4964159756782,1198.9308784648051,1093.3706810236908,1.01010417,0.953315237,0.986850041,1.050305149,0.957830745
0.4,1153.788519,1089.4821799761812,1127.848702096264,1200.515716688374,1095.0558129627025,1.009865757,0.953580945,0.987161654,1.050764237,0.958459327
0.41,1154.511296766998,1090.7227531533097,1129.167604704795,1202.0587870757192,1096.699339235085,1.009632806,0.953849024,0.987469469,1.051213608,0.959075614
0.42,1155.2108793171833,1091.9390271318862,1130.454732572718,1203.562169257917,1098.3032650153618,1.00940508,0.954119132,0.987773549,1.051653676,0.959680103
0.43,1155.8885355556529,1093.1320397739848,1131.7115809078678,1205.0277928701917,1099.869453921332,1.009182359,0.954390961,0.98807396,1.052084827,0.960273258
0.44,1156.5454372226152,1094.3027617160774,1132.9395417974447,1206.4574515672275,1101.3996410337277,1.008964434,0.954664236,0.988370769,1.052507424,0.960855518
0.45,1157.1826687012017,1095.452102139867,1134.1399134784006,1207.8528154436158,1102.8954444506671,1.008751109,0.954938709,0.988664043,1.052921808,0.961427295
0.46,1157.801235294235,1096.5809139314954,1135.313908588665,1209.2154420719628,1104.3583755742293,1.008542203,0.955214157,0.988953851,1.053328299,0.96198898
0.47,1158.402070556804,1097.6899983057356,1136.4626615305897,1210.5467863389154,1105.7898482891032,1.008337542,0.95549038,0.989240261,1.0537272,0.962540939
0.48,1158.9860428098366,1098.7801089607738,1137.5872350599966,1211.8482092325432,1107.1911871756893,1.008136962,0.955767196,0.989523339,1.054118796,0.963083522
0.49,1159.553960941058,1099.8519558199473,1138.6886261954205,1213.1209857121842,1108.5636348766277,1.007940309,0.956044443,0.989803153,1.054503355,0.963617055
0.5,1160.1065795840302,1100.906208409036,1139.767771530256,1214.3663117731455,1109.9083587182686,1.007747439,0.956321972,0.990079768,1.054881131,0.964141852
0.51,1160.644603752872,1101.9434989111332,1140.8255520192906,1215.5853108029369,1111.2264566768426,1.007558213,0.956599651,0.990353249,1.055252365,0.964658207
0.52,1161.168692999271,1102.9644249355515,1141.8627973003313,1216.7790393124503,1112.5189627660438,1.007372501,0.956877358,0.990623661,1.055617285,0.965166402
0.53,1161.6794651491311,1103.9695520324813,1142.8802896038978,1217.9484921142844,1113.786851909943,1.007190179,0.957154985,0.990891066,1.055976108,0.965666703
0.54,1162.1774996683905,1104.9594159810752,1143.8787672982437,1219.0946070108666,1115.0310443617636,1.007011131,0.957432433,0.991155526,1.056329037,0.966159363
0.55,1162.663340700894,1105.9345248751602,1144.8589281082968,1220.2182690469283,1116.2524097168352,1.006835245,0.957709613,0.991417101,1.056676268,0.966644624
0.56,1163.137499815587,1106.8953610278097,1145.8214320452537,1221.3203143739208,1117.451771,1.006662415,0.957986444,0.991675851,1.057017985,0.967122716
0.57,1163.6004584954596,1107.8423827134416,1146.766904076154,1222.401533768024,1118.6299058117438,1.00649254,0.958262852,0.991931832,1.057354366,0.967593857
0.58,1164.0526703965695,1108.7760257638893,1147.6959365624934,1223.4626758382865,1119.7875537310028,1.006325525,0.958538771,0.9921851,1.057685576,0.968058256
0.59,1164.4945634019298,1109.6967050329815,1148.6090914889935,1224.5044499570106,1120.9254147304457,1.006161279,0.958814142,0.992435713,1.058011778,0.968516113
0.6,1164.926541492003,1110.6048157424912,1149.5069025060511,1225.5275289406964,1122.0441539031451,1.005999715,0.959088911,0.992683723,1.058333123,0.96896762
0.61,1165.348986450929,1111.5007347208723,1150.3898768031504,1226.5325515065451,1123.1444033620646,1.005840749,0.959363027,0.992929181,1.058649756,0.969412958
0.62,1165.7622594253307,1112.3848215449289,1151.2584968297742,1227.5201245266533,1124.2267643845407,1.005684302,0.959636447,0.99317214,1.058961816,0.9698523
0.63,1166.1667023505795,1113.2574195934574,1152.1132218787095,1228.490825099529,1125.291809386457,1.005530299,0.959909131,0.993412649,1.059269437,0.970285815
0.64,1166.5626392576935,1114.1188570209324,1152.954489544965,1229.4452024563743,1126.3400837398367,1.005378668,0.960181044,0.993650757,1.059572747,0.970713664
0.65,1166.9503774725415,1114.969448,1153.782717071066,1230.3837797176743,1127.3721074502682,1.005229339,0.960452152,0.99388651,1.059871865,0.971135997
0.66,1167.330208717729,1115.809491848391,1154.5983025901369,1231.307055513944,1128.3883767061634,1.005082245,0.960722425,0.994119955,1.06016691,0.971552963
0.67,1167.702410126407,1116.6392772186075,1155.4016262752702,1232.2155054830323,1129.3893653113628,1.004937324,0.96099184,0.994351137,1.060457992,0.971964704
0.68,1168.067245176229,1117.4590794013484,1156.193051403854,1233.1095836550644,1130.3755260114558,1.004794516,0.961260372,0.9945801,1.06074522,0.972371354
0.69,1168.4249645508262,1118.269162701611,1156.9729253439582,1233.989723734977,1131.347291723825,1.004653759,0.961527999,0.994806885,1.061028695,0.972773044
0.7,1168.7758069353704,1119.0697807191666,1157.7415804702905,1234.8563402915763,1132.3050766787492,1.004515001,0.961794704,0.995031534,1.061308516,0.9731699
0.71,1169.1199997521396,1119.8611769280708,1158.4993350146688,1235.7098298611718,1133.2492774795974,1.004378186,0.96206047,0.995254089,1.061584779,0.973562041
0.72,1169.4577598413734,1120.6435852171278,1159.2464938571793,1236.550571973014,1134.1802740889834,1.004243262,0.962325283,0.995474587,1.061857574,0.973949583
0.73,1169.7892940921895,1121.41723,1159.9833492629696,1237.378930103094,1135.0984307471665,1.00411018,0.962589129,0.995693067,1.062126989,0.974332639
0.74,1170.1148000278465,1122.1823286588844,1160.7101815685746,1238.1952525622094,1136.0040968273534,1.003978894,0.962851998,0.995909567,1.062393109,0.974711316
0.75,1170.4344663492243,1122.939088041103,1161.4272598225507,1238.999873323644,1136.8976076341933,1.003849356,0.96311388,0.996124123,1.062656014,0.975085717
0.76,1170.7484734400186,1123.6877088163542,1162.1348423832678,1239.7931127953204,1137.7792851489503,1.003721523,0.963374767,0.996336771,1.062915783,0.975455943
0.77,1171.056993836804,1124.428383891363,1162.833177478169,1240.5752785408208,1138.649439,1.003595351,0.963634652,0.996547544,1.063172492,0.97582209
0.78,1171.3601926668373,1125.161299167131,1163.5225037263008,1241.3466659532814,1139.5083657460054,1.003470801,0.963893529,0.996756476,1.063426212,0.976184251
0.79,1171.6582280561863,1125.8866338794774,1164.203051,1242.1075588858002,1140.3563522230834,1.003347831,0.964151393,0.996963601,1.063677014,0.976542515
0.8,1171.951251510552,1126.6045609189484,1164.8750390242783,1242.8582302416753,1141.1936733798357,1.003226405,0.96440824,0.997168949,1.063924966,0.97689697
0.81,1172.239408270916,1127.3152471315825,1165.538681525737,1243.5989425275015,1142.020594181493,1.003106486,0.964664068,0.997372553,1.064170132,0.9772477
0.82,1172.5228376459747,1128.0188536018982,1166.1941829178832,1244.329948371889,1142.8373698407086,1.002988038,0.964918875,0.997574442,1.064412576,0.977594785
0.83,1172.8016733231302,1128.715535919364,1166.841740539821,1245.0514910123304,1143.6442462891573,1.002871027,0.965172659,0.997774647,1.064652359,0.977938305
0.84,1173.0760436596631,1129.4054444294898,1167.4815446409048,1245.7638047525306,1144.4414606232897,1.002755419,0.965425418,0.997973194,1.064889538,0.978278333
0.85,1173.3460719555692,1130.088724470612,1168.113778716768,1246.4671153923207,1145.2292415217962,1.002641185,0.965677156,0.998170114,1.065124173,0.978614946
0.86,1173.6118767094142,1130.765516597334,1168.7386198248132,1247.1616406320968,1146.0078096396755,1.002528291,0.96592787,0.998365434,1.065356318,0.978948214
0.87,1173.8735718584462,1131.4359567915294,1169.3562388822902,1247.8475904535785,1146.7773779793642,1.002416707,0.966177562,0.998559179,1.065586024,0.979278204
0.88,1174.1312670041043,1132.100176661727,1169.966800946684,1248.5251674785152,1147.5381522404496,1.002306406,0.966426235,0.998751377,1.065813345,0.979604984
0.89,1174.3850676239654,1132.7583036316446,1170.570465480676,1249.1945673068672,1148.2903311499394,1.00219736,0.96667389,0.998942053,1.066038331,0.97992862
0.9,1174.635075271086,1133.4104611185826,1171.1673866023775,1249.8559788358398,1149.0341067733243,1.00208954,0.966920529,0.99913123,1.066261028,0.980249172
0.91,1174.8813877616185,1134.0567687023142,1171.7577133210143,1250.509585,1149.7696648098065,1.001982922,0.967166155,0.999318935,1.066481486,0.980566703
0.92,1175.1240993515153,1134.697342285095,1172.3415897609666,1251.1555608610784,1150.4971848699497,1.001877479,0.967410772,0.99950519,1.066699747,0.98088127
0.93,1175.3633009030627,1135.332294243335,1172.9191553724231,1251.7940782662893,1151.2168407394784,1.001773188,0.967654385,0.99969002,1.066915858,0.981192933
0.94,1175.5990800419322,1135.9617335714618,1173.4905451314407,1252.4253017132817,1151.928800628055,1.001670024,0.967896995,0.999873445,1.06712986,0.981501745
0.95,1175.8315213053852,1136.5857660184504,1174.0558897297597,1253.0493907855512,1152.6332274053711,1.001567963,0.968138607,1.000055488,1.067341795,0.981807762
0.96,1176.0607062822169,1137.2044942174678,1174.6153157535591,1253.6664999414463,1153.3302788251312,1.001466985,0.968379226,1.000236172,1.067551703,0.982111035
0.97,1176.286713744977,1137.8180178090483,1175.168945854064,1254.276778730145,1154.020107736811,1.001367066,0.968618856,1.000415516,1.067759623,0.982411615
0.98,1176.5096197749724,1138.4264335581845,1175.7168989090133,1254.8803719964114,1154.7028622868238,1.001268187,0.968857502,1.000593542,1.067965594,0.982709552
0.99,1176.729497880511,1139.0298354656932,1176.2592901756288,1255.4774200748193,1155.378686109907,1.001170326,0.969095169,1.000770269,1.068169651,0.983004894
1,1176.946419108819,1139.6283148741904,1176.7962314363103,1256.0680589740878,1156.0477185097989,1.001073463,0.969331862,1.000945718,1.068371832,0.983297688
1.01,1177.160452,1140.221960568991,1177.327831136936,1256.6524205521237,1156.710094632348,1.000977579,0.969567586,1.001119907,1.06857217,0.98358798
1.02,1177.3716634476086,1140.8108588742189,1177.8541945182951,1257.230632682327,1157.3659456289606,1.000882657,0.969802348,1.001292856,1.068770699,0.983875813
1.03,1177.5801172735632,1141.3950937443997,1178.3754237410612,1257.802819411677,1158.015398812364,1.000788675,0.97003615,1.001464581,1.068967452,0.98416123
1.04,1177.7858758387556,1141.9747468517985,1178.8916180052329,1258.3691011110811,1158.6585778057342,1.000695619,0.970269002,1.001635103,1.069162462,0.984444275
1.05,1177.9889993686102,1142.5498976697254,1179.402873662766,1258.929595,1159.2956026825125,1.000603469,0.970500906,1.001804438,1.069355759,0.984724987
1.06,1178.189546186495,1143.120623552045,1179.909284326306,1259.4844133747893,1159.9265901023757,1.000512211,0.970731871,1.001972603,1.069547373,0.985003407
1.07,1178.3875727910356,1143.6869998090842,1180.4109409715747,1260.0336675541084,1160.5516534388298,1.000421825,0.970961899,1.002139614,1.069737335,0.985279572
1.08,1178.5831339295958,1144.2490997801478,1180.9079320355668,1260.577464186817,1161.170902901562,1.000332298,0.971190999,1.00230549,1.069925672,0.985553521
1.09,1178.776282668154,1144.8069949028077,1181.400343510264,1261.1159072776506,1161.784445652971,1.000243614,0.971419177,1.002470245,1.070112414,0.985825292
1.1,1178.967070457778,1145.3607547791505,1181.8882590317517,1261.649097918025,1162.3923859196948,1.000155758,0.971646438,1.002633897,1.070297587,0.986094919
1.11,1179.1555471978982,1145.910447239136,1182.3717599658994,1262.1771343932571,1162.9948250985472,1.000068715,0.971872788,1.002796458,1.070481217,0.986362438
1.12,1179.3417612965563,1146.4561384012202,1182.8509254891542,1262.7001122849151,1163.5918618586147,0.99998247,0.972098232,1.002957946,1.07066333,0.986627882
1.13,1179.525759727802,1146.9978927303837,1183.325832667004,1263.218124568558,1164.183592237532,0.999897011,0.972322778,1.003118374,1.070843952,0.986891286
1.14,1179.707588086396,1147.535773093697,1183.7965565280174,1263.7312617071134,1164.7701097347308,0.999812322,0.972546432,1.003277758,1.071023108,0.987152681
1.15,1179.8872906399683,1148.0698408135495,1184.2631701352077,1264.2396117401222,1165.3515054000309,0.999728392,0.9727692,1.003436111,1.07120082,0.987412099
1.16,1180.0649103787698,1148.6001557186632,1184.7257446536678,1264.7432603690706,1165.9278679183917,0.999645207,0.972991087,1.003593448,1.071377114,0.987669572
1.17,1180.240489,1149.1267761929898,1185.184349416406,1265.2422910390078,1166.4992836908204,0.999562755,0.973212101,1.003749782,1.071552012,0.987925129
1.18,1180.4140672688827,1149.6497592226133,1185.6390519862762,1265.7367850166477,1167.0658369126031,0.999481023,0.973432247,1.003905126,1.071725534,0.9881788
1.19,1180.5856844304517,1150.169160440739,1186.089918215643,1266.2268214651294,1167.6276096478105,0.999399999,0.97365153,1.004059493,1.071897704,0.988430613
1.2,1180.7553788824082,1150.685034170876,1186.5370123039463,1266.7124775156076,1168.184681899962,0.999319673,0.973869959,1.004212897,1.072068544,0.988680599
1.21,1180.9231878989017,1151.1974334682895,1186.9803968523047,1267.193828335836,1168.7371316810604,0.999240032,0.974087538,1.004365349,1.072238072,0.988928781
1.22,1181.0891477314713,1151.7064101598144,1187.4201329163625,1267.6709471958852,1169.2850350770168,0.999161066,0.974304274,1.004516863,1.07240631,0.98917519
1.23,1181.253293645202,1152.212014882099,1187.8562800566433,1268.1439055311491,1169.8284663102822,0.999082763,0.974520172,1.00466745,1.072573277,0.989419849
1.24,1181.4156599533128,1152.7142971183646,1188.288896386803,1268.6127730027608,1170.3674978006163,0.999005113,0.97473524,1.004817122,1.072738995,0.989662787
1.25,1181.5762800502705,1153.2133052337358,1188.7180386204273,1269.077617555553,1170.9022002225977,0.998928106,0.974949482,1.004965891,1.072903478,0.989904026
1.26,1181.7351864434938,1153.709086509222,1189.143762115389,1269.538505473678,1171.4326425613835,0.998851731,0.975162906,1.005113768,1.073066748,0.990143593
1.27,1181.8924107837252,1154.2016871744015,1189.566120916919,1269.995501433998,1171.958892166498,0.99877598,0.975375517,1.005260764,1.073228823,0.99038151
1.28,1182.0479838941303,1154.6911524388734,1189.9851677987026,1270.4486685573577,1172.4810148025863,0.998700841,0.97558732,1.00540689,1.073389719,0.990617802
1.29,1182.2019357981933,1155.1775265225288,1190.400954302342,1270.8980684578296,1172.999074698659,0.998626306,0.975798323,1.005552158,1.073549455,0.990852491
1.3,1182.3542957464624,1155.6608526846994,1190.8135307755438,1271.3437612900398,1173.5131345966363,0.998552366,0.97600853,1.005696577,1.073708046,0.9910856
1.31,1182.505092242205,1156.1411732522297,1191.2229464087286,1271.7858057946487,1174.0232557953568,0.998479011,0.976217949,1.005840159,1.07386551,0.991317151
1.32,1182.6543530660213,1156.6185296465192,1191.6292492702487,1272.2242593420842,1174.5294981958575,0.998406233,0.976426584,1.005982912,1.074021862,0.991547166
1.33,1182.8021052994704,1157.0929624095863,1192.0324863399728,1272.6591779746022,1175.0319203424733,0.998334023,0.97663444,1.006124847,1.074177118,0.991775664
1.34,1182.9483753477505,1157.5645112291877,1192.4327035423485,1273.0906164467492,1175.5305794643937,0.998262372,0.976841525,1.006265974,1.074331294,0.992002669
1.35,1183.0931889614826,1158.0332149630422,1192.8299457774265,1273.5186282643003,1176.0255315141983,0.998191274,0.977047844,1.006406304,1.074484406,0.992228198
1.36,1183.236571257636,1158.499111662191,1193.2242569513037,1273.9432657217435,1176.5168312054593,0.998120719,0.977253403,1.006545844,1.074636467,0.992452274
1.37,1183.378546739639,1158.9622385935363,1193.6156800052267,1274.364579938372,1177.0045320498757,0.998050699,0.977458207,1.006684604,1.074787492,0.992674913
1.38,1183.519139316706,1159.4226322615905,1194.0042569434154,1274.782620893042,1177.488686391036,0.997981208,0.977662262,1.006822594,1.074937495,0.992896137
1.39,1183.658372322426,1159.880328429468,1194.3900288605364,1275.197437457668,1177.9693454389926,0.997912237,0.977865573,1.006959823,1.075086492,0.993115963
1.4,1183.7962685326363,1160.335362139152,1194.773035967548,1275.6090774294917,1178.4465593029745,0.997843778,0.978068146,1.007096298,1.075234493,0.993334409
1.41,1183.932850182623,1160.787767731071,1195.1533176166704,1276.0175875621944,1178.920377021539,0.997775826,0.978269987,1.00723203,1.075381515,0.993551495
1.42,1184.0681389836666,1161.2375788630036,1195.5309123260668,1276.423013595891,1179.3908465942368,0.997708371,0.978471099,1.007367026,1.075527568,0.993767235
1.43,1184.202156138977,1161.6848285283495,1195.905857803009,1276.8254002860608,1179.8580150096675,0.997641409,0.97867149,1.007501294,1.075672667,0.993981649
1.44,1184.3349223590303,1162.1295490737846,1196.2781909664627,1277.224791431453,1180.3219282744683,0.997574932,0.978871166,1.007634844,1.075816824,0.994194754
1.45,1184.4664578763438,1162.571772216328,1196.6479479689733,1277.6212299010178,1180.7826314399715,0.997508933,0.979070129,1.007767683,1.07596005,0.994406566
1.46,1184.596782459706,1163.011529059846,1197.0151642179117,1278.014757659896,1181.240168628865,0.997443406,0.979268387,1.007899819,1.07610236,0.994617101
1.47,1184.7259154278925,1163.4488501110127,1197.3798743953812,1278.4054157945122,1181.694583059987,0.997378343,0.979465944,1.008031259,1.076243762,0.994826373
1.48,1184.8538756628843,1163.8837652947498,1197.742112478241,1278.793244536805,1182.145917073358,0.997313741,0.979662806,1.008162012,1.076384271,0.995034401
1.49,1184.980681622613,1164.3163039691651,1198.1019117569667,1279.178283287631,1182.594212,0.997249591,0.979858977,1.008292084,1.076523896,0.995241199
1.5,1185.106351353248,1164.7464949400116,1198.4593048542156,1279.560570639374,1183.0395089534577,0.997185888,0.980054462,1.008421484,1.076662649,0.995446782
1.51,1185.2309025010536,1165.174366474683,1198.8143237421757,1279.9401443977945,1183.4818473145133,0.997122626,0.980249268,1.008550219,1.076800542,0.995651164
1.52,1185.354352323825,1165.5999463157636,1199.1669997602005,1280.317041603149,1183.9212662895443,0.9970598,0.980443398,1.008678296,1.076937584,0.995854361
1.53,1185.4767177019269,1166.0232616941537,1199.5173636309337,1280.6912985506058,1184.3578041637084,0.996997403,0.980636858,1.008805722,1.077073787,0.996056385
1.54,1185.5980151489466,1166.4443393417782,1199.8654454767238,1281.0629508099885,1184.7914984736126,0.99693543,0.980829652,1.008932504,1.077209162,0.996257253
1.55,1185.718260821982,1166.8632055039056,1200.2112748351065,1281.4320332448692,1185.2223860269878,0.996873875,0.981021786,1.009058648,1.077343716,0.996456976
1.56,1185.8374705315732,1167.279886,1200.5548806738807,1281.7985800310448,1185.650502921315,0.996812734,0.981213264,1.009184161,1.077477461,0.996655569
1.57,1185.9556597513017,1167.694405990689,1200.8962914054282,1282.1626246744097,1186.0758845622186,0.996752001,0.98140409,1.009309051,1.077610407,0.996853045
1.58,1186.0728436270576,1168.1067904781758,1201.2355349010322,1282.5242000282549,1186.4985656815115,0.996691671,0.981594271,1.009433323,1.077742564,0.997049417
1.59,1186.1890369860014,1168.517063827916,1201.5726385044982,1282.8833383100175,1186.9185803525615,0.996631738,0.98178381,1.009556984,1.07787394,0.997244697
1.6,1186.3042543452216,1168.9252500237592,1201.907629045425,1283.2400711174937,1187.3359620091503,0.996572197,0.981972711,1.00968004,1.078004545,0.997438898
1.61,1186.418509920107,1169.3313726292583,1202.2405328518362,1283.5944294445412,1187.7507434590952,0.996513046,0.982160981,1.009802498,1.078134388,0.997632034
1.62,1186.531817632443,1169.7354547975942,1202.5713757627527,1283.9464436962908,1188.1629569013603,0.996454276,0.982348622,1.009924363,1.078263478,0.997824114
1.63,1186.6441911182408,1170.1375192812045,1202.9001831404166,1284.2961437038812,1188.5726339402609,0.996395886,0.98253564,1.010045642,1.078391824,0.998015152
1.64,1186.755643735312,1170.5375884411303,1203.2269798814086,1284.643558738739,1188.9798056003638,0.99633787,0.98272204,1.010166341,1.078519435,0.998205159
1.65,1186.8661885705974,1170.9356842560903,1203.5517904285807,1284.9887175264184,1189.3845023404574,0.996280222,0.982907825,1.010286464,1.078646318,0.998394147
1.66,1186.9758384472611,1171.3318283312858,1203.8746387815336,1285.3316482600144,1189.786754067056,0.996222939,0.983092999,1.010406019,1.078772483,0.998582127
1.67,1187.0846059315547,1171.7260419069592,1204.1955485076178,1285.6723786131734,1190.1865901482524,0.996166017,0.983277568,1.01052501,1.078897937,0.998769109
1.68,1187.192503339466,1172.118346,1204.5145427521202,1286.010935752705,1190.5840394254774,0.996109451,0.983461535,1.010643444,1.079022689,0.998955107
1.69,1187.2995427431547,1172.5087607455157,1204.831644248101,1286.347346350818,1190.9791302273516,0.996053237,0.983644905,1.010761325,1.079146746,0.999140128
1.7,1187.405735977188,1172.897306737675,1205.146875,1286.6816365969871,1191.3718903807458,0.99599737,0.983827682,1.010878659,1.079270115,0.999324185
1.71,1187.511094644579,1173.284003704327,1205.4602579254424,1287.0138322094713,1191.7623472231207,0.995941847,0.98400987,1.010995452,1.079392806,0.999507287
1.72,1187.6156301226397,1173.668871180908,1205.771813598869,1287.3439584464882,1192.1505276137032,0.995886664,0.984191473,1.011111709,1.079514826,0.999689447
1.73,1187.7193535686497,1174.0519283843416,1206.0815635264153,1287.672040117062,1192.5364579444283,0.995831817,0.984372496,1.011227434,1.079636181,0.999870671
1.74,1187.822275925355,1174.433194220038,1206.3895285212202,1287.998101591554,1192.9201641511172,0.995777301,0.984552942,1.011342633,1.079756879,1.000050972
1.75,1187.924407926295,1174.812687288702,1206.6957290387363,1288.3221668118886,1193.3016717237188,0.995723114,0.984732816,1.011457312,1.079876927,1.000230358
1.76,1188.0257601009712,1175.190425892952,1207.0001851847628,1288.6442593014813,1193.6810057164405,0.995669251,0.984912121,1.011571475,1.079996333,1.000408841
1.77,1188.1263427798542,1175.566428043762,1207.3029167233617,1288.9644021748843,1194.0581907574087,0.995615708,0.985090861,1.011685126,1.080115102,1.000586426
1.78,1188.2261660992474,1175.940711466723,1207.6039430846577,1289.282618147156,1194.433251059032,0.995562483,0.985269041,1.011798271,1.080233243,1.000763127
1.79,1188.3252400059996,1176.3132936081436,1207.903283372114,1289.5989295429636,1194.8062104263809,0.995509571,0.985446663,1.011910914,1.080350761,1.00093895
1.8,1188.423574262081,1176.6841916409778,1208.2009563700412,1289.913358,1195.1770922667347,0.99545697,0.985623733,1.012023061,1.080467664,1.001113907
1.81,1188.5211784490225,1177.053422470604,1208.4969805505823,1290.2259260047308,1195.5459195986623,0.995404675,0.985800253,1.012134714,1.080583957,1.001288003
1.82,1188.6180619722236,1177.4210027404426,1208.7913740804652,1290.5366538464546,1195.912715059705,0.995352683,0.985976229,1.012245881,1.080699648,1.00146125
1.83,1188.7142340651385,1177.7869488374322,1209.0841548279277,1290.845562679726,1196.2775009158067,0.995300991,0.986151661,1.012356564,1.080814741,1.001633654
1.84,1188.8097037933348,1178.1512768973566,1209.3753403690062,1291.152673005109,1196.6402990686474,0.995249595,0.986326556,1.012466767,1.080929244,1.001805225
1.85,1188.90448,1178.514002810036,1209.6649479941116,1291.4580049822898,1197.001131064142,0.995198493,0.986500917,1.012576497,1.081043164,1.001975972
1.86,1188.9985716019712,1178.8751422243838,1209.9529947138508,1291.761578437554,1197.3600180991923,0.995147681,0.986674746,1.012685755,1.081156504,1.002145901
1.87,1189.0919870090568,1179.234711,1210.2394972653128,1292.063412871055,1197.7169810301857,0.995097156,0.986848048,1.012794548,1.081269272,1.002315022
1.88,1189.184734712052,1179.5927229786212,1210.524472118006,1292.3635274638923,1198.0720403796297,0.995046914,0.987020826,1.012902878,1.081381473,1.002483342
1.89,1189.2768229940525,1179.9491944554968,1210.8079354789224,1292.661941084992,1198.425216343487,0.994996955,0.987193085,1.013010752,1.081493115,1.00265087
1.9,1189.3682599923077,1180.3041397172465,1211.089903,1292.958672297812,1198.7765287980435,0.994947273,0.987364826,1.013118171,1.0816042,1.002817612
1.91,1189.459053701541,1180.6575732796523,1211.370391,1293.2537393668608,1199.1259973064298,0.994897866,0.987536054,1.01322514,1.081714735,1.002983576
1.92,1189.549211977175,1181.0095094453188,1211.6494148681522,1293.5471602640494,1199.473641125718,0.994848732,0.987706772,1.013331665,1.081824727,1.003148771
1.93,1189.6387425384687,1181.3599623078971,1211.9269892836455,1293.838952674873,1199.8194792121649,0.994799866,0.987876983,1.013437747,1.08193418,1.003313203
1.94,1189.7276529715682,1181.7089457562006,1212.2031295009074,1294.129134004434,1200.1635302290088,0.994751268,0.988046692,1.013543391,1.082043099,1.00347688
1.95,1189.8159507324733,1182.0564734782208,1212.4778502659756,1294.417721383301,1200.505812550895,0.994702932,0.9882159,1.0136486,1.082151489,1.003639808
1.96,1189.9036431499244,1182.402558965045,1212.7511660983437,1294.704731673226,1200.8463442708598,0.994654859,0.988384612,1.01375338,1.082259357,1.003801995
1.97,1189.990737428208,1182.747215514676,1213.0230912961997,1294.9901814727064,1201.185143205803,0.994607043,0.988552829,1.013857732,1.082366706,1.003963447
1.98,1190.0772406498904,1183.090456235759,1213.293639940268,1295.2740871224066,1201.5222269018411,0.994559483,0.988720557,1.013961661,1.082473543,1.004124173
1.99,1190.163159778476,1183.4322940512195,1213.562826,1295.556464710443,1201.8576126398984,0.994512177,0.988887798,1.01406517,1.082579871,1.004284178
2,1190.2485016609928,1183.7727417018148,1213.8306628308492,1295.837330077532,1202.1913174410583,0.994465121,0.989054556,1.014168264,1.082685696,1.004443469
2.01,1190.3332730305128,1184.111811749594,1214.097164191946,1296.1166988220089,1202.5233580719214,0.994418314,0.989220832,1.014270946,1.082791023,1.004602053
2.02,1190.417480508603,1184.449516581282,1214.3623432369204,1296.394586304722,1202.8537510492606,0.994371752,0.989386631,1.014373218,1.082895855,1.004759936
2.03,1190.5011306077122,1184.785868411581,1214.626213024254,1296.671007653802,1203.182512645144,0.994325433,0.989551955,1.014475084,1.083000199,1.004917124
2.04,1190.584229733497,1185.1208792863924,1214.888786419935,1296.945977769314,1203.5096588919405,0.994279355,0.989716807,1.014576548,1.083104057,1.005073624
2.05,1190.6667841870844,1185.454561085964,1215.1500761011266,1297.219511327794,1203.8352055867435,0.994233515,0.989881192,1.014677614,1.083207436,1.005229443
2.06,1190.7488001672775,1185.7869255279638,1215.4100945601822,1297.491622786673,1204.1591682961443,0.994187912,0.990045111,1.014778284,1.08331034,1.005384586
2.07,1190.830283772705,1186.117984170482,1215.6688541077892,1297.762326388593,1204.4815623603065,0.994142543,0.990208567,1.014878562,1.083412772,1.005539059
2.08,1190.9112410039113,1186.4477484149622,1215.9263668766944,1298.0316361656191,1204.8024028979708,0.994097404,0.990371563,1.01497845,1.083514737,1.005692868
2.09,1190.991678,1186.7762295090674,1216.1826448251377,1298.2995659433443,1205.1217048099495,0.994052496,0.990534103,1.015077953,1.083616241,1.00584602
2.1,1191.0715998676185,1187.103438549477,1216.4376997401705,1298.5661293449025,1205.439482784248,0.994007814,0.990696188,1.015177072,1.083717284,1.005998519
2.11,1191.1510130288957,1187.429386484623,1216.6915432406822,1298.8313397948768,1205.755751298973,0.993963358,0.990857823,1.015275812,1.083817875,1.006150372
2.12,1191.229922877332,1187.754084117361,1216.9441867808928,1299.0952105231213,1206.070525,0.993919124,0.99101901,1.015374175,1.083918015,1.006301585
2.13,1191.3083349526382,1188.077542107583,1217.1956416533794,1299.3577545684866,1206.3838168404764,0.993875111,0.991179751,1.015472164,1.084017709,1.006452162
2.14,1191.3862547079325,1188.399770974771,1217.4459189921035,1299.6189847824598,1206.6956418126356,0.993831317,0.99134005,1.015569783,1.084116962,1.006602111
2.15,1191.4636875114882,1188.720781100491,1217.6950297749718,1299.878913832718,1207.006013223319,0.993787739,0.991499908,1.015667034,1.084215776,1.006751434
2.16,1191.540638648444,1189.0405827308348,1217.942984827503,1300.1375542065962,1207.3149445618037,0.993744375,0.991659329,1.01576392,1.084314155,1.006900139
2.17,1191.617113322466,1189.3591859788044,1218.1897948249823,1300.3949182144777,1207.6224491307512,0.993701224,0.991818316,1.015860444,1.084412105,1.007048231
2.18,1191.6931166573745,1189.6766008266454,1218.435470295546,1300.651017993101,1207.9285400487715,0.993658284,0.991976871,1.015956609,1.084509628,1.007195714
2.19,1191.7686536987253,1189.9928371281294,1218.680021622684,1300.9058655087956,1208.233230255195,0.993615552,0.992134997,1.016052418,1.084606727,1.007342595
2.2,1191.843729415359,1190.3079046107844,1218.923459,1301.159472560637,1208.5365325113526,0.993573027,0.992292696,1.016147873,1.084703408,1.007488877
2.21,1191.9183487009066,1190.621812878078,1219.1657926741757,1301.4118507835335,1208.8384594061645,0.993530707,0.992449971,1.016242977,1.084799674,1.007634567
2.22,1191.9925163752648,1190.9345714115527,1219.407032466319,1301.663011651242,1209.1390233573038,0.993488589,0.992606825,1.016337734,1.084895527,1.007779668
2.23,1192.066237,1191.2461895729157,1219.647188255738,1301.9129664793118,1209.4382366152713,0.993446672,0.992763259,1.016432144,1.084990971,1.007924186
2.24,1192.1395158099028,1191.5566766060826,1219.8862697415752,1302.1617264279655,1209.736111,0.993404956,0.992919279,1.016526212,1.085086012,1.008068127
2.25,1192.212356854057,1191.8660416391776,1220.1242864935775,1302.409302504914,1210.032659233897,0.993363436,0.993074883,1.016619939,1.08518065,1.008211493
2.26,1192.284764857475,1192.174293686492,1220.3612479538424,1302.6557055681058,1210.3278922850732,0.993322112,0.993230076,1.016713329,1.08527489,1.008354291
2.27,1192.3567442922565,1192.481441650399,1220.5971634398447,1302.900946328418,1210.6218220297014,0.993280983,0.993384861,1.016806384,1.085368736,1.008496525
2.28,1192.4282995648898,1192.7874943232305,1220.8320421457756,1303.145035352286,1210.91446,0.993240045,0.993539239,1.016899107,1.08546219,1.0086382
2.29,1192.4994350174989,1193.0924603891126,1221.0658931454527,1303.3879830642732,1211.205817275797,0.993199298,0.993693213,1.016991499,1.085555257,1.008779319
2.3,1192.570154929059,1193.3963484257638,1221.2987253938336,1303.6297997495876,1211.4959052428603,0.99315874,0.993846785,1.017083564,1.085647938,1.008919888
2.31,1192.640463516585,1193.6991669062536,1221.5305477295187,1303.8704955565404,1211.7847348389914,0.993118369,0.993999957,1.017175303,1.085740237,1.009059911
2.32,1192.7103649362912,1194.0009242007272,1221.761368876556,1304.110080498951,1212.072316934937,0.993078184,0.994152733,1.01726672,1.085832158,1.009199392
2.33,1192.7798632847257,1194.3016285780927,1221.9911974464194,1304.3485644584998,1212.3586622613948,0.993038182,0.994305114,1.017357817,1.085923704,1.009338336
2.34,1192.848962599879,1194.6012882076743,1222.220041939814,1304.585957187032,1212.643781410763,0.992998363,0.994457103,1.017448595,1.086014878,1.009476747
2.35,1192.9176668622663,1194.899911160831,1222.4479107488878,1304.822268308807,1212.9276848406298,0.992958725,0.994608702,1.017539058,1.086105682,1.009614629
2.36,1192.9859799959852,1195.197505412543,1222.6748121588023,1305.057507322705,1213.2103828745894,0.992919266,0.994759913,1.017629208,1.08619612,1.009751987
2.37,1193.0539058697514,1195.494078842965,1222.9007543495973,1305.2916836043817,1213.4918857059674,0.992879986,0.99491074,1.017719046,1.086286195,1.009888824
2.38,1193.1214482979094,1195.7896392389496,1223.125745398167,1305.524806408379,1213.7722033988684,0.99284088,0.995061181,1.017808575,1.086375909,1.010025144
2.39,1193.1886110414205,1196.084194295535,1223.3497932795435,1305.7568848701912,1214.0513458908536,0.99280195,0.995211243,1.017897798,1.086465266,1.010160952
2.4,1193.255398,1196.3777516174127,1223.572905869165,1305.9879280082869,1214.3293229953852,0.992763193,0.995360925,1.017986717,1.086554268,1.010296252
2.41,1193.3218122572132,1196.6703187203532,1223.7950909439824,1306.2179447260885,1214.6061444031077,0.992724607,0.99551023,1.018075333,1.086642918,1.010431047
2.42,1193.387857993097,1196.961903032614,1224.0163561844963,1306.446943813909,1214.8818196844077,0.992686192,0.995659161,1.018163649,1.086731219,1.010565341
2.43,1193.4535385733666,1197.2525118963151,1224.236709176097,1306.6749339508506,1215.1563582915114,0.992647947,0.99580772,1.018251667,1.086819175,1.010699139
2.44,1193.518857506148,1197.5421525687857,1224.4561574109248,1306.9019237066618,1215.4297695598798,0.992609868,0.995955909,1.01833939,1.086906787,1.010832444
2.45,1193.5838182516736,1197.8308322238863,1224.6747082889196,1307.1279215435577,1215.7020627103047,0.992571956,0.996103729,1.018426819,1.086994058,1.010965259
2.46,1193.6484242231277,1198.118557953309,1224.8923691197997,1307.3529358179997,1215.9732468515867,0.992534208,0.996251183,1.018513955,1.08708099,1.011097589
2.47,1193.7126787874745,1198.4053367678423,1225.1091471242837,1307.5769747824431,1216.2433309810003,0.992496624,0.996398272,1.018600802,1.087167587,1.011229437
2.48,1193.7765852662676,1198.6911755986218,1225.3250494355452,1307.800046587045,1216.5123239869718,0.992459202,0.996545,1.018687362,1.087253852,1.011360806
2.49,1193.840146936443,1198.976081298351,1225.5400831006118,1308.0221592813398,1216.7802346507087,0.99242194,0.996691368,1.018773636,1.087339785,1.011491701
2.5,1193.9033670310944,1199.2600606424978,1225.7542550818762,1308.2433208158782,1217.0470716478303,0.992384838,0.996837377,1.018859626,1.087425391,1.011622125
2.51,1193.966248740232,1199.5431203304736,1225.967572258378,1308.4635390438366,1217.3128435499966,0.992347894,0.996983031,1.018945335,1.087510672,1.011752081
2.52,1194.028795211526,1199.8252669867834,1226.1800414269674,1308.6828217225907,1217.5775588265387,0.992311108,0.997128331,1.019030764,1.08759563,1.011881573
2.53,1194.0910095510328,1200.1065071621574,1226.3916693038773,1308.901176515259,1217.8412258464375,0.992274477,0.997273279,1.019115915,1.087680269,1.012010605
2.54,1194.152894823908,1200.386847334661,1226.6024625257123,1309.1186109922162,1218.1038528793724,0.992238,0.997417876,1.01920079,1.087764588,1.012139179
2.55,1194.2144540551033,1200.6662939107837,1226.8124276510207,1309.3351326325744,1218.3654480976984,0.992201676,0.997562125,1.019285391,1.087848592,1.012267299
2.56,1194.275690230047,1200.9448532265042,1227.021571161342,1309.550748825637,1218.6260195777286,0.992165504,0.997706028,1.01936972,1.087932283,1.012394968
2.57,1194.3366062953155,1201.2225315483436,1227.229899462196,1309.7654668723217,1218.8855753013631,0.992129483,0.997849587,1.019453778,1.088015664,1.01252219
2.58,1194.3972051592857,1201.4993350743885,1227.437418884656,1309.9792939865592,1219.1441231574863,0.992093611,0.997992802,1.019537568,1.088098735,1.012648967
2.59,1194.4574896927743,1201.775269935304,1227.6441356864525,1310.1922372966594,1219.4016709435964,0.992057888,0.998135678,1.019621091,1.088181501,1.012775303
2.6,1194.517463,1202.0503421953215,1227.8500560526736,1310.4043038466552,1219.6582263666205,0.992022312,0.998278214,1.019704349,1.088263962,1.012901202
2.61,1194.5771270675436,1202.324557853213,1228.0551860973935,1310.6155005976182,1219.913797045243,0.991986882,0.998420414,1.019787343,1.088346122,1.013026666
2.62,1194.6364854682536,1202.5979228432443,1228.259531864489,1310.8258344289484,1220.1683905104874,0.991951597,0.998562278,1.019870077,1.088427983,1.013151698
2.63,1194.6955406585344,1202.8704430361126,1228.4630993288592,1311.035312139641,1220.422014,0.991916456,0.998703809,1.01995255,1.088509546,1.013276301
2.64,1194.7542953305754,1203.142124239865,1228.6658943970688,1311.2439404495276,1220.6746754958294,0.991881457,0.998845008,1.020034766,1.088590813,1.01340048
2.65,1194.8127521425868,1203.4129722008024,1228.8679229091504,1311.4517260004925,1220.926381652942,0.9918466,0.998985877,1.020116725,1.088671788,1.013524235
2.66,1194.870913719355,1203.682992604366,1229.069191,1311.6586753576678,1221.1771398731507,0.991811883,0.999126418,1.020198429,1.088752472,1.013647571
2.67,1194.928782652787,1203.952191076008,1229.2697032949072,1311.8647950106056,1221.426957270247,0.991777306,0.999266633,1.02027988,1.088832867,1.01377049
2.68,1194.9863615024424,1204.2205731820468,1229.4694665222196,1312.0700913744265,1221.6758408775786,0.991742868,0.999406523,1.02036108,1.088912976,1.013892995
2.69,1195.043652796057,1204.4881444305047,1229.6684859025409,1312.2745707909469,1221.923797650612,0.991708567,0.999546091,1.020442031,1.0889928,1.014015091
2.7,1195.100659030053,1204.7549102719356,1229.866766955471,1312.478239529786,1222.1708344670478,0.991674401,0.999685336,1.020522732,1.089072341,1.014136777
2.71,1195.157382670045,1205.0208761002327,1230.0643151393742,1312.6811037894522,1222.4169581284514,0.991640372,0.999824263,1.020603188,1.089151602,1.014258059
2.72,1195.2138261513278,1205.2860472534248,1230.2611358523718,1312.8831696984075,1222.6621753609506,0.991606476,0.999962872,1.020683398,1.089230584,1.014378938
2.73,1195.2699918793617,1205.5504290144577,1230.457234433212,1313.0844433161133,1222.9064928169828,0.991572714,1.000101165,1.020763366,1.08930929,1.014499417
2.74,1195.325882230244,1205.8140266119622,1230.6526161619113,1313.2849306340574,1223.1499170759926,0.991539084,1.000239143,1.020843091,1.08938772,1.0146195
2.75,1195.3814995511752,1206.0768452210082,1230.8472862608614,1313.4846375767606,1223.3924546452472,0.991505586,1.000376808,1.020922576,1.089465878,1.014739188
2.76,1195.4368461609108,1206.338889963847,1231.041249895643,1313.6835700027657,1223.6341119613498,0.991472218,1.000514162,1.021001822,1.089543765,1.014858485
2.77,1195.4919243502102,1206.600165910636,1231.2345121758408,1313.8817337056075,1223.874895390938,0.991438978,1.000651206,1.02108083,1.089621383,1.014977392
2.78,1195.5467363822731,1206.860678,1231.427078155626,1314.079134414768,1224.114811232081,0.991405868,1.000787942,1.021159604,1.089698734,1.015095914
2.79,1195.6012844931686,1207.120431440529,1231.618952834804,1314.275777796609,1224.353866,0.991372886,1.000924372,1.021238143,1.08977582,1.015214052
2.8,1195.6555708922565,1207.3794309098732,1231.8101411596872,1314.4716694552935,1224.592065,0.991340029,1.001060497,1.021316448,1.089852642,1.015331809
2.81,1195.7095977626009,1207.6376813570191,1232.000648023386,1314.6668149336856,1224.829415192013,0.991307299,1.001196319,1.021394523,1.089929203,1.015449187
2.82,1195.7633672613738,1207.8951876021606,1232.1904782672063,1314.861219714237,1225.065922315931,0.991274693,1.001331838,1.021472368,1.090005504,1.015566189
2.83,1195.8168815202544,1208.151954417512,1232.3796366807655,1315.0548892198578,1225.3015923425555,0.991242211,1.001467058,1.021549983,1.090081547,1.015682817
2.84,1195.870142645818,1208.4079865279557,1232.5681280030983,1315.2478288147695,1225.5364311768208,0.991209851,1.001601978,1.021627371,1.090157332,1.015799074
2.85,1195.9231527199186,1208.663288611675,1232.755956923298,1315.4400438053458,1225.7704446616117,0.991177614,1.001736601,1.021704534,1.090232864,1.015914962
2.86,1195.975913800066,1208.9178653007782,1232.9431280810968,1315.6315394409346,1226.0036385784624,0.991145498,1.001870929,1.021781473,1.090308143,1.016030484
2.87,1196.0284279197922,1209.1717211819112,1233.1296460678568,1315.8223209146695,1226.2360186481385,0.991113502,1.002004962,1.021858188,1.09038317,1.016145642
2.88,1196.0806970890148,1209.4248607968614,1233.3155154268024,1316.012393364265,1226.4675905320328,0.991081626,1.002138702,1.021934682,1.090457948,1.016260439
2.89,1196.1327232943918,1209.6772886431493,1233.500741,1316.2017618727969,1226.6983598324005,0.991049869,1.002272152,1.022010956,1.090532479,1.016374877
2.9,1196.1845084996692,1209.9290091746118,1233.6853261991057,1316.3904314694712,1226.9283320932882,0.991018229,1.002405311,1.02208701,1.090606763,1.016488957
2.91,1196.2360546460236,1210.1800268019756,1233.8692764654406,1316.578407130378,1227.157512802165,0.990986707,1.002538182,1.022162847,1.090680803,1.016602683
2.92,1196.2873636523984,1210.430345893421,1234.0525958113722,1316.7656937792317,1227.385907,0.9909553,1.002670766,1.022238467,1.090754599,1.016716056
2.93,1196.3384374158336,1210.6799707751366,1234.2352885503203,1316.952296288102,1227.6135212297086,0.99092401,1.002803064,1.022313873,1.090828154,1.01682908
2.94,1196.389277811788,1210.928905731863,1234.417358951876,1317.1382194781272,1227.8403596433343,0.990892833,1.002935078,1.022389064,1.09090147,1.016941755
2.95,1196.4398866944598,1211.1771550074336,1234.5988112418563,1317.3234681202189,1228.0664278956829,0.99086177,1.003066809,1.022464042,1.090974546,1.017054085
2.96,1196.4902658970957,1211.424722805296,1234.7796496033552,1317.5080469357529,1228.291731199366,0.99083082,1.003198259,1.02253881,1.091047387,1.017166071
2.97,1196.5404172322992,1211.6716132890374,1234.9598781771492,1317.6919605972494,1228.5162747137947,0.990799982,1.003329429,1.022613368,1.091119993,1.017277717
2.98,1196.5903424923315,1211.9178305828916,1235.1395010622218,1317.8752137290408,1228.7400635464585,0.990769256,1.003460319,1.022687716,1.091192364,1.017389022
2.99,1196.6400434494062,1212.1633787722426,1235.3185223162873,1318.0578109079283,1228.9631027536234,0.990738641,1.003590934,1.022761858,1.091264505,1.017499992
3,1196.6895218559807,1212.4082619041196,1235.496945956489,1318.2397566638274,1229.1853973407997,0.990708135,1.003721271,1.022835792,1.091336414,1.017610625
