PEEQ,C1,C2,C3,C4,C5,C6,C7,C8,C9
0.00011,0.7675868363114754,0.008762862054065068,0.9370592496477911,0.28610048174744607,668.5897528670702,179.23200033270825,0.41152212386878306,432.68435681182893,59.90050244464391
0.0002,1.1200390787578886e-07,0.009999561497506549,0.9905329693689784,0.12083918701786385,606.9761953838236,191.27480339229072,0.20111315942319816,446.35896159770243,61.0357062997237
0.0003,0.36171056524576234,0.009801340340774262,0.9701006945176186,0.13323929660017597,466.78225726916656,71.66592610770303,0.10534174148467411,561.6394766294974,171.38503657304986
0.0004,1.8196859810795418,0.009787353117929784,0.8881458951703837,0.19855058815611723,478.9762240842895,103.07342655516987,0.11290613225667791,652.9109215456845,196.79372089723793
0.0005,0.10738643528507653,0.009999805466470734,0.9835860469540146,0.15405296718474143,498.98612797458554,92.07951417150653,0.5748771639903941,322.33503795817336,11.961946954206027
0.0006,0.8106848365759572,0.008561049524092422,0.930876919995478,0.12859101364167078,530.7442767923611,132.65797578014576,0.06127397744394039,455.28591906032943,57.5772182420473
0.0007,0.6345097232785084,0.007946164261941727,0.9367727807836596,0.12198390660360575,520.4811869439786,119.62679494000082,0.03655981006287892,466.69313902030706,57.063103753130314
0.0008,0.752742043665063,0.007900640824609038,0.9235211962164132,0.12489452584481929,521.5031842664904,124.8423380693414,0.031477049241674146,467.9799850545162,55.58243854581855
0.0009,0.8467471096726643,0.007542465240972656,0.904336583202747,0.12776493365951355,502.37831298928523,103.91923865875388,0.0364000655237876,596.4825179844552,196.402280611642
0.001,0.5189637874476518,0.007467484302446622,0.9405429868767355,0.15942958389612052,520.5162829090402,61.6752882522257,0.024049822863032706,428.632018851689,93.66457349297131
0.002,1.962627813169901,0.006899564070554089,0.708297456667642,0.25895091656225633,506.42446290463766,153.24422200996693,0.14441887570889642,641.9031644292572,64.32282788241683
0.003,1.429754323726946,0.007896784882362954,0.8518133620363633,0.1388666798347646,528.5722527334447,147.7415676829109,0.01471984935234101,492.9802985716221,95.97508952649947
0.004,1.2323548008780132,0.007496183677646723,0.8596215705295392,0.13172183616616215,523.3020153110035,135.94346630036557,0.009144757519359187,542.4200798446046,105.98769202872212
0.005,1.2486964360343005,0.00687568157142078,0.8276121818517059,0.15071854516503694,540.5056746425688,146.16758040822174,0.01626805713811779,451.5660529106081,105.8598611005117
0.01,1.1398400162943123,0.006485019512515066,0.8205511085923137,0.14524160947082665,528.8141726287428,152.13393950515095,0.019725345625858363,567.5163225595178,92.26148834278472
0.011,1.0593873373940808,0.006055781292848202,0.8117325123402827,0.14496728814090987,526.9953934333442,149.93206381716004,0.0258101991302455,587.1111410099373,102.101167736775
0.012,0.9692762770003214,0.005300002178729763,0.7794408177618406,0.1393598233743311,556.5913918073013,146.09479418625,0.04798930571615418,491.4910815915177,178.54254160887433
0.013,1.1319578640257746,0.005142139368915585,0.7252935686579055,0.19717964535872765,541.0506568578857,177.32752188510665,0.029149429447904156,605.9114460398156,135.22319742199414
0.014,1.2101233796204351,0.0063679880931259815,0.7849962267790295,0.11278631831940478,563.5978874380413,135.17885405898537,0.09009707983489984,492.1320304176352,188.8574067828039
0.015,1.0336862561319873,0.0057061386646494044,0.7812956207578375,0.11381478281581198,560.4410393320453,133.04185793450222,0.08219014220030255,499.0855031543927,192.9132037399754
0.016,1.0559455818838317,0.005503095558029306,0.7660837461844817,0.1217291372529981,571.6621736711152,138.8024998547376,0.08858343033381175,492.4977974960222,177.5523065480249
0.017,0.9820421096392736,0.005077143342461329,0.756487814798218,0.10896808050463969,572.1389316123515,136.79829688175053,0.09887110718326708,507.8416894626228,179.89246841709067
0.018,1.1460506548228384,0.005799310116440373,0.7567142504676762,0.09688599409974236,568.140654801691,129.81359173703123,0.12257712670616144,512.1052635936003,199.12339153312098
0.019,1.2061418115744242,0.005785854291805699,0.7375569679013533,0.13130202563345425,576.3031459397262,142.91512516864523,0.11228401631679834,490.108635683542,199.72349780804325
0.02,1.1372507738393371,0.006251790627870094,0.7833013875704091,0.14442185257935886,565.7403613540326,132.61074831002605,0.07506799521537962,451.5921254850105,185.60472140107558
0.021,1.4421743052302196,0.0065053960687956785,0.7422857459104052,0.17967742370927592,523.9305475146245,199.96751444646048,0.06246588315391617,574.9491221344512,113.673086153557
0.022,1.1844101708654204,0.0063594965189579765,0.7849834850106162,0.13042956684611628,569.7820366976185,127.18106780029619,0.08866835520600384,468.53685362839815,178.93679036155353
0.023,0.9923559069915238,0.005868644001137166,0.795257188469416,0.11001541614352432,560.8247296057909,116.71654486178191,0.08646855025241292,490.1648855712449,191.2528815776273
0.024,1.1349703281282975,0.005720664848021879,0.740525003243327,0.16734405932629265,573.3804072753121,142.73081473645564,0.08822585100753202,450.0945169038098,198.94496882289152
0.025,1.0765501007786709,0.005558822504877139,0.7432463904774499,0.16821198384660016,571.7536864685857,141.33826641310355,0.08289927971118193,447.05410223565156,199.7333392865442
0.026,0.7471004464541592,0.0038327038536091285,0.736261808044087,0.1600965154523473,565.2843269982014,136.16208207073802,0.04665383959456442,463.36662296343053,190.79003467937798
0.027,0.8126351906140615,0.004372078404644681,0.7535349348387558,0.14528962632431658,568.3304636336173,130.87833812557136,0.06434748694173348,477.0141677462616,179.0797196992017
0.028,0.9304771176437402,0.005283981214157633,0.7689663561760122,0.14888910062568586,566.1876406933358,129.35902261695384,0.07266478685283341,459.3493461496568,194.13056643521853
0.029,0.9809655898481564,0.005479019130498624,0.7694752467225127,0.14275973161575722,567.6458259488516,127.66184553858876,0.08128328296324688,468.0589824227067,192.68905115201298
0.03,1.004392635114475,0.005581782367367178,0.7728199231462768,0.1612684695605741,568.2715541908838,129.35853963510746,0.07052938873345829,444.1392465581977,174.22094040455988
0.031,1.552213286812475,0.007564965901416365,0.8160152893033489,0.16389820829827448,523.7219202617559,157.8731427897448,0.033531664421040205,570.6003396053502,10.12554329952702
0.032,0.6775907671501206,0.0015596798611775702,0.5703929108908853,0.17124162819295324,560.09783019604,135.13111323674815,0.0050860469210023684,420.81334786521,10.140089509349803
0.033,0.9401868185257662,0.006278545317385047,0.8484843159071025,0.1259374444200741,518.9058220390816,129.51347552056785,0.08402379793022914,561.6591418623908,12.927757813545236
0.034,1.031502196574783,0.002896367262949066,0.5293094822533879,0.28534755302178527,573.1515382765291,190.7240174245745,0.40268518572223205,543.0308318308163,15.249593094561584
0.035,2.0371746179966808,0.005947911203509236,0.5965686824944921,0.35679057938852565,562.4813845481791,195.76527778409508,0.13553918475678867,395.38420903622097,15.289262851203247
0.036,0.9192959091221794,0.004740684468825936,0.7304581992005488,0.1938191344401448,570.5391048079302,139.97877537289577,0.0653992465391508,425.5488971013389,188.78446661539505
0.037,1.7985495896176704,0.008314607947257751,0.6410830759263852,0.33358279836685345,572.6678278123777,174.2677958661506,0.1806507044528496,308.5708249970075,199.9895059618299
0.038,0.8978069880144112,0.0030478119326141436,0.6098891028367093,0.11916543946979864,593.1572928875465,141.79933474821533,0.14500376396623835,535.1100104408204,182.12729442023192
0.039,1.07228384314978,0.0060307403026310545,0.7743242905042154,0.1561025866424415,566.7725514890292,125.52707000966355,0.08515616482457684,452.7315289211974,198.6731432860725
0.04,0.9556058309215855,0.005473069796620436,0.7776446574363679,0.1551508636476461,566.6591516137838,123.63985197965032,0.07379717931335893,458.5625204152356,182.4685233280075
0.041,0.7436902579772439,0.004174040608444863,0.7819524346106818,0.18111739132523655,548.9306102405659,125.07408917066442,0.016550113022402946,353.14666302201596,29.797730241843308
0.042,0.5429162227714899,0.005594773284846235,0.8480583742915083,0.16979298872925627,540.7766107547413,104.27140813236501,0.05230939885604068,330.1272630352286,121.1125655451636
0.043,0.7508148207170432,0.0051696224353453505,0.8174640645510266,0.14133320977913694,555.7458155637353,108.39941452394672,0.05016483178547049,457.51365962081053,172.13731210770536
0.044,0.6866500193217009,0.005122213475560441,0.8402701280985639,0.10693700627441328,537.8657990312008,65.025203472745,0.07798266459655719,522.120601777192,158.64481988547394
0.045,1.1787862836059781,0.007044867187596274,0.8183992899162581,0.1346670155439372,558.910331049565,108.55163240551856,0.07978147442909568,461.9334225941502,186.49309353128604
0.046,1.079729743327008,0.00764566236654838,0.8169927420862727,0.17614005068788868,555.3344732898137,118.42387207808746,0.0787203900138246,362.25269803872624,198.74621629247284
0.047,0.8482748925319618,0.006267427548553419,0.8436766897454971,0.14922531107719061,533.154816338976,57.71511387126653,0.07722059537171887,508.8020726893152,199.7872207468122
0.048,0.6898397541182193,0.006984191178731599,0.8839036163561064,0.17112033296200732,533.5916210656894,64.14207018434247,0.039715016957284646,396.4092749924275,186.79973954600877
0.049,1.3082424956253518,0.007192630282107133,0.797333922704287,0.14841264624254974,563.5698297961497,116.71810760204094,0.09198848519375145,455.65732935812974,197.15706904448143
0.05,1.5081340397470042,0.007968553989842517,0.7942448876944376,0.20448337772210962,559.7593736290876,127.13551403451218,0.0792443470046705,377.58001553523144,163.74543519253396
0.051,1.4105543027327287,0.007240421283714209,0.7807966128440291,0.15976421677082264,567.8989075449745,122.54183668949797,0.1008853413139838,452.0944682420253,197.85166079220727
0.052,1.470085287561727,0.007402556713011084,0.7979351716750281,0.2042368728199254,559.398287682176,124.12512915047195,0.0638110967850933,396.3866947511692,136.06382731610535
0.053,1.396908192010056,0.007193759919001577,0.7789113741957641,0.19171932172884873,567.0992049680341,127.77184281491202,0.08589123102967797,417.4345887524159,179.55550050556317
0.054,1.3874568517216614,0.007111005064968931,0.7915109776974112,0.18044103312850923,567.4716505393008,122.18794620721377,0.08110241205174444,433.606055167741,162.764701341594
0.055,1.2508042629844067,0.006638591614909222,0.7799162737235874,0.16143627215549025,568.037146889822,122.20939920050353,0.09387887968708339,459.3128468093209,190.91378490998065
0.056,0.6642768186166538,0.002186315967352177,0.6438683726628706,0.18561684282364457,563.8625721455599,132.32732000854978,0.020375834199588782,494.88039728929044,186.50526826819458
0.057,0.5850386666867001,0.0016127080972635215,0.6363304095690969,0.17039206515399,555.4024187378989,119.42554571199193,0.001309778446312232,482.51793386939266,153.90308604701497
0.058,1.1000384623095263,0.0062186226736708,0.7832426013302072,0.20696649026750333,561.6450468939254,127.41974233567154,0.06092680993839622,395.40674322109066,157.54325166705988
0.059,1.2199874588780466,0.006473319928506682,0.7748682532950696,0.16145146778708722,567.8221142522672,122.50323450598492,0.09653360643651358,465.482818033941,196.6422670097606
0.06,1.1329808772278083,0.00617472419441228,0.7761251151362528,0.1585931119096929,566.6781091402866,121.24766721179019,0.0928809381196242,470.92128465221407,196.70188484057797
0.061,1.070665632684264,0.006140514780873403,0.7880347740170941,0.15060543491866088,562.9442217906264,116.44082660140754,0.08811401972577272,476.3193289884868,198.90161198465907
0.062,1.0870979192655479,0.006175656683350658,0.7897104725432593,0.14990472344131528,563.7934006450298,116.16087718335066,0.08843940379868569,477.6982015465654,192.50884294893643
0.063,0.04648212528022494,0.009805114626622757,0.6486834520687146,0.40579242896329065,534.8577839481312,199.9991055756873,0.27018914797479243,315.7998606319026,61.51066068090478
0.064,1.9690893868089634,0.006164523364856315,0.5738300909045414,0.4110123397317698,560.3815968966945,196.56494155085844,0.05353687754523854,330.39257740951393,70.65847404204652
0.065,1.076068205625218,0.006398997570666191,0.8047548453235982,0.12979479831118046,556.7678419918122,104.7239679685391,0.09506890362236507,497.35580604294205,199.99996368611352
0.066,1.4100949099186735,0.004694346269164469,0.5947291149510653,0.33291340897918276,563.2280028910931,199.94614058061,0.023855409753055352,592.1725871773801,41.767086718848056
0.067,2.0747573194228193,0.006244404017381744,0.6384951995223777,0.347900629476092,560.2668946805262,177.26853942999927,0.11982337345481008,387.56428373952133,10.72600921598286
0.068,1.831681765121297,0.005986187392533987,0.583137194333727,0.39501446265917517,570.9339525103564,179.58887507845682,0.07992510103371397,348.2650979868097,138.55531697427978
0.069,0.8370669860821913,0.0015495115942264028,0.46467098375483606,0.2348041802623588,569.0282138087567,147.21738824503586,0.17743273952272104,338.6764938980633,11.658352579653618
0.07,1.3661894406229413,0.003819170035844033,0.5225409015362876,0.368684821190632,573.5592112542047,184.25314989569642,0.272428375636716,341.7717237743015,17.30571306075944
0.071,1.7680682897764848,0.005115430403768879,0.5677722068180154,0.3828742740271176,567.7654635989657,186.594006862369,0.29855475384651897,344.8510649731225,16.446510107886986
0.072,1.5966720988500713,0.004637437352820404,0.555445333911053,0.3782121813598302,569.8231418521605,185.15647526869225,0.6169717199573636,348.2858249530885,12.709363124597077
0.073,1.1069864346023457,0.0027005328052937872,0.4782379043688135,0.33242952194863173,576.4055606374847,175.2716731510838,0.31245564151582494,341.1986749739179,15.794782567076103
0.074,1.155203589982094,0.003027237453383523,0.49069322338546945,0.34098514412500947,575.5120449847848,190.39744450608978,0.48386313928565167,533.6363583708993,20.361657543738268
0.075,1.530138014966146,0.005426942352140622,0.6686786272179892,0.31217182286782985,560.2268785744376,164.9005176838899,0.12587017836706368,341.5984185036513,22.42227754075009
0.076,2.0915937269133917,0.006094677264485388,0.6171764515168295,0.36824251422922344,562.2551376781503,180.19486824565845,0.19551282532046507,390.2104121281146,11.231488650827169
0.077,1.4428890345109953,0.0046920248333878496,0.5850580018796834,0.34631000816223856,564.5049062233437,199.9742904444548,0.17351991062266373,591.7999352387994,12.617272709180744
0.078,1.5560217306068997,0.004621569966054799,0.5677015001171156,0.3712241356568631,569.1443804186634,181.57823649945212,0.022168032246244678,366.0036613009967,10.032617209973688
0.079,1.0940500307710017,0.0027627899427493914,0.4947827004249152,0.3300547094610528,575.342237612764,172.7659761478227,0.22043884624858598,347.06697862529103,13.509794969923334
0.08,1.3948824930661747,0.0037263265578500264,0.49743093591780974,0.3872661582928519,575.1984032485959,186.80099462591542,0.28217651328091964,341.8700195207734,16.92574912767381
0.081,0.7987755594504321,0.0016364314003731112,0.5025807582477895,0.2354988844725073,567.4533315392817,143.7430065446855,0.19875213464712999,611.5835633183964,12.820843988405077
0.082,1.8049206688514075,0.005521162149199971,0.6140975984692575,0.36154268950826773,564.0974502476181,177.11073044552597,0.02663525472678492,379.8461068996906,10.020624944661325
0.083,1.2256303032639604,0.0031137714447988297,0.46829677992586255,0.3649142876111176,577.2470716654135,195.29444719160588,0.3766540957918918,530.8436678963989,22.971094058402603
0.084,1.8879275312709707,0.005526079746382544,0.5716918830464824,0.39666980597372176,563.3536445416612,196.43216608598718,0.041758036470226655,404.99338138075797,22.23038831213581
0.085,1.9637767041909262,0.006620426160228731,0.6621654724054935,0.32198874656521653,550.7901481677367,199.75313302276388,0.10461077339453066,540.3827777926298,28.600398836249322
0.086,1.8984910122646126,0.007185737612235653,0.7224253832547102,0.2577083341737145,544.5142664044115,197.94463108037587,0.08072251412374007,537.9213872759443,48.1776629745611
0.087,1.5403777493994335,0.005340327645480487,0.6316851676703293,0.3284764871018631,558.7581186768083,194.8333234276805,0.033999086130627895,580.8544623731688,12.2770911672487
0.088,1.51146242503161,0.005653897087773191,0.6665706842345664,0.24688084902404175,530.8023289070886,187.79528850374965,0.09890943152473698,600.8084465250012,117.64431870039463
0.089,1.8091346173941005,0.008049321748172928,0.773178192761765,0.21055712156910683,569.9658932179201,127.81132539809569,0.10024579949062544,427.67712910314293,181.97245399066804
0.09,1.1273478623840274,0.006490683615480139,0.8106461381995254,0.14616877208066528,562.1459240486597,108.93156065361316,0.08951418979316154,492.2518472198028,174.99951390169716
0.091,1.199940450652107,0.006890541455379717,0.8363869413346462,0.1722959437911055,531.2943957769708,137.74408407230604,0.03890604314172207,573.6557796341763,10.211610633595834
0.092,0.7204507664871255,0.0036069649528011755,0.7465338045472841,0.20575376005266918,552.2844323312772,140.1512313032724,0.2838637310771471,546.6297059696409,15.79950219566518
0.093,1.964513592706657,0.0052788271393268745,0.5375679731652494,0.42362706816929413,569.3278330586866,190.04525858685577,0.3323504082966788,347.1664436653487,15.023447638707715
0.094,1.267842098817824,0.00707768793620615,0.836182983045428,0.17204773209134666,527.6970028377604,136.41845661056757,0.07390445812165346,604.1626385867984,43.76730964870233
0.095,1.3387115583219868,0.00713890688115725,0.8279353234438345,0.18086730139780532,532.5093096761982,143.865671286812,0.043073960904154766,560.284912789045,47.191646441972345
0.096,0.6515557156948315,0.003556507181713379,0.7649446986999728,0.16862601530324414,562.534571463364,117.26195866572726,0.049485959118871874,504.6740745372421,154.8675973842385
0.097,2.116403166237991,0.007785371276742021,0.5747595258805982,0.42152065609615874,578.2354056894009,175.77371633429684,0.18718896880263103,323.1145605475057,197.7752918298415
0.098,0.9472290192312448,0.005485419078970416,0.7782137290361075,0.20651861391407178,563.5584572289322,125.0537444725678,0.05945311737875287,434.489634055914,186.93095802467622
0.099,0.958775769206543,0.00504250064191583,0.7574996238029387,0.22526562362302166,567.0368830816044,129.30269091097787,0.05364517599382378,430.6788849873435,157.039888690675
0.1,1.605814966614712,0.005807491488455203,0.6594235158319418,0.2535954371549432,526.9458575219625,186.34570408724912,0.11181727130750548,605.223073324199,119.77499969777213
0.11,0.7394209202289855,0.004565668608377723,0.7987928195506243,0.18424413235221107,562.2362691709892,114.59390300720051,0.0462360107167972,472.3434388000272,144.24308191948606
0.12,0.641445045898722,0.004101394091111533,0.8026887789969188,0.1833093569749412,558.4280912430719,112.14296299197088,0.03540015954885076,479.86930803856194,146.7125495333136
0.13,0.7937419379391248,0.005836483013059205,0.8080780292519666,0.23066096848395354,555.4986502586491,121.70422546913112,0.053501161705630816,343.4140815871132,173.6699113460989
0.14,0.8098412018343207,0.005872573607263325,0.8303818543325273,0.1952342763775296,554.3230874053969,110.46925593447679,0.043868925726421516,431.55337172123126,199.99689271531489
0.15,0.9012229820723452,0.006227838409659503,0.8417310354397445,0.1659178159137159,553.3331539537269,101.48255882551058,0.06124270812523757,497.0577792986366,176.62792658694514
0.16,0.819525272875203,0.0059074066391495185,0.850424110758418,0.12966958627773648,551.3303994078785,90.25635270945207,0.08828763796841052,526.5369502324596,150.08124697061712
0.17,0.8358282015742873,0.0058603892355985334,0.8431618264244132,0.1699534676705975,556.313128999432,103.15959152394473,0.058224207166875576,497.45339782734925,153.8557178768714
0.18,0.7403197144639219,0.005472176133438889,0.8479964507153216,0.19076320325201665,556.1606719415635,103.95787451770761,0.03782555888295292,469.5000370376272,130.6439097813262
0.19,0.6417689098149862,0.005016832081246691,0.8416172098623919,0.1949933324705273,551.3914829233369,104.51931717326181,0.030704520926910086,474.40687516651514,199.13847725873387
0.2,0.6172560158860958,0.0041328167048254975,0.8149307953356083,0.18340315640263877,559.5188458065692,109.27626405415701,0.04712997061652252,508.3053167385623,136.76790557016884
0.21,0.6861243456471667,0.004834285767628854,0.8302842354698026,0.1764616697551143,557.0128883862703,105.82922185899375,0.055563788448000265,514.0419081543386,149.61880948131676
0.22,0.6747799968740164,0.00507192045278187,0.8368879332540724,0.198077175200069,552.5361577314118,105.64995083651222,0.03637229778608796,493.31355274834374,198.03814256444997
0.23,0.6465567364831618,0.004924620719372683,0.8373072474076192,0.20694736101166908,552.9967172820134,107.37009968600894,0.028488306002022335,472.18938821173714,196.8402758219973
0.24,0.6362726672066363,0.005074060409139035,0.8489170371237399,0.17186775907667318,544.4359248553891,88.08903655034031,0.06214164675217616,550.0838671808327,190.7135365787176
0.25,0.6994705362424204,0.005173420196869884,0.8363773236492664,0.20067217273934124,553.1776116138897,105.9458306199247,0.0402021730538334,502.35020762454184,194.98852961000807
0.26,0.7949161765907774,0.005597273516606555,0.8341367592918212,0.20887385588250643,556.004560570701,109.52517249748747,0.04234286017673782,482.58095891198553,182.38202191308332
0.27,0.8821680145041267,0.006357706815499709,0.8479837546598504,0.20421504742231833,553.9392910288809,105.72293429136165,0.0459339759522601,479.80096180363086,192.7455294854785
0.28,0.7408927235190395,0.006042120782006867,0.8701999420495493,0.18523954655970876,550.4101001313578,96.50596170428942,0.04432520399517521,511.08749235601005,158.6130406127004
0.29,0.8739826676990787,0.006477452647495642,0.8536790815768686,0.2060368392386973,552.9539711512762,104.30661270406128,0.04373575436159058,478.73968071392284,198.37417144695146
0.3,0.8665232060229926,0.005701033489339736,0.824561043112647,0.20268486770671648,557.6521482841594,109.68154904173576,0.060936312812541325,508.0710233979295,183.0212545743384
0.31,0.5266819492727818,0.004277008243460852,0.8463532084002882,0.22340385278401603,551.762699648031,106.17776667453509,0.009831861683541221,430.14963465049055,180.5159952220979
0.32,0.724162816802792,0.005316396918491331,0.8447783636515372,0.21906570051673693,557.709642956628,108.16114263726179,0.032888494564356344,473.76662163549116,135.47670990367908
0.33,0.695100138413655,0.005237668411085708,0.8489289564007305,0.20838449757490604,558.1816063086328,106.15962759967688,0.039498731147218615,490.6416613095257,132.09044247150956
0.34,0.9506393901663919,0.003939088574669619,0.6944032130624515,0.25905999808280644,532.3209219943966,133.34098564343543,0.14436839454109937,625.5039507297481,72.90985378851845
0.35,1.5008272958851367,0.004679514132268079,0.5981858316330103,0.31564216623724534,514.7252505745355,141.10854813030008,0.25018269510668584,630.6136949549236,80.61050482110865
0.36,0.8716031410910937,0.005884678349561837,0.8329828847592925,0.2074722979441685,556.8611193969454,108.14474969831527,0.05936028253489955,511.00693064125915,183.9514774780271
0.37,0.4693505090914803,0.0033445863293673126,0.825824996664086,0.23309633043444983,552.7525797127687,108.25146571923575,0.00020050487937721151,548.4374985432084,184.32477054191688
0.38,0.4391087168518603,0.002441330020617411,0.7873203748617219,0.20607535902062668,560.6739196756995,108.81314172884824,0.03621062231322847,519.233925662999,76.99440915988059
0.39,0.8176142162826577,0.005809574974436115,0.839469870534496,0.22246094276314396,556.3316152870477,109.21249300114678,0.0435841419009665,493.40975117761013,189.38971686131072
0.4,0.7509683726577047,0.005503361748235386,0.8378233630268795,0.23311818110495303,556.1444661731111,110.81692095470859,0.033562389635800674,473.2577824737174,199.99214352441254
0.41,0.8110831352646378,0.0062256891015998695,0.8642620782315953,0.19391656318830996,552.4126897484164,98.97167422580799,0.0567941151053445,524.8982857786924,165.6894465708901
0.42,1.5817452313227844,0.004917349677468249,0.6051630390439974,0.3043549944538321,505.725942793876,136.10793729090778,0.275602440033838,628.8376301759965,90.2538173353517
0.43,1.2785909542632259,0.004383059876697579,0.630346274028129,0.24545870462656266,504.6243943348681,134.83449353687715,0.2487348359863169,621.6580141982099,108.3841847538078
0.44,1.0266307621005875,0.0074649245238905615,0.8767166340572649,0.22058908682492323,553.867456956595,102.40787966895842,0.0368201745819619,469.64330686250463,161.84244091123185
0.45,0.7168540881258544,0.00383337648333639,0.7676132089997583,0.2853691804780792,559.7025939422532,125.82643525706767,0.08223792477818058,414.36220232415127,24.55926823815741
0.46,0.9362411099531416,0.007457669306039354,0.8857472379557902,0.21322283606948148,549.930271341164,96.98615103677302,0.036261198969978876,492.9471123930352,189.97886353328443
0.47,0.9380683193406113,0.007762834594088359,0.9021871411215224,0.21046341391774198,550.0152386537184,93.812340383549,0.030159183346817976,485.49437760514064,139.44315025148748
0.48,1.0407542335994686,0.007624653502197517,0.8832102324834664,0.2095067846673392,553.2360002101591,99.05566715044384,0.044431976028936886,495.6510477460949,158.16797551603653
0.49,0.8467642978397554,0.002823471305133149,0.624024844855065,0.2516435988793265,545.721012371982,139.95773636606233,0.11422638858919719,616.6723229453937,117.08540687219026
0.5,1.046839616444838,0.0025798197915437803,0.49272670284148185,0.2830106677466366,555.5682829877255,160.51926566832432,0.13434648620304476,611.9162268117462,133.78805488791522
0.51,1.4556836313410093,0.00448810812563718,0.5683303784978647,0.3239209677127515,544.2786781620222,179.5706717701742,0.1534119372121256,610.4483957233596,125.02383796984456
0.52,1.186908668470225,0.0030428524700388017,0.4874430137581383,0.25854044701372936,537.1941552875153,165.81670855036515,0.21408293063723355,615.6604222228175,138.47130754958897
0.53,1.4218047212827873,0.004247819870908282,0.5534589349994317,0.2495625694159631,512.3513776298579,163.50651429062134,0.2678505651644088,615.9627398289376,134.308921366725
0.54,1.338623494745389,0.005340895499645425,0.7087835944034026,0.27308046865973523,520.0645725046696,135.77772440970003,0.1865136905157485,622.9410989647924,85.07725081446816
0.55,0.8412860651810284,0.0019625293734914927,0.522967853322125,0.3429695871781324,572.0297572973823,142.21810089916778,0.006293461240532807,612.2520529085984,18.636626121865536
0.56,2.0493860684361063,0.006085878150422958,0.6028566424299483,0.43730980932263985,563.6599140177451,190.9508510692592,0.12335400225430024,609.2376651524169,33.38161793374549
0.57,1.4307901215097245,0.009463877230670601,0.9055515051296278,0.2219414087704639,550.8810930496529,95.29713991286748,0.03182807195597656,465.30220447903906,149.44824430900755
0.58,1.3716003861359614,0.009567563462594748,0.9065774325699031,0.21641797951143008,547.3594973382227,90.97445767252972,0.03558379144160466,489.178136538434,199.0874458445677
0.59,1.4969090609618854,0.009485675743975271,0.9033875940684949,0.20788264333150783,552.1268777659757,94.07410668414202,0.046381115760957284,494.44103440971475,147.91074590184886
0.6,1.4731896691623418,0.00918769766650723,0.8935627316165909,0.22767705881979014,554.1694063743656,99.75711300920284,0.03850752123490978,464.9609237140959,148.66481731863811
0.61,1.381703613418956,0.009223524190589041,0.8985784124291661,0.226245113974729,551.5922375212589,97.72424259547688,0.03419556052163882,466.87776675780214,170.34834733069474
0.62,1.4848043137230629,0.009397218629691798,0.8938386508822084,0.23047933100840756,552.6599359440148,99.72761258325622,0.03642293061656087,457.73793445082634,173.8924344252005
0.63,1.4968939516333533,0.009465003520564046,0.894188853576264,0.23107915082870112,552.5022890409132,99.65014584002134,0.03634566513783514,456.68212399792174,177.86598062738895
0.64,1.2848509091480467,0.009429836182167027,0.9122207934479747,0.22943459809727088,548.8614059298665,94.12361236050116,0.023317936775864547,451.3134605346625,169.9561552194355
0.65,1.38038211011109,0.009501415753489827,0.912052763291133,0.21841233134450108,550.2549340189488,93.00359791987714,0.03343368427868462,486.8060630775557,147.95538111343623
0.66,1.3609247375750941,0.009509048883098425,0.9126156144606349,0.22323056578838252,549.8125655788374,93.43163905668276,0.02920304550793422,478.3779683106472,153.25488827219343
0.67,1.4277907722631207,0.00941923824553764,0.9008834870973629,0.24037267930556455,551.9705745206678,99.45058393784463,0.027215761923917923,432.6319348924572,153.70286099932966
0.68,1.2865166193317672,0.009494251326107253,0.922133911602471,0.21695985687522448,552.1565290071966,89.6009791771486,0.03531388948654936,480.0936962497283,106.70587628970463
0.69,1.5077430576843338,0.009606331722727582,0.9070757945355192,0.21568267542383554,552.8612729837736,94.81802545877693,0.04298613204915087,491.93428191470707,142.56343466445023
0.7,1.5575835401611495,0.009588618027840725,0.8953152172126023,0.23320831707770523,553.1729303088657,99.81512838318751,0.037500046032540924,464.03505407114807,173.5487259827252
0.71,1.518413090937551,0.00969435601749837,0.9026283343582332,0.2315034101647603,551.8098713678718,97.63586131462854,0.033318851711409074,465.9842426184391,171.20233472477315
0.72,1.5068692354174418,0.009575326434363386,0.9047366848991746,0.23383720240445502,553.0842519435164,97.81355080830002,0.0319162902592909,462.31420864582145,141.2132015576589
0.73,1.4962576524879092,0.009358724419046225,0.8940495133518949,0.22105300325211985,552.2440950996698,97.0099435796867,0.04834275447798166,499.9593689640535,180.47395873780067
0.74,1.4653231255951875,0.009319093681411443,0.8930142503100087,0.2366268632123993,553.5395021220234,100.74057947495825,0.03725688539752176,465.29667193017934,178.87134203871813
0.75,1.4099937488438923,0.009391663955405014,0.8978407094841113,0.23874365174180862,552.352113405296,99.75580407378777,0.03229405016960122,454.1709708511312,186.73144143152172
0.76,1.3544656160852577,0.00925318509556009,0.8999371895721556,0.22150183539848023,549.2165144940252,93.15665144989705,0.04489225198762868,513.3913298223295,199.88571030178204
0.77,1.2792975737050185,0.009323016904010138,0.9084836460854823,0.23180518177903006,549.6230419477686,94.92541521437599,0.028936500190921612,481.23122434994974,194.36804069631765
0.78,1.3082665512208986,0.009064189606047334,0.9046331662560769,0.22156178337961585,552.1262505062825,95.73750696359627,0.04092737350914203,502.330714604799,156.54557725024003
0.79,1.313783181379992,0.009046455559539516,0.9020945108048691,0.22833964492718672,552.3892022735935,97.29123082073075,0.037221417296495224,493.1476801350052,164.41013440942356
0.8,1.3059283478193673,0.00905785196906623,0.9040608749345389,0.22335330990120816,551.9771587627845,95.91425800277051,0.040519443783289574,503.2364767843202,161.1580445776239
0.81,1.300050447969053,0.009026848926521936,0.9002390573018633,0.2265763904561593,551.0999140116986,95.95139051706543,0.04085846793970858,505.7466527574961,183.8342897643375
0.82,1.2835070690591113,0.009036560294674117,0.8995819385687392,0.23069738184875638,550.8439293081194,96.35244123901799,0.03823717765762732,500.32995043300167,197.61394343263584
0.83,1.3142640425912733,0.009087915177597357,0.9053962378082672,0.24676938893710257,553.1443615213282,99.20064618497865,0.024480488110672653,447.7432612452882,132.06231365712452
0.84,1.1943889310534705,0.008823293658514243,0.9099520222977953,0.2161125088858351,553.7839296614101,95.0092687625617,0.04516198975928143,506.68691194681986,132.97211915198636
0.85,1.2643201760575906,0.009016046276867841,0.9090344298477077,0.22545445174733053,553.66341179025,96.2401617869481,0.03841218623308402,496.0445676637271,137.12862725945914
0.86,1.2784130934878648,0.009006535708027704,0.9063653445201654,0.22938999835648377,553.272020399561,97.13821806205728,0.03655487098824705,494.6372902400891,147.60620635684643
0.87,1.2663611870083762,0.00900711332899406,0.9082142983774102,0.23156780529395551,553.7142834555094,97.17970114511049,0.03450399825617063,488.8428094397539,138.64825248909338
0.88,1.2650533111776303,0.008998954756474104,0.9079399126023959,0.23326927836845499,553.7276686159692,97.45819335232369,0.033575319664853644,487.1729310990961,139.45107024365808
0.89,1.2627903267230167,0.008996980194002514,0.9077398355130177,0.23477213523841692,553.5635220261938,97.6616292068049,0.032539895298086284,486.2873257341702,142.11229478478356
0.9,1.262981217018331,0.009004243873759081,0.9078635530223256,0.2355839541696759,553.5407479592993,97.73877375520979,0.032099970100476556,485.8869295904521,142.69877274412283
0.91,1.26440445624959,0.009020916862865802,0.9080963326979045,0.23609613673180824,553.4378478725417,97.73640177508176,0.03175879776921439,486.2128840213511,144.09354500258414
0.92,1.2600609036251031,0.009037966744426137,0.9100490917191557,0.23357102593761062,553.9584179783744,97.12013848639754,0.0337693133849214,488.69038440202326,134.86800550861952
0.93,1.2928072447365695,0.009045351554523589,0.9069265987405791,0.22112080712823637,553.2543418089468,95.79568086850578,0.04639423917084145,512.212309391231,148.03930615054293
0.94,1.2353323996190926,0.009075867892109945,0.9145847971735023,0.2244717059759809,555.5009490936246,95.19276003258105,0.04197577933214039,495.19403986431064,119.25859810265837
0.95,1.280792675505921,0.009103633192435694,0.9104491547670267,0.22860170658808038,554.1334690400342,96.5894795540562,0.03888840374152004,498.70521904474765,136.48774792011977
0.96,1.2414549836994342,0.00909010178769271,0.9129954722839213,0.22820517858707542,553.0367374618418,95.69578374205054,0.036811156881053915,503.08473007252854,139.32717771096745
0.97,1.2552265024213705,0.009111793176240078,0.9121278156505543,0.22773989023651384,552.7575441761851,95.63663895067758,0.03798231508537433,506.59320931378215,144.3399516279415
0.98,1.273529725157908,0.009125070348109332,0.9070859058227507,0.23379048312374404,551.2561742896673,95.83692036714378,0.036192751026256645,509.9593295628399,178.51496870642833
0.99,1.2478683237531123,0.009152661250922565,0.9144202513083021,0.22669257082653274,552.9785756987583,95.23507939952532,0.03838780857603132,506.86298589008857,138.2209794049117
1.0,1.2821603907246466,0.009115910196013247,0.906801396169095,0.23307631847699709,551.648916832957,96.04400899125679,0.03783473047098332,511.58673577023916,173.56790111651293
1.01,1.0703615631975474,0.00916357854828186,0.9292842784120459,0.2098539966826571,551.7106400422115,90.15958539255207,0.04516542909739444,519.4415361105407,113.04154667379987
1.02,1.2772461583881685,0.009185160429953022,0.909803993869235,0.24132837446025054,552.4189894631776,97.58918399821191,0.0291321797447446,490.83350018900256,164.05296222520155
1.03,1.2974440301598555,0.009436479798074477,0.9168088055703653,0.23270949751611805,551.1259313416517,94.43646399118317,0.03232955274710137,508.6393873385115,155.4865110679774
1.04,1.2480209969852987,0.009295364025037302,0.9117634389794322,0.24188852333135163,550.4795534143944,95.66964828660122,0.027821829641290978,499.28866135881617,197.99889249049565
1.05,1.3058322936617126,0.009551512772476706,0.9167560046627815,0.2456279088758843,551.1363009089191,96.3898788388147,0.02189057238928741,476.28352891285834,169.8891491671958
1.06,1.3162605951371735,0.009579792947752295,0.9126618226043395,0.2480567133776366,551.1558906426569,97.23235171268585,0.023579945847468226,468.3331134973678,199.4711856242594
1.07,1.3436475431887192,0.009572055170969361,0.9131384283524615,0.2442163032519762,551.2897819529668,96.58656925898856,0.02651147565648036,487.9188017935337,184.35204646461634
1.08,1.4351648551043976,0.009535568524355092,0.9030174664512499,0.2408520509388532,552.0735641970058,97.41522409970266,0.03822713157867551,502.7283230156462,197.7997223197307
1.09,1.4262099070234142,0.009606779778167193,0.9098754259513182,0.23605245607500372,551.8390294674617,95.93109407127226,0.03740610319855523,509.40085376830797,174.08045754129222
1.1,1.4541285591784219,0.009778140704608671,0.9093860260848131,0.2549948408808116,552.9503345925496,99.80120336905318,0.023851542517645194,446.76331520456597,173.43623833074898
1.11,1.4838906320896206,0.009830123637892166,0.9096820361645097,0.261588073620632,553.0389490608221,100.5699025873752,0.020914621344250976,421.66773575768224,151.14593641767357
1.12,1.439398337665814,0.009820039782611695,0.9151274278590695,0.24734278789709727,552.2580381816002,97.36326678911361,0.02510274598405116,477.82024682438936,164.1425200458499
1.13,1.4508092581543965,0.009858034161371883,0.9138065419555348,0.2557657126734437,552.558848580929,98.93173923280554,0.020894322205637004,444.8074580602515,160.73803167747903
1.14,1.3320056760001153,0.0098074278816004,0.924600748612067,0.24089242334929944,550.8942001350396,94.15379087616586,0.023584702315191424,497.7832254597436,146.39780194430497
1.15,1.3105336453927605,0.009717805092807607,0.926038110000987,0.24431076817572445,553.657379814809,93.84911063144536,0.026108317629360632,474.5635329046077,104.54687296470986
1.16,1.3175715702327553,0.009784319216706016,0.9208926687424969,0.261177107140206,550.7144986007255,97.65347284182937,0.0129833397041104,400.28942387295865,138.23608618395778
1.17,1.3280746653309843,0.009832930787664066,0.9199311733275338,0.25079499642756675,550.5703433212531,95.99388514753528,0.019281317575340705,469.94360374118224,197.15960990896633
1.18,1.3309044312798004,0.009746980288062533,0.9188282879222633,0.24065563585999278,549.0774546897567,92.52051224785795,0.030086644456629206,524.4533362932323,198.76348395711716
1.19,1.2435412603491296,0.009773453999497366,0.9264325552808554,0.25504800789911153,550.0385117805803,95.45708261219532,0.011713248907755134,436.307840338762,165.82380981844116
1.2,1.1496799285214039,0.009799314468219788,0.9374229510197176,0.24289663535452632,549.8841961743942,90.8094436749547,0.016222344785280802,491.09358210447414,105.21978495784697
1.21,1.3746799888026884,0.00999973323250161,0.9235937221258606,0.2429128836358262,549.3327136628527,92.8185330944225,0.025121106063927333,515.3503046652717,187.02966945633702
1.22,1.3289065161887377,0.009797429733184869,0.92407917164795,0.24749697954344763,551.2755195891452,95.3263094826248,0.020429473295047344,489.33357801958516,151.0057647418896
1.23,1.2558327474530162,0.009775623338997378,0.9296923038530154,0.23944968682834517,550.6002116052275,92.98287436912149,0.023781593638792262,509.49928365671974,135.1144982534404
1.24,1.2770695371544192,0.009808902718423891,0.9295062581215643,0.23884614676964377,551.5876387374774,93.37716733390879,0.025656455489799248,504.00206167806857,125.97748694813112
1.25,1.3907252943770811,0.00998526415433272,0.9260003646973277,0.23942756801316464,551.7463495411437,94.1631976692557,0.02794879224012418,505.54903323488463,138.69035732333919
1.26,1.2899982885735628,0.009780962854051898,0.9261031211049731,0.2456746434678907,550.4316851019352,94.1410785482811,0.021199027157321467,505.89458901446847,159.30426441109336
1.27,1.2908959408989753,0.00981888362256933,0.9256669976834923,0.24822707316260328,550.0257660810646,94.13886240951486,0.019526442839424833,503.97610776591017,176.82656851398866
1.28,1.2714971638840549,0.009801715295290747,0.927634668594683,0.24721288148307308,550.0484006576532,93.81710547623531,0.01915755220529717,506.6010847727518,163.47807497277327
1.29,1.2533597290362368,0.009738531957525257,0.9274087153619152,0.24721248170690577,550.0824663811711,93.85934903158088,0.01947754864457573,508.9827426906596,163.4272853213858
1.3,1.1524736224264656,0.009803643828830689,0.9375295740425489,0.24934840329704697,550.9632924129913,91.29479824717146,0.01565088780349484,476.0837765198155,92.28538068700179
1.31,1.310300955413638,0.009728477305422749,0.9184952243174982,0.2583355024834665,551.7695538963789,97.90538965548447,0.01798839389898653,457.29882719022214,193.29584143297427
1.32,1.1937630335127203,0.009806734305994514,0.9346946136030774,0.24820079479311322,550.5045283614807,92.91036837439805,0.015344940707343501,493.7160314943078,118.6757907070697
1.33,1.2032181728747697,0.009797483127371592,0.9334558489547856,0.24596318070604642,549.8838870730821,92.77277487689788,0.017454050420404297,511.5838087776866,137.46813318416358
1.34,1.020986240059444,0.009806700128545792,0.9450264714041785,0.2558221364670904,546.8048381976985,89.84111962586647,0.00031507156213494395,513.9639422261267,18.907090506119363
1.35,1.083409185262532,0.009819112986575746,0.9418621828429783,0.2575205569428312,547.5967231412588,91.21989190591981,0.004932367880709689,422.8169219863209,41.20609693812515
1.36,1.2093160852253824,0.00988483683221276,0.9323217860281492,0.2605330232748034,549.7170285066126,94.88519146314036,0.00729675870618839,417.42854017417653,152.96706649405374
1.37,1.2373226517309681,0.009833276450862585,0.9289409638774556,0.2530908319835873,549.5288604723736,93.74257136215016,0.015373748173847747,506.9861144469229,195.600277009123
1.38,1.211558502658096,0.009925610317066442,0.933402194990948,0.2543458339732537,548.9541044392793,92.98082760478633,0.01112957824128276,502.8519750201902,192.59207148396186
1.39,1.2136286686560829,0.009829179685336562,0.9226755333314098,0.2663502240981594,551.336494707782,98.3286563314545,0.013840415304606985,368.3386776822885,197.9732615860722
1.4,1.2171168492548896,0.009867042685324106,0.9299034868430164,0.26076068679242986,550.2355247784022,95.61599200568824,0.009389946487119152,432.0717270553086,187.00240086320446
1.41,1.288347301980494,0.009890387784795852,0.9254321134267476,0.25829399128956865,550.7999587764784,96.0590101546478,0.014784696263274284,473.2309253197411,198.67884102827622
1.42,1.313297799728058,0.009904217482860536,0.9250760472440238,0.25839241206490765,551.1716640535827,96.39881150019283,0.015301009971371418,474.82567397479215,184.6464215975128
1.43,1.333436261599855,0.009917417336948574,0.9243835147775431,0.25774068510501785,551.3581444307436,96.47726007054064,0.016674097968641072,481.33485575209664,181.79121670681124
1.44,1.3540973256308406,0.009924464973117102,0.9232408061216912,0.2583657881733044,551.7168479053777,96.94390127294106,0.017429899533252084,479.4031613311199,178.88663036278828
1.45,1.3678400879918113,0.00993962491762252,0.9230617673969179,0.25786308245318246,551.8442588594222,96.94817261709119,0.018291924296019606,483.4348954676451,175.91359898683226
1.46,1.351512162100945,0.009920432524594352,0.9231650546704832,0.2697761193013345,551.8549621722066,98.63637733616693,0.011524928639148781,405.0081336071699,137.2104822066092
1.47,1.357081118394553,0.009647654360474513,0.9149799763436127,0.2733861413364618,553.4726537648671,101.00490652561747,0.015412366074967827,413.98189329534557,144.56542754985765
1.48,1.345105687255657,0.009752215128145553,0.9197733112597098,0.26133432860889183,552.7658004767841,98.41347672663397,0.018615179745513948,474.33370097146013,171.1699742305388
1.49,1.3329060816945462,0.009759544737714666,0.9198861434481619,0.2609222767927716,552.4091571520237,98.0781457658878,0.018845578187797862,478.8178541382703,183.84138706534318
1.5,1.336565484187998,0.009757884140130926,0.9228049185212058,0.2600753497332965,553.0219904629067,97.83908573736971,0.018264611642027015,478.7680696325791,147.05878439313503
1.51,1.2866124906212346,0.009798404531104655,0.9258877208784888,0.2699651691070194,551.5510550556936,98.0010899194561,0.009356099491672838,408.1121938716519,128.14316065016902
1.52,0.9989938557054688,0.009722997459902568,0.9448584553599308,0.26006101775490226,546.8176466123856,89.6673453388053,0.0038577833531894395,666.2852550046994,152.30779292139968
1.53,1.1598268290273852,0.009753439683917708,0.9351655644402993,0.257826696483261,550.2652855941461,94.22119697803414,0.00995367951833298,499.9132560496285,142.0660047491799
1.54,1.406167935351131,0.009999361332321426,0.9238395157785805,0.26180344473875783,552.8741548536742,97.80844689183361,0.017385566999402514,473.8926851009084,151.5899526002226
1.55,1.2680441894275993,0.009946254255283844,0.9311869174953125,0.25950874419091713,550.785403984541,95.28944216655705,0.012365172154585276,492.5230400512151,167.82742067373843
1.56,0.5264224381162226,0.0064159816623993084,0.9220854684043718,0.2585499468542028,546.3721572148456,91.49054685909663,0.022336675358479087,628.5963499356305,126.77332584729625
1.57,2.187828057318595,0.005237370209022252,0.4890842895020229,0.4133507304183634,504.23226494921596,143.04668158618153,0.3988341951385595,632.7265064843592,93.58989297833138
1.58,2.2535958224422745,0.007296560913591426,0.7020251139416513,0.4060622519159494,560.8998358074663,174.53120033219224,0.07575174045158528,581.4973550121143,13.375354467399205
1.59,1.5751286358871668,0.005226003153647749,0.6321270687001261,0.2960581772453555,518.2073078069997,151.74994750020474,0.25752175466899535,617.7443966016947,114.94129954108627
1.6,2.331690481153625,0.005988248261716855,0.5661938076056202,0.3951412770233315,502.63736407253634,137.09475449551385,0.4054622705098519,628.7212365764609,79.13362470672386
1.61,1.9932938404906264,0.005985931694842218,0.5810496334315973,0.22694198904654508,485.7417691177611,184.7465337187132,0.380266847210763,600.6222765248126,139.471186437812
1.62,2.2744985295932727,0.0057957225936681395,0.5482461003018098,0.3517512343910234,570.7490691575447,162.793920521051,0.20497687392226524,571.1986644671414,198.79606255606024
1.63,1.287500456516817,0.003694775802707504,0.54432262303389,0.38916374884987015,543.4257460690026,150.97572206491725,0.18609187735758662,632.284819126951,89.11410814874118
1.64,1.7615916317384726,0.005509107120152996,0.5890132797015003,0.20674398652951934,591.5259831077875,122.18625268150846,0.33311500540024325,547.54791011427,199.21396908832006
1.65,2.387187355023084,0.006038604928606591,0.5010850868695668,0.386390454603567,524.9903819627576,197.93585241987958,0.27818072273017236,612.4185243793066,131.96647422608365
1.66,1.4581909746115942,0.0049860328653738364,0.6386292702575462,0.30972959840741743,526.3531543365286,151.00431951085937,0.2266626646880878,619.2553516350712,110.8168137753711
1.67,2.239470526111823,0.00571872275134602,0.5158334912780126,0.4221381621051201,528.1342816168928,176.3355506140673,0.24750112391877122,627.0231974582175,115.13477275978613
1.68,1.9649797054576355,0.00541358145655868,0.5489446891987466,0.4536949135175209,548.2962278620638,175.77435099235214,0.1512267871755676,623.8865594207334,93.99860213628844
1.69,1.55020214100092,0.005509360374765924,0.6426102735188672,0.22773562557521795,583.0396942575373,122.00580789046916,0.2653044828493002,546.1022940685157,199.3661778875769
1.7,2.3907743228465086,0.006917685179484895,0.6352139887068413,0.312991253225693,510.76452474543805,165.70171029472357,0.2732215692433228,612.7466708299064,118.34793313634133
1.71,1.2367849883558644,0.0047267593243207045,0.6531301446122845,0.30842609407894833,583.1003201203471,131.64803635502716,0.1630500486568601,525.6792586431021,195.11238714011947
1.72,0.8834611282017886,0.0019428427060921806,0.49357135853966944,0.39692809190645506,576.7765916235255,140.2085311015711,0.016372380237407974,535.5513091969814,195.7899955986576
1.73,1.857165918936442,0.005328010562717681,0.5645527205543592,0.44141208338408594,551.8316823649379,176.6797821593079,0.13526296850334124,618.3024650608905,97.64552519085261
1.74,1.8205019401906246,0.006473432897808151,0.7018998192327374,0.34019769125008087,541.0109366657316,159.8917092367341,0.14252559196249984,609.8731576766282,97.15265376707693
1.75,1.94330395883291,0.004981729152325102,0.5024171614857312,0.4201729652434093,525.513060369888,161.24941686407652,0.27549281086043825,633.3905621736203,104.60025471026536
1.76,1.938236464416406,0.0065228063721100744,0.6909117498939819,0.3387713876032409,526.0504122146632,148.2477069448001,0.2067234946736121,621.8592280024753,89.81098059308553
1.77,2.371952171938388,0.006799788355337005,0.6352890461051516,0.38046111224960244,527.9247418772804,163.1609807067519,0.2075944257719856,622.2632276190603,98.42882148932932
1.78,1.522265686538472,0.006007420015183586,0.7221407462735594,0.24515900609883706,512.830616113549,140.7028973013638,0.24765784453062958,608.6299303130568,109.7604829519778
1.79,0.7339378156496317,0.0021456337285986503,0.6072725000396008,0.3762660042948261,571.624971190941,133.346109753851,0.00010784059475690358,588.5869923729573,193.90961394292606
1.8,0.9872729434997556,0.002701766453860652,0.5321342536469013,0.3810212158600445,582.7214174940326,141.28558681297883,0.0816973984996578,527.0707366042172,193.34680682684316
1.81,0.7493528398087127,0.0021239449109461744,0.5959187155938291,0.3748015630412233,572.008490492662,133.6571069250142,0.006234853219440068,581.186852872538,188.13980615808126
1.82,0.7978739325646971,0.0019339298218208254,0.5451101921075838,0.3905062964256819,573.676649465616,136.48771451609014,4.9035663998153174e-05,587.7434770967694,197.9928448606903
1.83,1.2470271332840672,0.005412679598363272,0.7147369114106302,0.290371027948664,579.1149402670188,125.57059926972059,0.14875998547784539,523.764350031223,187.55177034672442
1.84,2.2949376058749515,0.0078040042338199675,0.7365942423486469,0.2958144759971726,536.0214643035915,167.47672232904404,0.16212779363963137,594.9705627523034,104.104565238938
1.85,1.9919392595423138,0.008375167042501575,0.8174849862187237,0.28606929685271915,553.9424713259135,154.61043385438674,0.08553099606530935,564.1853240891708,74.16951980447624
1.86,0.5427992053722737,0.0049859033800159595,0.8761743475553547,0.29866755600983425,557.475618227793,109.28032814594535,0.11596010973008211,605.8068235836747,12.997697292112646
1.87,2.3997317923393333,0.007784587192663312,0.698802436522036,0.1875112227132867,578.8407590577682,109.21892869159056,0.2934460614209982,543.1237736259504,199.884335818813
1.88,0.5736937126897331,0.005816447741661978,0.8979679156875996,0.29002394270152126,555.4217984199239,105.3733380854232,0.0003260019769509928,592.4716358958517,125.39336310687303
1.89,2.091464221743763,0.00727133049749444,0.7258750705397121,0.33749372373705067,543.0623241535599,162.5182644543144,0.12889116735181558,602.9333053570213,93.8857637785626
1.9,0.5905917760651713,0.003012004750262962,0.756299368802683,0.339784846102066,565.587265247099,123.06748355384718,0.001326289939197842,566.521098928322,162.96740008543696
1.91,0.5789968924784424,0.0031229016493438655,0.7689734616674386,0.33730051898988034,564.9317155549123,122.01265709370384,7.170131506788954e-05,666.0240212046335,191.87068151702445
1.92,0.5071375791487809,0.002428656156096975,0.7522454633013415,0.28011946529525683,554.5618739365647,107.25144530201,0.06159906947440367,644.9482884650336,170.68535543370174
1.93,0.9626312420716424,0.008911076755815095,0.9319987008739969,0.8956355392599834,544.0028222406078,13.792542712431496,0.2672128180083247,550.5538161830477,99.94011363753424
1.94,1.6847560545451268,0.009708033621165083,0.9036788160511668,1.1643529655407812,545.9641350505194,15.024528162100438,0.2583159743590682,549.1361174067133,119.36431302646635
1.95,0.7754618595101713,0.008176651607102146,0.9317225009325398,0.13244730322132378,533.4618899518631,59.5306484342699,0.1821692841285276,558.3006925677505,107.8830699924658
1.96,1.5292311887284276,0.005414283987669793,0.49251198627150905,0.631531447802281,579.0167413248791,167.7069820634721,0.16609584015262233,311.63752815852246,158.35487758234726
1.97,0.7073706801049928,0.002841909839867516,0.5723693133179452,0.49081449282838735,569.1809341241329,156.67931449511764,0.10134467089662101,298.21715151816204,96.04808924100965
1.98,0.6459315934683278,0.0013444404761539402,0.5660684194430736,0.332318859857942,575.8426606271317,117.39248097736808,0.03098439360046983,479.0007462850001,74.24616246892438
1.99,0.5514805444367192,0.006023982138077504,0.9079730693444786,0.2845932914623172,556.0673525661376,102.508780044811,0.0065993813410152175,496.6503015955507,60.71357844018821
2.0,0.6159696601420145,0.006438407747730202,0.9090365913074905,0.28850146894162365,554.6350532260861,103.52111145662946,3.4203848666289167e-06,534.4261641964774,146.13243589716413
2.01,0.5714983667575531,0.006207161183257488,0.9096755089426002,0.28569674371513104,555.5411484678892,102.52884787196776,0.005064049035767422,499.86207125935874,52.73000940199813
2.02,0.5564457790964854,0.006190888762761326,0.9116788942179727,0.28063409507588455,556.1032733557204,101.85637548333123,0.010840353880534951,509.02637179024794,62.43251935878563
2.03,0.5933372004065094,0.00623376286694824,0.9068814942089266,0.2881140775670169,554.3446868588121,103.19283078654809,0.0030930825397337803,654.0041966429915,155.17065323300574
2.04,0.5074739063544825,0.006311329703057414,0.9224789426916299,0.2753952913398601,557.1704931922188,96.95283275838138,0.018571687934959967,491.0493782397626,45.63754316833754
2.05,0.566726035702896,0.006107686171380329,0.9077407157446826,0.279729908053776,556.9252891556343,103.06458274207526,0.012867364817600044,511.6065435704206,82.49626271913719
2.06,0.5804114016581496,0.006269341584716999,0.9099201907767427,0.2814715424328869,555.8573624794359,103.2346531471341,0.01146102484137218,521.7405667557058,62.147393410180186
2.07,0.6268590309237088,0.006362816198319851,0.904601522653867,0.2914416476640729,555.4071668953624,104.59290900475129,0.0017798235074188305,489.40785218512707,194.6605108106355
2.08,0.6053553155333306,0.0063291141981617945,0.9076393736534156,0.2894739428744614,555.2944491578812,103.92337537875389,0.0018621795200913559,513.4542715614934,79.65161053090301
2.09,0.6349240737373621,0.006516843197258742,0.9079043756652919,0.2900712989229244,555.0282792333358,103.86164865293104,0.0017672204230525753,523.2301326556571,198.16921885015586
2.1,0.6400864301292783,0.006532473338991798,0.9077591830394294,0.28869331936279924,555.1622481324565,103.82893009703635,0.0035013741933303494,533.7373794579171,153.23999869286288
