Strain,298.15,373.15,473.15,573.15,673.15,77.15,233.15,sref373.15,sref473.15,sref573.15,sref673.15,sref77.15,sref233.15
0.000,377.306,562.7919913,562.9815446,639.8655737,422.1026371,1068.442457,571.5473458,1.4916062593756791,1.4921086455025896,1.6958796671667031,1.1187276033246225,2.8317664097575976,1.514811176604666
0.001,727.558,727.5450715,755.3554034,752.9907706,678.1714256,1150.593967,700.0829667,0.9999822302826715,1.0382064431976556,1.0349563479475177,0.9321200860962288,1.58144638228155,0.9622366418897188
0.002,784.839,776.2370008,804.0818838,798.1961973,740.6971677,1193.762402,779.4483108,0.9890397913457409,1.024518256355762,1.0170190284886453,0.9437568312736752,1.521028391810295,0.9931314712953866
0.003,820.567,804.6611896,834.3723212,827.692672,765.6167986,1224.455474,830.6143445,0.9806160735198953,1.0168241242945426,1.0086838393452333,0.9330338639014243,1.4922065766719843,1.0122443925968263
0.004,844.964,823.6513182,856.7071695,849.9284515,781.6205296,1248.216974,865.066098,0.974776816763791,1.0138978341089087,1.0058753408429235,0.9250341193234268,1.4772427866749351,1.0237904786476109
0.005,864.705,837.5596291,874.5520371,867.9477441,794.0151852,1267.382604,889.3957555,0.968607362163975,1.0113877415997363,1.0037501160511388,0.9182497906222353,1.4656820580429162,1.0285539640686707
0.010,917.043,891.1623977,920.5376051,941.8297198,832.9778646,1326.506581,951.4564122,0.9717782020036139,1.0038107319940286,1.0270289613464145,0.9083302141775249,1.4465042326259512,1.0375264978850502
0.011,924.392,899.4681704,928.9513792,949.4995677,838.8539384,1337.24429,968.437032,0.9730375970367549,1.0049323005824369,1.0271611693956675,0.9074655972790763,1.4466203623570952,1.0476475694294196
0.012,931.174,907.1146601,936.7732084,956.6023006,844.2338326,1343.192572,975.7497702,0.9741623585924866,1.0060130635090756,1.0273077862998752,0.9066338112962776,1.442472160949511,1.0478705056197875
0.013,937.459,914.1745173,944.06317,963.2166907,849.1959216,1348.876817,982.3721582,0.9751621322105821,1.0070447560906663,1.0274760717002023,0.9058485988187217,1.438864864490074,1.047909463987225
0.014,943.306,920.7088226,950.8717113,969.4052962,853.8012896,1354.320694,988.4478027,0.9760447008711912,1.0080204210510693,1.0276679001299682,0.9051159322637616,1.435717247637564,1.04785488770346
0.015,948.763,926.7697634,957.2419679,975.2187504,858.0984793,1359.544778,994.078973,0.9768190405823161,1.0089368661088174,1.027884466826805,0.9044392322424041,1.4329656384154945,1.047763216946698
0.016,953.871,932.4025041,963.2113664,980.6987073,862.1267126,1364.567065,999.3402141,0.977493292174728,1.0097920645454155,1.028125089556135,0.9038189782475827,1.4305572399202826,1.0476680956858946
0.017,958.663,937.6465349,968.8127667,985.8799195,865.9181386,1369.403394,1004.287196,0.978077316950795,1.0105874188322694,1.0283904974949487,0.9032560332463024,1.428451284758043,1.0475914852247348
0.018,963.169,942.5366729,974.0752986,990.7917407,869.4994416,1374.06778,1008.962523,0.9785787051908855,1.011323348861934,1.0286790175971194,0.9027485743415745,1.4266113008205208,1.0475446396219148
0.019,967.416,947.1038242,979.0249916,995.4592335,872.8930157,1378.572685,1013.39958,0.9790036801127953,1.0119999995865274,1.0289877710312834,0.9022933419542368,1.4250050495340163,1.0475323749038676
0.020,971.424,951.375577,983.6852574,999.9040024,876.1178402,1382.929242,1017.625124,0.9793618203791548,1.0126219420150213,1.0293177874954706,0.901890256160029,1.4236103308133214,1.047560204400962
0.021,975.215,955.3766719,988.0772685,1004.144829,879.1901415,1387.147436,1021.661035,0.9796574826063996,1.0131891618771245,1.0296650779571683,0.9015346785067908,1.4224016611721517,1.0476264567300544
0.022,978.806,959.1293827,992.2202602,1008.198168,882.1239022,1391.236264,1025.525533,0.9798973266408255,1.0137047179931467,1.0300285940216958,0.9012244532624442,1.4213605801353892,1.0477311469279917
0.023,982.213,962.6538276,996.1317752,1012.078528,884.9312575,1395.203855,1029.234032,0.9800866284604256,1.0141708317849591,1.0304063660326224,0.9009565720470001,1.4204697504512769,1.0478725408847165
0.024,985.45,965.9682288,999.8278651,1015.798787,887.6228078,1399.057585,1032.799743,0.9802305837942057,1.0145901518088183,1.0307968816276827,0.9007284061088843,1.4197144299558577,1.0480488538231265
0.025,988.53,969.0891304,1003.323258,1019.370435,890.2078675,1402.804163,1036.234121,0.9803335562906539,1.0149649054656915,1.0311982792631484,0.900537027202007,1.4190810223260801,1.0482576360859053
0.026,991.464,972.0315841,1006.6315,1022.803776,892.6946655,1406.449715,1039.547195,0.9804002808977431,1.0152980844488553,1.0316095955072497,0.9003803118418823,1.4185585306173496,1.0484971668159409
0.027,994.263,974.8093083,1009.765075,1026.108093,895.0905077,1409.999846,1042.747816,0.9804340584935776,1.0155915235707254,1.032028842469246,0.9002552721965918,1.4181356904561468,1.0487645783862016
0.028,996.937,977.434826,1012.735511,1029.291783,897.4019109,1413.459698,1045.84385,0.9804379073100908,1.0158470505157295,1.0324541901845352,0.9001590982178412,1.4178024268333906,1.0490571119338534
0.029,999.493,979.9195848,1015.553467,1032.36247,899.634712,1416.834003,1048.842331,0.9804166560446146,1.01606861378719,1.0328861432746401,0.9000910581664904,1.4175527022200254,1.0493743638024478
0.030,1001.941,982.2740621,1018.228815,1035.327103,901.7941604,1420.127123,1051.749579,0.9803711616751885,1.0162562615962418,1.0333214261119168,0.9000471688452714,1.4173759961913925,1.0497120878375075
0.031,1004.287,984.5078579,1020.770705,1038.192032,903.8849939,1423.343091,1054.571298,0.9803052891255188,1.0164133410071026,1.033760301587096,0.9000265799517468,1.4172672662296733,1.0500696494129667
0.032,1006.539,986.6297773,1023.187633,1040.96308,905.9115037,1426.48564,1057.312662,0.9802201179487332,1.0165404748350535,1.034200443301253,0.9000262321678545,1.4172184485648347,1.0504438099268882
0.033,1008.701,988.6479035,1025.487491,1043.645599,907.8775884,1429.558233,1059.978375,0.9801198804204615,1.0166416916410315,1.0346431687883724,0.9000462856683993,1.4172269413830263,1.0508350591503328
0.034,1010.78,990.5696633,1027.677614,1046.244521,909.7868011,1432.564091,1062.57273,0.9800052071667426,1.0167174004234354,1.0350862907853342,0.9000838966936426,1.417285750608441,1.0512403589307269
0.035,1012.782,992.4018853,1029.764833,1048.764402,911.6423889,1435.506214,1065.099659,0.9798770962556601,1.0167684980578249,1.0355282795310343,0.9001368398135038,1.417389145936638,1.051657374439909
0.036,1014.711,994.150853,1031.755504,1051.209458,913.4473272,1438.387399,1067.562769,0.9797379283362455,1.0167973974855895,1.0359693134301293,0.900204419977708,1.4175340555094011,1.0520855386410515
0.037,1016.571,995.8223519,1033.655553,1053.5836,915.2043492,1441.210261,1069.965381,0.9795895730844181,1.0168060597833304,1.0364092621174517,0.9002857146229826,1.4177172681494947,1.0525240057015202
0.038,1018.366,997.4217125,1035.470504,1055.890462,916.9159716,1443.977247,1072.310558,0.9794334379780943,1.0167960281470512,1.0368477168326515,0.9003795998688094,1.417935444624035,1.0529716801228635
0.039,1020.101,998.9538488,1037.205509,1058.133426,918.5845171,1446.690651,1074.601133,0.9792695515444059,1.0167674661626642,1.0372830004087832,0.9004838904186938,1.418183739649309,1.0534262126985463
0.040,1021.779,1000.423294,1038.865379,1060.315645,920.2121334,1449.352624,1076.839728,0.9790994862881308,1.016722186500212,1.0377152446859839,0.9005980093542733,1.4184599840082837,1.0538871204047058
0.041,1023.403,1001.83423,1040.454603,1062.440063,921.800811,1451.965191,1079.028782,0.9789244608428938,1.0166616699384308,1.0381443703018263,0.9007212320073323,1.4187619061112777,1.0543537413902442
0.042,1024.977,1003.190522,1041.977376,1064.509432,923.3523978,1454.530255,1081.170558,0.9787444225577744,1.0165861048589382,1.038569091794255,0.9008518218457584,1.419085750216834,1.0548242136165007
0.043,1026.502,1004.495737,1043.437619,1066.526331,924.8686126,1457.04961,1083.267168,0.9785618897966103,1.0164983789607815,1.0389909917369864,0.900990560758771,1.4194318277022355,1.0552996175360594
0.044,1027.983,1005.753175,1044.838996,1068.493174,926.3510569,1459.524949,1085.320583,0.978375299007863,1.016397154427651,1.0394074357260772,0.9011346071870839,1.419794830264703,1.0557767813280958
0.045,1029.42,1006.965887,1046.184935,1070.412229,927.8012251,1461.957871,1087.332644,0.9781876075848535,1.0162858065706901,1.0398207038915117,0.9012854083853042,1.420176284704008,1.0562575469681956
0.046,1030.756,1008.136694,1047.478643,1072.285626,929.2205144,1464.349887,1089.305076,0.9780556154899899,1.0162236678709606,1.0402904528326782,0.9014941600145912,1.4206561853629762,1.0568020714892759
0.047,1031.907,1009.268211,1048.723119,1074.115369,930.6102323,1466.702429,1091.239496,0.9780612119115386,1.0162961575025657,1.0409032684146926,0.9018353711138698,1.421351370811517,1.0574979101798903
0.048,1033.02,1010.362857,1049.921174,1075.903343,931.9716051,1469.016851,1093.137423,0.9780670819538828,1.0163609358966914,1.0415125970455557,0.9021815696695127,1.4220604160616446,1.0581957977580299
0.049,1034.096,1011.422874,1051.075437,1077.651327,933.3057835,1471.294439,1095.000284,0.9780744476334885,1.0164195945057326,1.042119229742693,0.902533017727561,1.4227832222540266,1.0588961605112097
0.050,1035.137,1012.450342,1052.188372,1079.360998,934.6138494,1473.536415,1096.829422,0.9780834247061018,1.0164725751277368,1.0427228453818191,0.9028890372965125,1.4235182541054954,1.0595983159717024
0.051,1036.146,1013.447188,1053.262288,1081.033938,935.8968212,1475.743938,1098.626106,0.9780930370816469,1.0165191855201872,1.0433220202558326,0.9032480183294632,1.4242625440816257,1.0603004846807302
0.052,1037.124,1014.4152,1054.299349,1082.671642,937.1556583,1477.918112,1100.391531,0.9781040647020028,1.0165605549577483,1.043917257724245,0.9036100392045696,1.425015824530143,1.0610028607958162
0.053,1038.074,1015.35604,1055.301582,1084.275526,938.3912661,1480.059986,1102.126825,0.978115278872219,1.016595716683011,1.0445069677113576,0.9039733834967449,1.4257750275991883,1.061703524989548
0.054,1038.996,1016.271251,1056.270891,1085.846928,939.6044995,1482.170561,1103.833058,0.9781281650747452,1.0166265231049973,1.0450925008373466,0.9043388997647728,1.4265411618524035,1.0624035684449216
0.055,1039.892,1017.162266,1057.209058,1087.387115,940.7961669,1484.250791,1105.511242,0.9781422166917334,1.0166527466313808,1.0456731227858278,0.9047056491443342,1.4273124430229291,1.0631019778977047
0.056,1040.763,1018.030417,1058.117758,1088.897289,941.9670335,1486.301585,1107.162334,0.9781577717501488,1.0166750336051533,1.0462490394066661,0.9050735215414076,1.4280884168633974,1.0637987072945523
0.057,1041.612,1018.876944,1058.998561,1090.378587,943.1178243,1488.323813,1108.787245,0.9781732007695763,1.0166919745548246,1.046818380548611,0.9054406288522021,1.4288658473596694,1.0644916197202028
0.058,1042.438,1019.703002,1059.852942,1091.832092,944.2492268,1490.318306,1110.386837,0.9781905513805136,1.016705973880461,1.0473832419769808,0.9058085246316806,1.4296469487873618,1.0651826170956928
0.059,1043.244,1020.509666,1060.682285,1093.258829,945.3618936,1492.285856,1111.961933,0.9782080376211127,1.0167154424084874,1.0479416406900017,0.9061752510438594,1.430428409844677,1.065869473488465
0.060,1044.029,1021.297935,1061.487891,1094.659773,946.4564447,1494.227225,1113.513314,0.9782275540238825,1.0167226111535217,1.0484955619048897,0.9065422940358937,1.4312123753267392,1.0665540075994058
0.061,1044.796,1022.068744,1062.270981,1096.035852,947.5334698,1496.14314,1115.041721,0.9782471831821714,1.0167257349760144,1.0490429251260533,0.9069076353661385,1.4319954708861824,1.067233910734727
0.062,1045.546,1022.822964,1063.032703,1097.387947,948.5935299,1498.034297,1116.547865,0.9782668232674602,1.0167249484958099,1.0495836118162185,0.9072709664615426,1.4327770342003123,1.067908886839986
0.063,1046.278,1023.561407,1063.774136,1098.716897,949.6371596,1499.901366,1118.032421,0.9782881863137713,1.016722263107893,1.0501194682484005,0.9076336877961689,1.4335591171753588,1.0685806458704092
0.064,1046.994,1024.284831,1064.496294,1100.023501,950.6648684,1501.744987,1119.496034,0.9783101249863896,1.0167167089782752,1.0506492883435816,0.9079945715066181,1.4343396304085794,1.069247802757227
0.065,1047.694,1024.993947,1065.200131,1101.308522,951.6771422,1503.565776,1120.939319,0.9783333177435396,1.0167092023052533,1.0511738370172972,0.9083541016747257,1.4351192008353584,1.0699109845050179
0.066,1048.38,1025.689417,1065.886545,1102.572683,952.6744451,1505.364324,1122.362865,0.9783565281672676,1.0166986636524924,1.0516918321600945,0.90871100660066,1.4358956904939046,1.0705687489269158
0.067,1049.052,1026.371861,1066.55638,1103.816678,953.6572204,1507.141199,1123.767235,0.9783803481619597,1.0166859030820208,1.0522039689166982,0.9090657282956423,1.4366696779568602,1.0712216696598453
0.068,1049.711,1027.041861,1067.210431,1105.041167,954.6258918,1508.896947,1125.152969,0.9784043998776806,1.0166707131772459,1.0527099049166866,0.909417822429221,1.437440349772461,1.0718692754481947
0.069,1050.357,1027.699959,1067.849445,1106.24678,955.5808647,1510.632094,1126.520581,0.9784291997863585,1.016653809133466,1.0532102704128214,0.9097676929843853,1.4382082415788158,1.0725120896990261
0.070,1050.99,1028.346667,1068.474127,1107.43412,956.5225273,1512.347145,1127.870567,0.9784552345883405,1.0166358642803452,1.0537056679892292,0.9101157264103369,1.4389738674963606,1.0731506170372695
0.071,1051.612,1028.982462,1069.085142,1108.603763,957.4512512,1514.042588,1129.2034,0.9784810956892845,1.0166155787495768,1.054194667805236,0.9104605607391318,1.4397349859073498,1.0737832965009908
0.072,1052.223,1029.607794,1069.683115,1109.756257,958.3673928,1515.718891,1130.519536,0.978507211874289,1.0165935500364467,1.0546778173448024,0.9108025511702367,1.440492073448309,1.0744105916711573
0.073,1052.823,1030.223084,1070.268635,1110.89213,959.2712938,1517.376507,1131.819412,0.9785339833951194,1.016570339933683,1.0551556434462392,0.9111420379304023,1.4412455911392512,1.0750329466586501
0.074,1053.413,1030.828729,1070.842258,1112.011885,960.1632821,1519.015871,1133.103446,0.9785608578971401,1.0165455125387668,1.055627645567313,0.9114784819439289,1.4419946127492256,1.0756497650968804
0.075,1053.993,1031.425102,1071.404508,1113.116003,961.0436725,1520.637405,1134.372043,0.9785881898646386,1.0165195670179974,1.0560943032828494,0.9118121965705654,1.4427395675303347,1.0762614580931753
0.076,1054.563,1032.012553,1071.955881,1114.204947,961.9127675,1522.241515,1135.62559,0.9786163112113737,1.0164929748151603,1.0565560777307756,0.9121434826558488,1.4434808683786553,1.0768684184823476
0.077,1055.125,1032.591415,1072.496842,1115.279158,962.7708578,1523.828592,1136.864459,0.9786436820281958,1.0164642502073213,1.0570114043359793,0.9124708994668879,1.444216175334676,1.077468981400308
0.078,1055.677,1033.161997,1073.027834,1116.339061,963.618223,1525.399016,1138.089011,0.9786724509485383,1.0164357412352454,1.0574627097113984,0.9127964547868335,1.444948612122837,1.0780655550892935
0.079,1056.222,1033.724595,1073.549272,1117.385061,964.4551321,1526.953152,1139.299591,0.9787001170208535,1.0164049527466763,1.0579073916278965,0.9131178219162259,1.4456744434408677,1.078655425658621
0.080,1056.758,1034.279486,1074.061549,1118.417548,965.281844,1528.491355,1140.496533,0.9787287969431032,1.0163741831147717,1.0583478412276035,0.9134369874654367,1.4463967672825757,1.0792409738085729
0.081,1057.286,1034.826933,1074.565037,1119.436897,966.0986082,1530.013967,1141.680157,0.9787578129285737,1.0163428220935489,1.058783429459957,0.9137533346700891,1.447114562190363,1.0798215024127813
0.082,1057.807,1035.367184,1075.060088,1120.443467,966.9056649,1531.521319,1142.850774,0.9787864742812251,1.016310241849411,1.0592135115384942,0.9140662378864953,1.4478267954362185,1.080396304807966
0.083,1058.32,1035.900473,1075.547034,1121.437602,967.7032459,1533.013731,1144.008682,0.9788159280746844,1.0162777175145514,1.059639430418021,0.914376791424144,1.4485351604429664,1.0809667038324893
0.084,1058.827,1036.427024,1076.026189,1122.419634,968.4915745,1534.491514,1145.154171,0.9788445364540195,1.016243625257006,1.0600595130271517,0.9146834888985641,1.4492372351668403,1.08153094981522
0.085,1059.327,1036.947046,1076.497852,1123.389881,969.2708664,1535.954969,1146.287518,0.9788734224653954,1.0162092082992316,1.060475076156843,0.9149874084206294,1.449934693442157,1.0820903441524667
0.086,1059.82,1037.46074,1076.962303,1124.348649,970.0413297,1537.404387,1147.408993,0.9789027759430847,1.0161747306146327,1.060886423166198,0.9152887562982394,1.4506278301975808,1.0826451595553963
0.087,1060.307,1037.968296,1077.419811,1125.296234,970.8031652,1538.84005,1148.518857,0.9789318527558528,1.0161394869599087,1.0612928463171514,0.9155868679542811,1.451315562379575,1.0831946379680601
0.088,1060.787,1038.469894,1077.870628,1126.232918,971.5565672,1540.262232,1149.617361,0.9789617463260768,1.0161046732284613,1.06169562598335,0.9158827994686963,1.451999536193411,1.083740054318162
0.089,1061.262,1038.965706,1078.314993,1127.158974,972.3017233,1541.671198,1150.704748,0.9789907732492071,1.0160685985176139,1.0620930307501824,0.9161750098467675,1.4526772823299055,1.0842796105014598
0.090,1061.731,1039.455894,1078.753136,1128.074666,973.0388148,1543.067207,1151.781255,0.9790200097764876,1.0160324375948333,1.0624863228068127,0.9164645421486233,1.4533504315123134,1.0848145669665858
0.091,1062.194,1039.940615,1079.18527,1128.980245,973.7680172,1544.450507,1152.847108,0.9790496039329916,1.0159963904898728,1.062875750569105,0.9167515700521751,1.454019234716069,1.085345151638966
0.092,1062.652,1040.420016,1079.611602,1129.875955,974.4895002,1545.821342,1153.902529,0.9790787727308657,1.015959695177725,1.0632605547253475,0.9170353984182967,1.4546825696465069,1.0858705662813413
0.093,1063.105,1040.894238,1080.032326,1130.762033,975.2034282,1547.179948,1154.947731,0.9791076497617828,1.0159225344627294,1.063640969612597,0.9173161900282663,1.455340674721688,1.086391025345568
0.094,1063.553,1041.363417,1080.447627,1131.638704,975.9099602,1548.526553,1155.982923,0.979136363679102,1.0158850823607286,1.0640172177597165,0.9175941022215159,1.4559937802817535,1.0869067390153568
0.095,1063.995,1041.827681,1080.85768,1132.506187,976.6092504,1549.86138,1157.008304,0.979165955667085,1.0158484579344829,1.0643905159328757,0.917870150141683,1.4566434804674837,1.0874189296002332
0.096,1064.433,1042.287154,1081.262654,1133.364693,977.301448,1551.184645,1158.024069,0.9791947017801967,1.015810909658006,1.064759071731147,0.918142755814598,1.457287255280511,1.0879257492016876
0.097,1064.866,1042.741953,1081.662706,1134.214426,977.9866977,1552.496559,1159.030408,0.9792236328326757,1.0157735395815062,1.0651240869743235,0.9184129249126182,1.4579266865502325,1.0884284107108313
0.098,1065.294,1043.192191,1082.057988,1135.055582,978.6651398,1553.797325,1160.027504,0.9792528550803815,1.015736489645112,1.065485755106102,0.9186807959117389,1.4585619791343984,1.0889270980593149
0.099,1065.718,1043.637976,1082.448645,1135.888351,979.3369105,1555.087143,1161.015534,0.9792815510294467,1.0156989419339824,1.0658432634148995,0.9189456408731015,1.4591919654167425,1.0894209668974342
0.100,1066.138,1044.079412,1082.834814,1136.712917,980.0021416,1556.366206,1161.994672,0.9793098191791307,1.0156610251205755,1.0661967934732652,0.9192075900117996,1.4598168398462488,1.0899101917387806
0.110,1070.115,1048.274666,1086.475717,1144.543704,986.3212185,1568.604407,1171.331632,0.9795906664237022,1.0152887465365872,1.0695520612270644,0.9216964704727997,1.4658278848534971,1.0945848175196122
0.120,1073.753,1052.123987,1089.78067,1151.717535,992.1067076,1579.946547,1179.937551,0.9798566215880189,1.014926775524725,1.0726093757130364,0.9239617561953262,1.471424570641479,1.098891040118165
0.130,1077.111,1055.685474,1092.818075,1158.345017,997.4428924,1590.521214,1187.923932,0.980108339808989,1.014582596408355,1.0754184266988267,0.9260353783407652,1.476654879580656,1.1028797700515545
0.140,1080.233,1059.002335,1095.634979,1164.509794,1002.395462,1600.430771,1195.37822,0.9803462169735603,1.0142580156318128,1.078017237022013,0.9279437510240847,1.4815607105133801,1.1065929480028847
0.150,1083.154,1062.108003,1098.265393,1170.276754,1007.01662,1609.758081,1202.370306,0.9805697093857384,1.0139512876285366,1.0804343186656744,0.9297077054601653,1.4861765556882955,1.1100640407550542
0.160,1085.899,1065.029123,1100.734998,1175.697372,1011.348544,1618.571201,1208.956958,0.9807810146247489,1.0136624105925136,1.082694957818361,0.9313467863954199,1.4905356768907607,1.1133235761336921
0.170,1088.489,1067.787393,1103.063903,1180.813283,1015.425808,1626.926735,1215.184938,0.9809813355945719,1.01339003242109,1.0848187560921607,0.9328764994409681,1.4946652974903742,1.1163961583442736
0.180,1090.942,1070.40079,1105.26831,1185.658723,1019.277107,1634.872284,1221.093239,0.9811711255043806,1.013132054683017,1.0868210436485166,0.9343091630902468,1.498587719603792,1.119301703481945
0.190,1093.271,1072.884401,1107.361567,1190.262253,1022.926524,1642.448276,1226.714728,0.9813526573008888,1.0128884485182539,1.088716569816633,0.9356568719009285,1.5023249276711814,1.1220591491039276
0.200,1095.49,1075.251032,1109.354867,1194.647991,1026.394469,1649.689345,1232.077374,0.981525191466832,1.0126563154387533,1.0905147386101197,0.9369272827684416,1.5058917425079188,1.1246815342905914
0.210,1097.609,1077.511652,1111.257723,1198.836517,1029.698393,1656.6254,1237.205181,0.9816898841026267,1.012434959079235,1.0922254801117703,0.9381285986175405,1.5093037684639976,1.1271820666557946
0.220,1099.636,1079.675737,1113.078307,1202.845556,1032.853331,1663.282449,1242.118913,0.9818482998010252,1.0122243242309275,1.0938579275323834,0.9392683860841224,1.5125754786129229,1.129572797725793
0.230,1101.579,1081.751527,1114.823706,1206.690496,1035.872333,1669.683259,1246.836651,0.982000861490642,1.0120233827986918,1.095418935909272,0.9403522879430346,1.5157181273426599,1.1318631264757226
0.240,1103.446,1083.746238,1116.500111,1210.384789,1038.7668,1675.847873,1251.374245,0.9821470538657986,1.0118303124937698,1.0969134774152973,0.9413843541052305,1.5187402673080515,1.1340602485305127
0.250,1105.243,1085.666224,1118.112966,1213.94027,1041.546749,1681.794034,1255.745664,0.9822873558122514,1.011644467325285,1.0983469427085266,0.9423690075395186,1.5216509256335486,1.1361715604622695
0.260,1106.974,1087.517112,1119.667086,1217.367411,1044.221027,1687.537525,1259.963288,0.9824233559234454,1.011466471660581,1.099725387407473,0.9433112494060385,1.524459946665414,1.1382049515164765
0.270,1108.645,1089.303908,1121.166751,1220.675524,1046.797492,1693.092451,1264.038142,0.9825542964609952,1.011294644363164,1.1010517559723807,0.944213424495668,1.5271727658538126,1.140164923848482
0.280,1110.259,1091.031084,1122.615784,1223.872928,1049.283153,1698.471468,1267.980087,0.9826815941145264,1.0111296409216228,1.1023310128537576,0.9450796192600106,1.5297975229203276,1.1420579225207812
0.290,1111.821,1092.702656,1124.017614,1226.96709,1051.684285,1703.685981,1271.797979,0.9828044766198876,1.0109699439028406,1.103565313121447,0.9459115136339394,1.5323383719141843,1.1438873514711452
0.300,1113.334,1094.322243,1125.375331,1229.964733,1054.006535,1708.746301,1275.499805,0.9829235817822863,1.0108155602900835,1.104758080683784,0.9467118896934792,1.5348011477238634,1.1456578214623823
0.310,1114.801,1095.893114,1126.691725,1232.871938,1056.254997,1713.661782,1279.092789,0.983039227628967,1.0106662310134276,1.1059121206385714,0.9474830010019726,1.5371907470481279,1.147373198445283
0.320,1116.225,1097.418237,1127.969328,1235.694221,1058.434285,1718.440939,1282.583493,0.9831514587112815,1.0105214701337095,1.1070296947300051,0.9482266433738719,1.5395112445967436,1.1490367022777668
0.330,1117.608,1098.900314,1129.210443,1238.436601,1060.548593,1723.091544,1285.977893,0.9832609591198346,1.0103814960164923,1.10811357917982,0.9489450621326977,1.5417673674490522,1.150652011259762
0.340,1118.953,1100.341811,1130.417172,1241.103661,1062.601742,1727.620712,1289.281445,0.98336731837709,1.0102454455191594,1.1091651400907814,0.9496392985228156,1.543961821452733,1.1522212684536348
0.350,1120.262,1101.744983,1131.591438,1243.699593,1064.597223,1732.034974,1292.499148,0.9834708157556001,1.010113203875522,1.110186360869154,0.950310929943174,1.5460981216893905,1.1537472019938195
0.360,1121.537,1103.111903,1132.735005,1246.228246,1066.538236,1736.340338,1295.635594,0.9835715656282404,1.0099845167836639,1.111178896460839,0.9509612576312686,1.5481792736218243,1.1552321448155523
0.370,1122.779,1104.444476,1133.849497,1248.693161,1068.42772,1740.542345,1298.695007,0.9836704070881268,1.0098599074261274,1.1121450980112737,0.9515921833236994,1.550209208579783,1.1566791033676262
0.380,1123.991,1105.744459,1134.936408,1251.097602,1070.268381,1744.646117,1301.681287,0.9837662926126632,1.0097379854465027,1.1130850709658708,0.9522036929121319,1.5521886892332768,1.158088709785043
0.390,1125.174,1107.013476,1135.997121,1253.444586,1072.062719,1748.656397,1304.59804,0.983859808349642,1.0096190642513958,1.1140006665635716,0.9527972731328666,1.5541208710830503,1.1594633718873704
0.400,1126.329,1108.25303,1137.032915,1255.736907,1073.813041,1752.577588,1307.448605,0.9839514298220148,1.009503364469884,1.1148935231180233,0.9533742281340534,1.5560085800862804,1.1608052398544297
0.410,1127.457,1109.464518,1138.044977,1257.977157,1075.521489,1756.413783,1310.236085,0.984041535952147,1.0093910251122657,1.115765086384669,0.953935705751971,1.5578543421168167,1.1621162359185315
0.420,1128.561,1110.649236,1139.034411,1260.167745,1077.19005,1760.168794,1312.963363,0.9841286700497359,1.0092803233498235,1.1166146490973905,0.9544810160904018,1.5596576472162338,1.1633960087226123
0.430,1129.64,1111.808393,1140.002242,1262.310917,1078.820573,1763.846179,1315.63313,0.9842147878970291,1.0091730480507064,1.1174453073545554,0.9550127235225381,1.5614232667044365,1.1646481445416237
0.440,1130.696,1112.943116,1140.949431,1264.408764,1080.414778,1767.449261,1318.247892,0.9842991537955383,1.0090682473449981,1.1182570416805226,0.9555307332828631,1.5631515995457665,1.1658729596637825
0.450,1131.731,1114.054458,1141.87687,1266.463244,1081.974275,1770.981153,1320.809995,0.9843809686224024,1.0089649130402896,1.119049707041691,0.9560348483871167,1.5648428407457249,1.1670706157205202
0.460,1132.744,1115.143404,1142.785397,1268.476187,1083.500564,1774.444772,1323.321637,0.9844619825838848,1.008864665802688,1.1198260039338104,0.9565273036096418,1.5665011441243566,1.1682442255266858
0.470,1133.737,1116.210878,1143.675797,1270.449308,1084.995053,1777.842855,1325.784875,0.9845412807379489,1.008766404377735,1.1205855573206132,0.9570077125470898,1.5681263423527678,1.1693936733122408
0.480,1134.711,1117.257748,1144.548805,1272.384217,1086.45906,1781.177976,1328.201643,0.9846187690081439,1.0086698771757743,1.1213288819796408,0.9574764499506923,1.5697194933335448,1.1705197561317375
0.490,1135.666,1118.284828,1145.405114,1274.282426,1087.893822,1784.452558,1330.573759,0.9846951727004244,1.0085756851045995,1.122057388351857,0.9579346586056112,1.5712828930336913,1.1716241914436112
0.500,1136.604,1119.292884,1146.245373,1276.145361,1089.300503,1787.668883,1332.902934,0.9847694394881594,1.0084826139974872,1.122770429278799,0.9583817257373719,1.5728159350134259,1.1727065310345555
0.510,1137.524,1120.282639,1147.070197,1277.974362,1090.680198,1790.829106,1335.190783,0.9848430793548093,1.0083920840351501,1.12347024062789,0.9588195044675981,1.5743220415569255,1.1737693297020548
0.520,1138.428,1121.254775,1147.880162,1279.770694,1092.033939,1793.93526,1337.438826,0.9849149660760277,1.0083028193262988,1.1241560239207047,0.9592472593787221,1.575800366821617,1.1748119564873667
0.530,1139.315,1122.209936,1148.675814,1281.535553,1093.362699,1796.989269,1339.648503,0.9849865366470203,1.0082161772644087,1.1248298784796127,0.9596667286922405,1.577254112339432,1.1758367993048453
0.540,1140.188,1123.148728,1149.457671,1283.270068,1094.667398,1799.992956,1341.821174,0.9850557346683176,1.0081299496223428,1.1254898911407591,0.9600762312881734,1.5786808456149335,1.1768420418387142
0.550,1141.045,1124.07173,1150.226219,1284.975308,1095.948906,1802.948044,1343.958127,0.9851248022645906,1.0080463250792036,1.1261390286973783,0.9604782510768638,1.580084960715835,1.1778309593399034
0.560,1141.889,1124.979485,1150.981921,1286.652286,1097.208044,1805.856172,1346.060583,0.9851916298344237,1.0079630515750657,1.1267752697503874,0.9608710163597338,1.58146384806229,1.1788016024324606
0.570,1142.718,1125.872512,1151.725216,1288.301963,1098.445593,1808.718893,1348.1297,0.9852584032105908,1.007882273666819,1.1274014787550382,0.9612569269058506,1.5828217399218354,1.1797571229297166
0.580,1143.534,1126.751302,1152.456519,1289.92525,1099.662292,1811.537684,1350.166578,0.9853238312109651,1.0078025830451915,1.1280165259624986,0.9616349771847622,1.5841572563649176,1.180696488254831
0.590,1144.337,1127.616322,1153.176227,1291.523013,1100.858842,1814.31395,1352.172263,0.9853883270400241,1.0077243215940759,1.12862121298184,0.962005809477453,1.5854717185584317,1.1816206790482173
0.600,1145.128,1128.468014,1153.884714,1293.096077,1102.035912,1817.049028,1354.147748,0.9854514202779079,1.007646930299495,1.129215316541033,0.962369195408723,1.5867649974500668,1.182529593198315
0.610,1145.907,1129.306802,1154.582339,1294.645224,1103.194134,1819.744193,1356.093981,0.9855134858238933,1.007570718217098,1.129799559650129,0.9627257133432295,1.5880382901928343,1.1834241181876017
0.620,1146.674,1130.133088,1155.269441,1296.171203,1104.334112,1822.400657,1358.011863,0.985574878300197,1.0074959761885243,1.1303746339412948,0.9630759152121702,1.5892927344650702,1.1843050971767042
0.630,1147.429,1130.947255,1155.946346,1297.674724,1105.456421,1825.019582,1359.902256,0.9856359347724347,1.0074229830342443,1.1309411946185777,0.963420325789221,1.5905294201209834,1.1851733362151384
0.640,1148.174,1131.74967,1156.613364,1299.156467,1106.561608,1827.602073,1361.765981,0.9856952604744577,1.0073502483073125,1.1314978975312104,0.9637577649380669,1.5917466107053462,1.1860275367670754
0.650,1148.908,1132.540681,1157.270789,1300.617079,1107.650197,1830.149189,1363.603821,0.9857540212097052,1.0072789022271584,1.1320463248580392,0.964089550251195,1.5929466841557376,1.18686946300313
0.660,1149.631,1133.320623,1157.918905,1302.057182,1108.722687,1832.661941,1365.416526,0.9858125111448803,1.0072091871217808,1.1325870492357981,0.9644161361341159,1.5941305871188234,1.1876998149841123
0.670,1150.345,1134.089814,1158.55798,1303.477365,1109.779554,1835.141297,1367.204813,0.9858692948637147,1.007139579865171,1.133118642668069,0.9647362782469606,1.595296451933985,1.1885171952761997
0.680,1151.048,1134.848561,1159.188274,1304.878197,1110.821253,1837.588184,1368.969368,0.9859263566766981,1.0070720543365699,1.1336435987030948,0.9650520682021949,1.5964479187662026,1.1893243096725767
0.690,1151.742,1135.597155,1159.810034,1306.26022,1111.848221,1840.003491,1370.710848,0.985982238209599,1.0070050705800433,1.1341604456553638,0.9653622260888289,1.597583044640206,1.1901197038920175
0.700,1152.427,1136.335876,1160.423496,1307.623953,1112.860876,1842.388068,1372.429884,0.9860371858694739,1.0069388308326688,1.1346696606379407,0.9656671320612933,1.5987026232464183,1.1909039652837012
0.710,1153.103,1137.064993,1161.028887,1308.969894,1113.859616,1844.742733,1374.127077,0.9860914358908093,1.0068735290776278,1.135171701053592,0.9659671477743097,1.5998074178976205,1.1916776532538724
0.720,1153.77,1137.784764,1161.626425,1310.298522,1114.844826,1847.06827,1375.803009,0.9861452143841494,1.006809351083838,1.135667006422424,0.9662626225330873,1.600898159945223,1.1924413089263892
0.730,1154.429,1138.495435,1162.216319,1311.610294,1115.816872,1849.365432,1377.458235,0.9861978822430829,1.0067456023713888,1.136155011698424,0.966553050902221,1.6019741638507001,1.1931944147279736
0.740,1155.079,1139.197244,1162.798769,1312.905651,1116.776107,1851.634944,1379.09329,0.9862505023465927,1.0066833255560876,1.1366371053408468,0.9668395901925323,1.6030374926736612,1.1939385011761101
0.750,1155.722,1139.890419,1163.373968,1314.185016,1117.72287,1853.8775,1380.708686,0.9863015664666763,1.006620941714357,1.1371117067945404,0.9671208733588182,1.6040860172255957,1.1946719764787725
0.760,1156.356,1140.575179,1163.942101,1315.448796,1118.657486,1856.093772,1382.304919,0.9863529734787556,1.0065603507916248,1.1375811566680156,0.9673988685145406,1.605123138549028,1.1953973681115504
0.770,1156.983,1141.251735,1164.503346,1316.697382,1119.580268,1858.284403,1383.882462,0.9864032012570626,1.0064999624022133,1.138043845069461,0.9676721853302944,1.6061466789053946,1.1961130474691504
0.780,1157.602,1141.920291,1165.057875,1317.931151,1120.491515,1860.450015,1385.441773,0.9864532810067708,1.0064407931223338,1.1385011005509664,0.9679419308190551,1.6071586045981259,1.1968204728395424
0.790,1158.214,1142.581041,1165.605852,1319.150463,1121.391519,1862.591204,1386.983293,0.9865025297570225,1.0063821124593555,1.138952268751716,0.9682075324594592,1.6081580813217593,1.1975190189377785
0.800,1158.819,1143.234173,1166.147437,1320.35567,1122.280557,1864.708548,1388.507445,0.9865511119510468,1.0063240566473282,1.139397671249781,0.9684692406665752,1.6091456456961788,1.198209077517714
0.810,1159.417,1143.87987,1166.682782,1321.547107,1123.158897,1866.802602,1390.01464,0.9865991873501941,1.0062667547569168,1.1398376140767301,0.9687272974262066,1.6101218129456443,1.1988910288532946
0.820,1160.008,1144.518305,1167.212035,1322.725099,1124.026797,1868.873904,1391.505272,0.9866469067454707,1.006210332170123,1.140272393811077,0.9689819354694105,1.611087082158054,1.1995652374811208
0.830,1160.592,1145.149648,1167.735338,1323.889958,1124.884508,1870.92297,1392.979721,0.9866944180211478,1.0061549088740918,1.140702295035637,0.9692333808952672,1.6120419320484718,1.2002320548478707
0.840,1161.17,1145.774062,1168.252829,1325.041987,1125.732269,1872.9503,1394.438354,0.986741012943841,1.006099734750295,1.141126611090538,0.9694810139772816,1.612985437102233,1.200890786017551
0.850,1161.742,1146.391704,1168.764641,1326.181477,1126.570311,1874.956378,1395.881528,0.9867868287451086,1.006044923055205,1.141545607372377,0.9697250430818547,1.6139180454868638,1.2015417605630165
0.860,1162.307,1147.002725,1169.270901,1327.308709,1127.39886,1876.941669,1397.309584,0.9868328462273737,1.005991447182199,1.1419605224781404,0.9699665062672771,1.6148415771392584,1.2021863277086002
0.870,1162.867,1147.607272,1169.771733,1328.423957,1128.21813,1878.906627,1398.722855,0.9868774950187769,1.0059376807493894,1.1423696407241757,0.970203927018309,1.6157536734639475,1.2028227260727151
0.880,1163.42,1148.205487,1170.267257,1329.527481,1129.028331,1880.851685,1400.12166,0.9869225963108764,1.0058854558113148,1.1427751637413832,0.9704391629849924,1.6166575140533943,1.2034533186639391
0.890,1163.968,1148.797508,1170.757588,1330.619538,1129.829664,1882.777268,1401.506309,0.9869665729642052,1.0058331397426732,1.14317536049101,0.9706707263429922,1.6175507127343707,1.2040763225449498
0.900,1164.51,1149.383467,1171.242839,1331.700373,1130.622325,1884.683784,1402.877103,0.9870103880602142,1.0057816927291308,1.1435714360546496,0.9708996273110579,1.6184350361954813,1.2046930494371024
0.910,1165.047,1149.963491,1171.723117,1332.770224,1131.406502,1886.571629,1404.234332,0.9870533042872948,1.0057303413510357,1.143962624683811,0.9711252009575579,1.6193094604767018,1.2053027319927865
0.920,1165.578,1150.537707,1172.198527,1333.829321,1132.182377,1888.441185,1405.578276,0.9870962792708853,1.0056800377151938,1.1443501172808683,0.9713484442911586,1.6201757282652898,1.2059066626171737
0.930,1166.104,1151.106234,1172.669171,1334.877888,1132.950128,1890.292825,1406.909209,0.9871385691156193,1.0056300046994093,1.144733135294965,0.971568683410742,1.621032793815989,1.2065040588146512
0.940,1166.624,1151.669188,1173.135147,1335.916141,1133.709926,1892.126908,1408.227393,0.9871811209095648,1.0055811872548481,1.1451128564130344,0.9717869047782318,1.6218823785555585,1.2070961963751816
0.950,1167.14,1152.226683,1173.59655,1336.94429,1134.461935,1893.943784,1409.533085,0.9872223409359632,1.0055319413266617,1.145487507925356,0.9720015893551759,1.6227220247785183,1.2076812421817433
0.960,1167.65,1152.778828,1174.053473,1337.962537,1135.206318,1895.743791,1410.826534,0.9872640157581466,1.0054840688562496,1.1458592360724533,0.9722145488802294,1.6235548246477969,1.208261494454674
0.970,1168.156,1153.32573,1174.506005,1338.97108,1135.943228,1897.527257,1412.107978,0.9873045466530156,1.0054359220857487,1.1462262574519158,0.9724242549796432,1.6243782996449105,1.2088351025034327
0.980,1168.657,1153.867492,1174.954232,1339.970109,1136.672818,1899.294503,1413.377653,0.9873448685114624,1.0053884347588729,1.14658972564234,0.9726316772158128,1.6251941356617041,1.2094033176543675
0.990,1169.153,1154.404213,1175.39824,1340.95981,1137.395233,1901.045836,1414.635784,0.9873850667962192,1.0053416789761476,1.1469498089642673,0.9728369452073423,1.6260026155687066,1.209966346577394
1.000,1169.644,1154.935991,1175.838109,1341.940364,1138.110616,1902.781558,1415.882591,0.9874252259661914,1.0052957216041805,1.1473066710896649,0.9730401865866879,1.6268040172907312,1.2105243911822743
1.010,1170.131,1155.46292,1176.27392,1342.911945,1138.819104,1904.501961,1417.118288,0.9874645830253193,1.0052497711794661,1.147659488552991,0.9732406918541597,1.6275972186020196,1.211076612789508
1.020,1170.614,1155.985091,1176.705749,1343.874722,1139.520831,1906.207329,1418.343083,0.9875032171151208,1.0052038921454893,1.1480084143876632,0.9734385809498264,1.6283824804760578,1.2116232020119355
1.030,1171.092,1156.502595,1177.133671,1344.82886,1140.215927,1907.897937,1419.557177,0.9875420504964596,1.0051590062949793,1.1483545784618117,0.9736348015356606,1.6291614467522617,1.212165378125715
1.040,1171.566,1157.015516,1177.557759,1345.774521,1140.904518,1909.574053,1420.760767,0.9875803121633778,1.0051143162229017,1.1486971463835585,0.9738286344943435,1.6299329726195537,1.2127022865122408
1.050,1172.036,1157.523939,1177.978083,1346.711858,1141.586727,1911.235939,1421.954042,0.9876180757246363,1.005069880959288,1.149036256565498,0.9740201896528776,1.6306972985471435,1.2132341003177376
1.060,1172.501,1158.027946,1178.394713,1347.641025,1142.262672,1912.883847,1423.137189,0.9876562544509556,1.0050266166084292,1.1493730282532808,0.9742104032320655,1.631456047372241,1.2137620257893171
1.070,1172.963,1158.527617,1178.807716,1348.562168,1142.932469,1914.518025,1424.310387,0.9876932324378518,1.004982864762145,1.1497056326584896,0.9743977167225225,1.6322066638078099,1.2142841564482427
1.080,1173.42,1159.023028,1179.217155,1349.475431,1143.596232,1916.138714,1425.473812,0.9877307596597978,1.0049403921869406,1.1500361601131734,0.9745838932351588,1.6329521518296943,1.2148027236624566
1.090,1173.874,1159.514255,1179.623096,1350.380952,1144.254069,1917.746146,1426.627635,0.9877672177763542,1.0048975409626586,1.1503627748804386,0.9747673677072668,1.6336899411691543,1.2153158132814936
1.100,1174.324,1160.001371,1180.025598,1351.278868,1144.906087,1919.34055,1427.772022,0.9878035116373335,1.0048552171291738,1.1506865805348439,0.9749490660158525,1.6344216332119583,1.21582461228758
1.110,1174.77,1160.484448,1180.424723,1352.169311,1145.55239,1920.922147,1428.907135,0.9878397030908177,1.0048134724243896,1.1510076959745312,0.9751290805859871,1.6351474305608757,1.2163292687079172
1.120,1175.212,1160.963554,1180.820529,1353.05241,1146.193079,1922.491153,1430.033132,0.9878758504848486,1.0047723551155026,1.1513262373086728,0.9753075011146924,1.6358675311348079,1.2168299268557503
1.130,1175.651,1161.438758,1181.213072,1353.928289,1146.828252,1924.04778,1431.150166,0.9879111726184046,1.0047310570909223,1.1516413365871334,0.9754835848393784,1.6365807369704104,1.2173256910426646
1.140,1176.086,1161.910125,1181.602408,1354.797071,1147.458004,1925.592231,1432.258387,0.9879465659824197,1.0046904801179506,1.1519540841401053,0.9756582460806438,1.63728862600184,1.2178177335671032
1.150,1176.518,1162.37772,1181.98859,1355.658875,1148.082429,1927.124708,1433.357942,0.9879812463557718,1.004649814112491,1.1522636075266166,0.9758307386712316,1.6379899908033706,1.218305153002334
1.160,1176.946,1162.841605,1182.371673,1356.513818,1148.701617,1928.645406,1434.448971,0.9880161069411852,1.0046099591655013,1.1525709913623905,0.9760019720530934,1.6386864019249823,1.2187891126695702
1.170,1177.371,1163.301842,1182.751706,1357.362011,1149.315658,1930.154514,1435.531614,0.9880503613559363,1.0045701023721494,1.1528753561961351,0.9761711966746249,1.6393766399885847,1.2192687045969366
1.180,1177.792,1163.758489,1183.12874,1358.203565,1149.924637,1931.652218,1436.606007,0.9880848986917895,1.0045311396239744,1.1531777809664185,0.9763393171290008,1.6400622673613,1.2197450882668588
1.190,1178.21,1164.211605,1183.502823,1359.038588,1150.528638,1933.1387,1437.672281,0.9881189304113867,1.004492257746921,1.1534773834885121,0.9765055788017416,1.640742057867443,1.2202173475017188
1.200,1178.625,1164.661247,1183.874004,1359.867185,1151.127744,1934.614136,1438.730565,0.9881525056739845,1.0044534979319122,1.1537742581397816,0.9766700553611198,1.6414161722345952,1.2206855997454662
1.210,1179.037,1165.107469,1184.242329,1360.689458,1151.722034,1936.078698,1439.780985,0.9881856710179578,1.0044148987690802,1.1540684965781396,0.9768328169514611,1.642084767483972,1.221149959670477
1.220,1179.446,1165.550326,1184.607842,1361.505508,1152.311587,1937.532556,1440.823663,0.9882184737580187,1.0043764971011815,1.154360189444875,0.976993933592551,1.6427479986366482,1.2216105383374907
1.230,1179.851,1165.989871,1184.970589,1362.315431,1152.896478,1938.975873,1441.858719,0.9882517970489493,1.0043391826595052,1.1546504016185093,0.9771542999921174,1.643407407376016,1.2220684806810351
1.240,1180.254,1166.426154,1185.330612,1363.119322,1153.476782,1940.40881,1442.886271,0.9882840083575232,1.0043012876889212,1.1549372609624708,0.977312325990846,1.6440603548049828,1.2225218224212755
1.250,1180.653,1166.859226,1185.687954,1363.917276,1154.052572,1941.831525,1443.906433,0.988316826366426,1.0042645502107732,1.1552228097501975,0.9774697324277328,1.6447097707793907,1.2229727388148763
1.260,1181.05,1167.289136,1186.042655,1364.709382,1154.623918,1943.24417,1444.919316,0.9883486186020914,1.0042273019770542,1.1555051708225732,0.9776249252783541,1.6453530079166843,1.2234192591338215
1.270,1181.443,1167.715932,1186.394756,1365.495729,1155.190889,1944.646895,1445.925029,0.988381100061535,1.0041912779541629,1.155786380722557,0.9777796211920508,1.6459929890819955,1.2238635541452274
1.280,1181.834,1168.13966,1186.744297,1366.276405,1155.753553,1946.039848,1446.923679,0.9884126366308635,1.0041548110817593,1.1560645615204843,0.9779322248302215,1.64662706268393,1.2243036492434638
1.290,1182.222,1168.560368,1187.091315,1367.051494,1156.311976,1947.42317,1447.915371,0.9884441060985162,1.0041187822591695,1.1563407667933774,0.9780836221961696,1.6472567504242013,1.2247406756091497
1.300,1182.607,1168.978098,1187.435849,1367.821078,1156.866223,1948.797003,1448.900205,0.9884755442847878,1.004083223759034,1.1566150699260194,0.9782338705926821,1.6478821814854807,1.2251747241475823
1.310,1182.99,1169.392895,1187.777934,1368.585239,1157.416356,1950.161483,1449.878282,0.9885061538981732,1.0040473157000482,1.1568865662431635,0.978382197651713,1.648502086239106,1.2256048504213897
1.320,1183.37,1169.804802,1188.117608,1369.344056,1157.962437,1951.516743,1450.849699,0.9885368075918776,1.0040119387849955,1.1571563044525381,0.9785294852835547,1.6491179791612092,1.2260321784395416
1.330,1183.747,1170.213861,1188.454904,1370.097606,1158.504526,1952.862916,1451.814552,0.9885675410370627,1.0039771201109695,1.157424353345774,0.9786757862955512,1.6497299811530672,1.226456795244254
1.340,1184.121,1170.620111,1188.789857,1370.845965,1159.042682,1954.200129,1452.772933,0.9885983873269707,1.0039428884379213,1.1576907807563583,0.9788211525680229,1.650338207835179,1.2268787843472075
1.350,1184.493,1171.023595,1189.122502,1371.589207,1159.576963,1955.528507,1453.724933,0.988628548248069,1.0039084249548118,1.1579546751226053,0.9789648085721064,1.6509413791385852,1.2272971921319924
1.360,1184.862,1171.424349,1189.45287,1372.327405,1160.107425,1956.848174,1454.670643,0.9886588893896503,1.0038746031183379,1.1582170792885584,0.9791076302556753,1.651541001399319,1.227713137057311
1.370,1185.229,1171.822414,1189.780993,1373.060629,1160.634123,1958.15925,1455.61015,0.9886886112304035,1.0038406021114907,1.1584770782692628,0.9792488396757082,1.652135789792521,1.2281256617919405
1.380,1185.594,1172.217826,1190.106904,1373.78895,1161.157111,1959.461852,1456.543538,0.9887177448603822,1.0038064497627348,1.1587347354996735,0.9793884845908464,1.6527258505019424,1.2285348424502822
1.390,1185.956,1172.610622,1190.430634,1374.512434,1161.676442,1960.756096,1457.470892,0.9887471558809939,1.0037730185605538,1.158991087359059,0.9795274377801537,1.6533126827639475,1.2289417921069585
1.400,1186.315,1173.000837,1190.752211,1375.231149,1162.192166,1962.042094,1458.392294,0.9887768737645566,1.0037403311936541,1.1592461943075827,0.9796657430783561,1.6538963883959992,1.2293465850132552
1.410,1186.673,1173.388508,1191.071666,1375.945159,1162.704336,1963.319957,1459.307823,0.9888052631179778,1.0037067212281732,1.1594981591390383,0.9798017954398558,1.6544742797721024,1.2297472201693307
1.420,1187.028,1173.773669,1191.389028,1376.654529,1163.213,1964.589793,1460.21756,0.9888340199220237,1.0036739049120997,1.1597489941265076,0.9799372887581421,1.6550492431518045,1.2301458432320047
1.430,1187.38,1174.156353,1191.704324,1377.359321,1163.718206,1965.851709,1461.12158,0.9888631718573666,1.0036419040239855,1.1599987544004444,0.9800722649867776,1.6556213756337481,1.2305425221917161
1.440,1187.73,1174.536594,1192.017584,1378.059596,1164.220003,1967.105808,1462.01996,0.9888919148291277,1.003609897872412,1.1602465173061218,0.9802059415860506,1.6561893763734181,1.2309362902343126
1.450,1188.079,1174.914423,1192.328833,1378.755415,1164.718436,1968.352192,1462.912773,0.9889194430673381,1.0035770626364073,1.1604913604230023,0.9803375331101721,1.6567519432630322,1.2313261769629797
1.460,1188.424,1175.289873,1192.638099,1379.446835,1165.213552,1969.590962,1463.800091,0.9889482819263158,1.0035459558204816,1.1607362650030628,0.9804695563199666,1.6573133511272071,1.2317153566403911
1.470,1188.768,1175.662975,1192.945407,1380.133916,1165.705394,1970.822215,1464.681987,0.9889759608266709,1.0035140641403537,1.1609783540606746,0.9805995736762767,1.6578695043944653,1.2321007858556083
1.480,1189.11,1176.03376,1193.250783,1380.816712,1166.194006,1972.046047,1465.558529,0.9890033386314135,1.0034822539546384,1.1612186526057304,0.9807284490080818,1.6584218844345773,1.2324835624963209
1.490,1189.449,1176.402256,1193.554253,1381.49528,1166.679432,1973.262552,1466.429786,0.9890312707816813,1.0034513905177944,1.1614581877827466,0.9808570455732022,1.6589719710555053,1.2328647852913406
1.500,1189.786,1176.768494,1193.855841,1382.169674,1167.161712,1974.471823,1467.295825,0.9890589517778826,1.0034206495958096,1.161696031050962,0.9809845736964463,1.6595184537387395,1.2332434782389436
1.510,1190.121,1177.132502,1194.15557,1382.839947,1167.640889,1975.67395,1468.156712,0.9890864054999449,1.003390050255394,1.1619322295800174,0.9811110710591612,1.6600614139234582,1.2336197008539467
1.520,1190.455,1177.494309,1194.453465,1383.506152,1168.117003,1976.869023,1469.012511,0.9891128257682987,1.0033587703861129,1.1621658542322053,0.9812357485163237,1.6605995379917764,1.2339924743060426
1.530,1190.786,1177.853942,1194.749549,1384.168339,1168.590093,1978.057127,1469.863286,0.9891398975130711,1.00332851494727,1.1623989020697254,0.9813602889184119,1.6611356927273246,1.2343639293710205
1.540,1191.115,1178.211428,1195.043844,1384.826559,1169.060197,1979.23835,1470.709098,0.9891668126083544,1.003298459006897,1.1626304420647882,0.9814839012186061,1.6616685626492824,1.2347330845468323
1.550,1191.442,1178.566794,1195.336373,1385.480861,1169.527355,1980.412774,1471.550008,0.9891935939810751,1.0032686215527067,1.1628605177591524,0.9816066203810172,1.6621982219864668,1.2350999947962216
1.560,1191.767,1178.920066,1195.627158,1386.131293,1169.991603,1981.580482,1472.386077,0.9892202636924834,1.0032390207146196,1.1630891717928085,0.981728477965911,1.6627247456927403,1.235464714998821
1.570,1192.091,1179.27127,1195.91622,1386.777903,1170.452978,1982.741556,1473.217362,0.9892460139368555,1.003208832211635,1.1633154708826758,0.9818486826928482,1.663246812533607,1.2358262599080105
1.580,1192.412,1179.620431,1196.203581,1387.420738,1170.911516,1983.896074,1474.043921,0.9892725257712939,1.0031797574999244,1.1635414085064557,0.9819689134292509,1.6637672834557182,1.2361867550812973
1.590,1192.732,1179.967574,1196.48926,1388.059843,1171.367251,1985.044114,1474.865812,0.9892981608609478,1.0031501292830243,1.1637650729585522,0.982087552777992,1.6642834383583236,1.236544179245631
1.600,1193.049,1180.312722,1196.773279,1388.695263,1171.82022,1986.185753,1475.683089,0.9893245977323647,1.003121647979253,1.1639884556292324,0.9822062798761828,1.6647981373774254,1.2369006545414314
1.610,1193.365,1180.6559,1197.055656,1389.327043,1172.270454,1987.321067,1476.495806,0.9893501988075735,1.0030926464241872,1.164209644995454,0.9823234752150432,1.665308658289794,1.237254156104796
1.620,1193.679,1180.997131,1197.336413,1389.955224,1172.717989,1988.450128,1477.304018,0.9893758129279312,1.0030639837008106,1.1644296531982217,0.9824399934990897,1.665816461544519,1.2376057700604601
1.630,1193.992,1181.336438,1197.615568,1390.579851,1173.162857,1989.57301,1478.107777,0.9894006308249972,1.0030348344042506,1.164647544539662,0.9825550397322595,1.6663202182259178,1.2379545063953528
1.640,1194.302,1181.673843,1197.893139,1391.200965,1173.605089,1990.689783,1478.907135,0.989426328516573,1.003006893566284,1.1648653062625702,0.9826702869123555,1.666822782679758,1.2383024854684996
1.650,1194.611,1182.009369,1198.169146,1391.818606,1174.044717,1991.800518,1479.702142,0.9894512682371082,1.0029784976029852,1.1650810230275797,0.9827841171728704,1.6673214276446473,1.2386476786167213
1.660,1194.918,1182.343038,1198.443607,1392.432815,1174.481773,1992.905284,1480.492848,0.9894762971182961,1.0029505012059405,1.165295706483625,0.982897381242897,1.667817610915561,1.238991167594764
1.670,1195.223,1182.67487,1198.716539,1393.043632,1174.916286,1994.004148,1481.279302,0.9895014319503558,1.0029229181500021,1.1655093919712054,0.9830101043905614,1.6683113929367157,1.2393329964366482
1.680,1195.527,1183.004888,1198.987961,1393.651096,1175.348287,1995.097176,1482.061552,0.9895258643259415,1.0028949249996026,1.165721138878503,0.9831214911917505,1.6688014373577509,1.239672171352048
1.690,1195.829,1183.333111,1199.257889,1394.255244,1175.777804,1996.184435,1482.839645,0.9895504382315532,1.0028673740141776,1.1659319551541232,0.9832323885772967,1.6692892002117359,1.2400097714639804
1.700,1196.129,1183.659559,1199.52634,1394.856114,1176.204867,1997.265987,1483.613629,0.9895751704038611,1.002840278933125,1.1661418743296084,0.9833428225550923,1.6697747375074095,1.2403458397881835
1.710,1196.428,1183.984254,1199.793332,1395.453743,1176.629505,1998.341896,1484.383548,0.9895992521071053,1.0028128161494045,1.166349954196993,0.9834519962755803,1.670256710809175,1.240679378951345
1.720,1196.725,1184.307213,1200.05888,1396.048168,1177.051744,1999.412225,1485.149448,0.9896235250370805,1.002785836345025,1.1665572023647874,0.9835607545593184,1.6707365727297419,1.2410114671290398
1.730,1197.02,1184.628457,1200.323001,1396.639424,1177.471613,2000.477033,1485.911373,0.9896480067166797,1.0027593532271808,1.1667636497301632,0.9836691224875106,1.671214376535062,1.241342143823829
1.740,1197.314,1184.948005,1200.58571,1397.227546,1177.889137,2001.536382,1486.669366,0.9896718864057381,1.0027325413383623,1.1669683524956695,0.9837763001184316,1.67168878172309,1.2416704106023984
1.750,1197.607,1185.265875,1200.847024,1397.812568,1178.304345,2002.59033,1487.42347,0.9896951796373936,1.0027054150485093,1.1671713408488762,0.9838823128121329,1.6721598404150946,1.2419963059668155
1.760,1197.897,1185.582086,1201.106957,1398.394525,1178.717261,2003.638934,1488.173727,0.9897195551871321,1.0026796602712922,1.1673745948107392,0.9839888245817462,1.6726303964364215,1.2423219417028344
1.770,1198.187,1185.896655,1201.365524,1398.97345,1179.127911,2004.682254,1488.920178,0.9897425485337431,1.0026527779052854,1.1675752198947242,0.9840933936021674,1.673096314682099,1.2426442433443194
1.780,1198.474,1186.2096,1201.622741,1399.549376,1179.53632,2005.720343,1489.662863,0.9897666532607299,1.0026272918728316,1.1677761686945232,0.9841985057664997,1.6735618319629797,1.2429663580519896
1.790,1198.761,1186.520939,1201.878621,1400.122334,1179.942514,2006.753258,1490.401824,0.9897894067291145,1.0026007027255641,1.1679745453847763,0.9843017198590879,1.674022810218217,1.2432852119813709
1.800,1199.046,1186.830689,1202.13318,1400.692357,1180.346515,2007.781054,1491.137099,0.9898124750843587,1.0025746968840228,1.1681723278339613,0.9844046975678997,1.6744820915961522,1.2436029134828854
1.810,1199.329,1187.138867,1202.386432,1401.259476,1180.748349,2008.803782,1491.868727,0.9898358723919791,1.0025492854754618,1.1683695433029635,0.9845074612554187,1.6749397221279565,1.2439194974856775
1.820,1199.611,1187.445488,1202.638389,1401.823721,1181.148039,2009.821497,1492.596746,0.9898587858897593,1.0025236422473618,1.168565244066618,0.9846092099855702,1.6753943545032512,1.2442339608423063
1.830,1199.891,1187.750571,1202.889067,1402.385123,1181.545608,2010.83425,1493.321193,0.9898820567868247,1.002498616124298,1.1687604315725344,0.984710784562931,1.675847431141662,1.2445473738864612
1.840,1200.17,1188.05413,1203.138478,1402.943712,1181.941078,2011.842091,1494.042106,0.9899048718098269,1.0024733812709865,1.168954158160927,0.9848113833873534,1.6762976003399517,1.2448587333461094
1.850,1200.448,1188.356182,1203.386636,1403.499517,1182.334472,2012.845072,1494.75952,0.9899272454950151,1.0024479494322118,1.1691464494921895,0.9849110265500879,1.6767449085674682,1.2451680705869808
1.860,1200.724,1188.656742,1203.633553,1404.052566,1182.725812,2013.843242,1495.473472,0.9899500151575216,1.0024231655234674,1.169338304223119,0.9850105536326416,1.6771907965527466,1.245476455871624
1.870,1200.999,1188.955825,1203.879243,1404.602888,1183.11512,2014.836648,1496.183997,0.9899723688362772,1.0023982059935104,1.169528773962343,0.9851091632882292,1.6776339097701163,1.2457828832496947
1.880,1201.273,1189.253447,1204.123718,1405.150511,1183.502417,2015.82534,1496.891129,0.9899943201919964,1.0023730808900226,1.169717883445312,0.9852068738746314,1.6780742928543306,1.2460873831343917
1.890,1201.545,1189.549622,1204.36699,1405.695463,1183.887724,2016.809364,1497.594902,0.9900167051587747,1.0023486344664576,1.1699066310458617,0.9853045237589935,1.6785133840180766,1.2463910232242654
1.900,1201.816,1189.844365,1204.609072,1406.237769,1184.271062,2017.788767,1498.29535,0.9900387122487967,1.0023240429483382,1.170094065148076,0.9854013110159958,1.678949828426315,1.2466927965678607
1.910,1202.086,1190.137691,1204.849976,1406.777458,1184.65245,2018.763594,1498.992507,0.9900603542508605,1.0022993163550693,1.170280211232807,0.9854972522764595,1.679383666393253,1.2469927334649933
1.920,1202.354,1190.429613,1205.089713,1407.314556,1185.03191,2019.733891,1499.686404,0.9900824657297268,1.002275297458153,1.1704660657343844,0.9855931863660784,1.6798163361206433,1.2472918990580144
1.930,1202.621,1190.720146,1205.328296,1407.849087,1185.409461,2020.699702,1500.377073,0.9901042356652678,1.0022511630846291,1.170650676314483,0.9856883099496848,1.6802464799799768,1.2475892845709495
1.940,1202.887,1191.009304,1205.565736,1408.381079,1185.785122,2021.661071,1501.064548,0.9901256759778766,1.0022269223958693,1.1708340675391786,0.9857826395995635,1.6806741373046679,1.2478849201961615
1.950,1203.151,1191.297099,1205.802043,1408.910554,1186.158912,2022.61804,1501.748857,0.9901476198748119,1.002203416694995,1.1710172322509809,0.9858770112812107,1.6811007429657623,1.2481798685285554
1.960,1203.414,1191.583545,1206.03723,1409.43754,1186.530851,2023.570653,1502.430033,0.9901692559667745,1.00217982340242,1.1711992215480291,0.9859706227449573,1.6815249390484073,1.2484731214694196
1.970,1203.676,1191.868656,1206.271308,1409.962059,1186.900957,2024.518951,1503.108106,0.9901905961404898,1.002156151655429,1.171380054931726,0.986063489676624,1.681946762251636,1.2487647057846132
1.980,1203.937,1192.152444,1206.504286,1410.484136,1187.269247,2025.462975,1503.783104,0.990211650609625,1.0021324089217294,1.1715597543725296,0.9861556269140329,1.6823662492306493,1.2490546465471202
1.990,1204.196,1192.434923,1206.736176,1411.003794,1187.63574,2026.402766,1504.455059,0.9902332535567301,1.0021094373341217,1.1717393132015055,0.9862478699480816,1.6827848340303406,1.249344009613053
2.000,1204.455,1192.716104,1206.966989,1411.521056,1188.000455,2027.338364,1505.123997,0.9902537695472228,1.00208558144555,1.1719168055261509,0.9863385971248408,1.6831997575667004,1.2496307433652565
2.010,1204.712,1192.996,1207.196734,1412.035947,1188.363407,2028.269808,1505.789949,0.9902748540730067,1.0020625128661458,1.1720941992775038,0.986429459489073,1.68361384961717,1.2499169502752525
2.020,1204.968,1193.274623,1207.425422,1412.548487,1188.724615,2029.197138,1506.452942,0.9902956949894105,1.0020394085154127,1.172270539134649,0.986519654463853,1.6840257484016172,1.2502016169724008
2.030,1205.222,1193.551986,1207.653063,1413.0587,1189.084096,2030.120391,1507.113004,0.9903171249778049,1.0020171080514628,1.1724468189263058,0.986610015416247,1.6844368846569346,1.2504858059345083
2.040,1205.476,1193.8281,1207.879667,1413.566607,1189.441865,2031.039606,1507.770161,0.9903375098301417,1.001993956744058,1.1726211114945464,0.9866989181037199,1.6848444979410622,1.250767465300014
2.050,1205.729,1194.102978,1208.105244,1414.072231,1189.79794,2031.954819,1508.424442,0.9903576823647767,1.001970794432248,1.1727944098549508,0.9867871967913187,1.6852500180388794,1.251047658304644
2.060,1205.98,1194.376629,1208.329802,1414.575591,1190.152337,2032.866068,1509.075873,0.9903784714506045,1.0019484585150666,1.1729677034445016,0.9868756836763461,1.6856548765319492,1.2513274457287848
2.070,1206.23,1194.649067,1208.553353,1415.07671,1190.505072,2033.773388,1509.724479,0.9903990673420492,1.0019261276870912,1.1731400396276002,0.9869635741110733,1.686057707070791,1.2516058123243494
2.080,1206.479,1194.920301,1208.775905,1415.575609,1190.856161,2034.676816,1510.370287,0.990419477670146,1.0019038085204963,1.1733114368339606,0.9870508819465568,1.6864585425854903,1.2518827820459368
2.090,1206.727,1195.190344,1208.997467,1416.072306,1191.205618,2035.576386,1511.013321,0.9904397133734474,1.001881508410767,1.1734819109873236,0.9871376193621257,1.6868574134829168,1.2521583763353268
2.100,1206.974,1195.459206,1209.218048,1416.566824,1191.55346,2036.472134,1511.653608,0.9904597828950749,1.0018592347473931,1.1736514821363178,0.9872238010097982,1.687254351792168,1.2524326190953576
2.110,1207.22,1195.726897,1209.437658,1417.059181,1191.899702,2037.364093,1512.291172,0.9904796946703998,1.001836995742284,1.1738201661668959,0.9873094398701148,1.687649387021421,1.2527055317174995
2.120,1207.465,1195.993429,1209.656305,1417.549397,1192.244358,2038.252297,1512.926036,0.9904994587834846,1.0018147979444538,1.1739879806039928,0.987394548082139,1.6880425494734839,1.2529771347409657
2.130,1207.708,1196.258812,1209.873998,1418.037492,1192.587443,2039.136781,1513.558226,0.9905199038178102,1.001793478224869,1.174155915171548,0.9874799562477021,1.688435268293329,1.2532484888731381
2.140,1207.951,1196.523056,1210.090746,1418.523485,1192.928972,2040.017576,1514.187766,0.9905393977073573,1.0017713847664351,1.1743220420364733,0.9875640419189188,1.6888247751771388,1.2535175400326668
2.150,1208.192,1196.786172,1210.306557,1419.007394,1193.268959,2040.894715,1514.814677,0.9905595898665114,1.001750182917947,1.1744883213926263,0.9876484523982944,1.6892138956391036,1.25378638246239
2.160,1208.433,1197.048168,1210.52144,1419.489238,1193.607418,2041.76823,1515.438984,0.9905788471516419,1.0017282215894467,1.1746528256014193,0.9877315647619687,1.6895998619700057,1.2540529628038954
2.170,1208.672,1197.309056,1210.735402,1419.969036,1193.944362,2042.638153,1516.06071,0.9905988191999153,1.0017071645574647,1.1748175154218845,0.9878150250853829,1.689985498960843,1.2543193769691032
2.180,1208.911,1197.568845,1210.948452,1420.446804,1194.279807,2043.504514,1516.679876,0.9906178742686599,1.0016853614534074,1.1749804609272312,0.9878972124498825,1.6903680370184404,1.2545835681865745
2.190,1209.148,1197.827545,1211.160599,1420.922563,1194.613764,2044.367345,1517.296506,0.9906376597405778,1.0016644769705612,1.1751436242709745,0.9879797708799916,1.690750301038417,1.2548476332094995
2.200,1209.385,1198.085165,1211.371849,1421.396327,1194.946248,2045.226676,1517.91062,0.9906565444420098,1.001642858973776,1.175305074066571,0.9880610789781583,1.6911295212029254,1.2551095143399331
2.210,1209.62,1198.341715,1211.582211,1421.868116,1195.277272,2046.082537,1518.522242,0.9906761751624478,1.001622171425737,1.1754667713827485,0.9881427820307205,1.6915085208577902,1.2553713083447695
2.220,1209.855,1198.597203,1211.791692,1422.337947,1195.606848,2046.934958,1519.131391,0.9906949204656756,1.0016007637278848,1.1756267875075939,0.9882232565059448,1.6918845299643346,1.2556309566022374
2.230,1210.088,1198.851639,1212.0003,1422.805835,1195.93499,2047.783967,1519.738089,0.9907144265541019,1.0015802982923556,1.1757870791215184,0.98830414812807,1.692260370320175,1.2558905542406833
2.240,1210.321,1199.105033,1212.208044,1423.271799,1196.261709,2048.629594,1520.342357,0.9907330642036287,1.0015591268762585,1.1759457193587488,0.9883838328840037,1.6926332716692516,1.2561480441965396
2.250,1210.552,1199.357392,1212.414929,1423.735853,1196.587019,2049.471866,1520.944215,0.9907524765561496,1.001538908696198,1.176104663822785,0.9884639561125834,1.693006055088918,1.2564055199611417
2.260,1210.783,1199.608726,1212.620963,1424.198016,1196.910932,2050.310813,1521.543683,0.9907710349418517,1.0015179953798494,1.176261985838916,0.9885428949696189,1.6933759501083185,1.2566609235511237
2.270,1211.013,1199.859043,1212.826154,1424.658302,1197.23346,2051.146461,1522.140783,0.9907895646041784,1.0014972209216584,1.1764186693289007,0.9886214764003359,1.6937443784666226,1.256915312222082
2.280,1211.242,1200.108352,1213.030509,1425.116727,1197.554615,2051.978838,1522.735532,0.9908080730357766,1.0014765909702603,1.1765747282541392,0.9886997107101636,1.6941113650286235,1.257168701217428
2.290,1211.469,1200.356662,1213.234035,1425.573307,1197.874409,2052.807971,1523.327952,0.9908273855955042,1.0014569378168157,1.1767311478873996,0.988778424375696,1.694478332503762,1.2574221478221894
2.300,1211.696,1200.603981,1213.436739,1426.028058,1198.192853,2053.633887,1523.91806,0.9908458730572686,1.0014366136390647,1.1768859994586103,0.9888559944078383,1.6948425075266405,1.2576735913958617
2.310,1211.922,1200.850316,1213.638627,1426.480995,1198.509959,2054.456612,1524.505877,0.990864359257444,1.0014164500685687,1.177040267442954,0.9889332473542026,1.6952053118930095,1.2579240883489202
2.320,1212.147,1201.095676,1213.839707,1426.932132,1198.825739,2055.276172,1525.09142,0.9908828516673308,1.0013964535654505,1.1771939640984137,0.9890101934831338,1.6955667687169955,1.2581736538555142
2.330,1212.372,1201.34007,1214.039984,1427.381485,1199.140203,2056.092593,1525.674709,0.9909005404281853,1.0013758021465358,1.1773461322102456,0.9890860255763081,1.6959255022385866,1.2584212675647406
2.340,1212.595,1201.583505,1214.239467,1427.829069,1199.453362,2056.9059,1526.255761,0.9909190661350245,1.001356155187841,1.1774987271100408,0.9891623848028401,1.6962843323615884,1.258669020571584
2.350,1212.817,1201.825988,1214.438161,1428.274897,1199.765229,2057.716118,1526.834595,0.9909376171343245,1.0013366905312178,1.1776507890308265,0.989238466314374,1.6966418824934015,1.2589158916802783
2.360,1213.039,1202.067529,1214.636073,1428.718984,1200.075813,2058.523273,1527.411229,0.990955384781528,1.0013165883372257,1.1778013600552002,0.9893134623041798,1.696996776690609,1.259160858801737
2.370,1213.26,1202.308133,1214.833208,1429.161345,1200.385124,2059.327387,1527.985679,0.9909731904126073,1.0012966783706707,1.177951424261906,0.989388197088835,1.6973504335426866,1.2594049742017375
2.380,1213.48,1202.54781,1215.029575,1429.601993,1200.693175,2060.128487,1528.557965,0.9909910422915912,1.0012769678939908,1.1781009930118338,0.9894626817088045,1.697702876850051,1.2596482554306623
2.390,1213.699,1202.786566,1215.225178,1430.040941,1200.999975,2060.926594,1529.128102,0.9910089453810211,1.001257460045695,1.178250077655168,0.9895369238995829,1.6980541254462596,1.2598907159023776
2.400,1213.917,1203.024408,1215.420023,1430.478205,1201.305534,2061.721734,1529.696108,0.9910269054638827,1.0012381596105828,1.1783986920028304,0.9896109322136523,1.6984042022642407,1.260132371488331
2.410,1214.134,1203.261344,1215.614118,1430.913796,1201.609862,2062.513929,1530.262,0.9910449291429118,1.0012190730182995,1.1785468457353143,0.989684715196181,1.698753126920093,1.2603732372209326
2.420,1214.35,1203.497382,1215.807467,1431.347729,1201.91297,2063.303203,1530.825794,0.9910630230164287,1.0012002034009966,1.178694551817845,0.9897582822085891,1.6991009206571417,1.2606133272944375
2.430,1214.566,1203.732528,1216.000078,1431.780016,1202.214868,2064.089578,1531.387507,0.9910803760355551,1.0011807328708362,1.1788408501472953,0.9898308268138578,1.6994462038291867,1.2608516186028589
2.440,1214.781,1203.966789,1216.191954,1432.210671,1202.515564,2064.873076,1531.947154,0.9910978102225835,1.001161488367039,1.1789867235328837,0.9899031710242423,1.6997903951411817,1.2610891625733363
2.450,1214.995,1204.200172,1216.383104,1432.639706,1202.81507,2065.65372,1532.504753,0.9911153313388122,1.0011424771295356,1.1791321824369647,0.9899753250013377,1.7001335149527363,1.2613259750040124
2.460,1215.208,1204.432685,1216.573531,1433.067134,1203.113394,2066.431532,1533.060318,0.991132945964806,1.00112370145687,1.1792772381353642,0.9900472956070071,1.7004755827808902,1.2615620683866464
2.470,1215.421,1204.664333,1216.763242,1433.492967,1203.410546,2067.206533,1533.613865,0.9911498427293917,1.001104343268711,1.1794209306898595,0.9901182767123491,1.70081521793683,1.2617964186894912
2.480,1215.632,1204.895123,1216.952243,1433.917218,1203.706535,2067.978745,1534.16541,0.9911676584690103,1.0010860548258025,1.1795652121694724,0.990189905333193,1.7011552385919422,1.2620311163246771
2.490,1215.843,1205.125063,1217.140538,1434.339899,1204.00137,2068.748189,1534.714968,0.9911847689216452,1.001067192063449,1.1797081522861093,0.9902605599571654,1.701492864621501,1.2622640982429474
2.500,1216.053,1205.354159,1217.328134,1434.761022,1204.295061,2069.514886,1535.262554,0.9912019944854377,1.001048584231115,1.1798507318348788,0.9903310636954146,1.7018295140096689,1.262496415863453
2.510,1216.262,1205.582416,1217.515035,1435.1806,1204.587617,2070.278857,1535.808184,0.9912193392542068,1.0010302344396191,1.1799929620427179,0.9904014241997201,1.7021652053587137,1.262728083258377
2.520,1216.471,1205.809842,1217.701248,1435.598643,1204.879046,2071.040122,1536.351871,0.99123599493946,1.0010113253830137,1.1801338815310847,0.9904708340766035,1.702498556891204,1.2629580738052941
2.530,1216.679,1206.036443,1217.886776,1436.015164,1205.169357,2071.798701,1536.89363,0.9912527815471459,1.0009926825399305,1.1802744717382316,0.9905401153467759,1.7028309858228834,1.263187438921852
2.540,1216.886,1206.262225,1218.071626,1436.430173,1205.458559,2072.554615,1537.433476,0.9912697039821314,1.0009743114802865,1.1804147413973043,0.9906092756429115,1.70316251070355,1.2634161918207623
2.550,1217.092,1206.487194,1218.255803,1436.843683,1205.746661,2073.307882,1537.971423,0.9912867671466085,1.0009562161282795,1.1805547016988034,0.9906783225918828,1.703493147601003,1.263644344881077
2.560,1217.297,1206.711357,1218.439311,1437.255705,1206.03367,2074.058524,1538.507486,0.9913039767616283,1.0009383995853107,1.1806943621811274,0.9907472621718447,1.7038229158537317,1.2638719112919854
2.570,1217.502,1206.934719,1218.622157,1437.66625,1206.319596,2074.806559,1539.041677,0.9913205226767595,1.0009200453058804,1.180832762492382,0.9908152890097922,1.7041504317857386,1.2640978634942694
2.580,1217.706,1207.157286,1218.804343,1438.075329,1206.604446,2075.552006,1539.574011,0.9913372242561014,1.0009019771603327,1.1809708821341114,0.9908832230439861,1.7044771118808646,1.2643232529034103
2.590,1217.909,1207.379064,1218.985877,1438.482952,1206.888229,2076.294883,1540.104502,0.9913540863890486,1.000884201529014,1.1811087297983676,0.9909510718781123,1.7048029721432387,1.264548091852511
2.600,1218.112,1207.60006,1219.166761,1438.889131,1207.170953,2077.035211,1540.633163,0.9913703009247097,1.0008658982096883,1.181245346076551,0.991018028719855,1.7051266312128932,1.2647713535372773
2.610,1218.314,1207.820278,1219.347002,1439.293876,1207.452626,2077.773007,1541.160006,0.9913866852059484,1.0008478947135138,1.1813817094771955,0.9910849140697717,1.7054495039866566,1.2649940869102712
2.620,1218.515,1208.039724,1219.526604,1439.697198,1207.733256,2078.508289,1541.685047,0.9914032441127109,1.0008301941297397,1.1815178294891733,0.9911517346934587,1.7057716064225714,1.2652163059133452
2.630,1218.715,1208.258405,1219.705572,1440.099106,1208.01285,2079.241076,1542.208296,0.9914199833431115,1.0008128003676005,1.181653713952811,0.9912184965311825,1.7060929552848696,1.265438019553382
2.640,1218.915,1208.476326,1219.88391,1440.499613,1208.291416,2079.971386,1542.729768,0.9914360935750237,1.000794895460307,1.1817884044416551,0.9912843930872949,1.7064121665579637,1.2656582025818044
2.650,1219.114,1208.693491,1220.061623,1440.898726,1208.568963,2080.699236,1543.249475,0.9914523916549232,1.0007773046655195,1.1819228767777255,0.991350245342109,1.7067306552135402,1.2658779039531989
2.660,1219.312,1208.909907,1220.238715,1441.296458,1208.845497,2081.424643,1543.767429,0.991468883271878,1.0007600310667,1.1820571420604407,0.991416058400147,1.707048436331308,1.2660971342855645
2.670,1219.51,1209.12558,1220.415191,1441.692817,1209.121026,2082.147625,1544.283644,0.9914847602725684,1.0007422579560643,1.1821902378824283,0.9914810259858468,1.7073641257554264,1.2663148674467615
2.680,1219.707,1209.340513,1220.591056,1442.087813,1209.395558,2082.8682,1544.798131,0.9915008383160874,1.0007248101388284,1.1823231423612393,0.9915459680070704,1.7076791393342825,1.2665321515741075
2.690,1219.903,1209.554714,1220.766313,1442.481457,1209.669099,2083.586383,1545.310903,0.9915171239024743,1.000707689873703,1.1824558649335235,0.9916108895543334,1.707993490466045,1.2667489980760767
2.700,1220.099,1209.768186,1220.940968,1442.873757,1209.941658,2084.302192,1545.821971,0.9915328067640413,1.0006900817064845,1.1825874433140262,0.9916749853905298,1.7083057948576306,1.2669643783004496
2.710,1220.294,1209.980935,1221.115023,1443.264724,1210.21324,2085.015644,1546.331348,0.9915487046564189,1.0006728075365445,1.1827188562756186,0.9917390727152636,1.7086174675938748,1.267179342027413
2.720,1220.488,1210.192966,1221.288485,1443.654366,1210.483854,2085.726754,1546.839045,0.9915648216123387,1.000655872896743,1.182850110775362,0.9918031590642432,1.7089285220338093,1.2673938989977778
2.730,1220.682,1210.404284,1221.461356,1444.042694,1210.753506,2086.43554,1547.345075,0.9915803493456936,1.0006384594841244,1.1829802471077644,0.9918664369590114,1.7092375737497563,1.2676070221400824
2.740,1220.874,1210.614895,1221.633641,1444.429716,1211.022203,2087.142016,1547.849448,0.9915969174542172,1.000622210809633,1.1831112104934662,0.9919305374674209,1.709547435689514,1.2678207972321467
2.750,1221.067,1210.824802,1221.805345,1444.815441,1211.289952,2087.846199,1548.352176,0.9916120917197828,1.0006046719795065,1.1832401014850127,0.9919930290475462,1.709853922020659,1.268032119449629
2.760,1221.258,1211.034012,1221.97647,1445.199879,1211.55676,2088.548105,1548.853271,0.9916283144102229,1.0005883032086587,1.1833698358577793,0.9920563550044298,1.7101612476642936,1.2682441146751955
2.770,1221.449,1211.242528,1222.147022,1445.583038,1211.822633,2089.247749,1549.352743,0.9916439638494935,1.0005714704420734,1.1834984825399995,0.9921188956722712,1.710466625295039,1.268454714850968
2.780,1221.64,1211.450356,1222.317004,1445.964928,1212.087578,2089.945147,1549.850604,0.9916590452179037,1.000554176353099,1.1836260502275628,0.9921806571494055,1.7107700689237417,1.2686639304541434
2.790,1221.83,1211.6575,1222.48642,1446.345557,1212.351602,2090.640313,1550.346865,0.9916743736853737,1.0005372433153548,1.1837535148097527,0.9922424576250379,1.7110729913326732,1.268872809638002
2.800,1222.019,1211.863965,1222.655274,1446.724933,1212.614711,2091.333263,1550.841536,0.9916899532658657,1.0005206743921329,1.1838808831941239,0.9923043021426017,1.7113754066016977,1.2690813612554306
2.810,1222.207,1212.069756,1222.82357,1447.103066,1212.876912,2092.024012,1551.334629,0.9917057879720865,1.000504472646614,1.1840081639198596,0.9923661965608116,1.7116773279812665,1.269289595788602
2.820,1222.395,1212.274878,1222.991312,1447.479963,1213.138211,2092.712575,1551.826153,0.9917210705213945,1.0004878226759764,1.18413439436516,0.9924273340450509,1.7119773681993138,1.2694964827244877
2.830,1222.582,1212.479334,1223.158503,1447.855634,1213.398614,2093.398966,1552.31612,0.9917366148037514,1.0004715454668889,1.1842605518484648,0.9924885316485927,1.7122769401152642,1.2697030710414514
2.840,1222.769,1212.683129,1223.325148,1448.230086,1213.658127,2094.083199,1552.80454,0.9917516137553373,1.0004548267088877,1.1843856738271905,0.9925489826778402,1.7125746555563643,1.269908331009373
2.850,1222.955,1212.886268,1223.491249,1448.603327,1213.916756,2094.76529,1553.291422,0.9917668826735244,1.0004384862893565,1.184510735881533,0.9926095040291754,1.7128719290570789,1.2701133091569192
2.860,1223.14,1213.088755,1223.656811,1448.975367,1214.174509,2095.445251,1553.776778,0.9917824247428748,1.0004225280834573,1.1846357465212485,0.9926701023595008,1.7131687713589614,1.2703180159262224
2.870,1223.325,1213.290595,1223.821838,1449.346212,1214.43139,2096.123098,1554.260618,0.9917974332250219,1.000406137371508,1.1847597425050578,0.9927299695502012,1.7134637958024237,1.270521421535569
2.880,1223.509,1213.491791,1223.986332,1449.715871,1214.687406,2096.798844,1554.742951,0.991812721442997,1.0003901336238639,1.184883700079035,0.9927899230818898,1.713758414527396,1.2707245725205127
2.890,1223.693,1213.692349,1224.150297,1450.084352,1214.942562,2097.472503,1555.223787,0.9918274836907622,1.0003737023910408,1.18500665771562,0.9928491557931605,1.7140512391588414,1.2709264390660076
2.900,1223.876,1213.892272,1224.313738,1450.451663,1215.196865,2098.144088,1555.703136,0.9918425330670755,1.0003576653190356,1.1851295907428532,0.9929084850099192,1.7143436818762685,1.2711280685298185
2.910,1224.059,1214.091564,1224.476657,1450.81781,1215.45032,2098.813613,1556.181009,0.9918570624455194,1.000341206592166,1.1852515360779179,0.9929671037098702,1.7146343542263893,1.2713284318811429
2.920,1224.241,1214.29023,1224.639057,1451.182803,1215.702933,2099.481091,1556.657413,0.9918718863361055,1.0003251459475708,1.185373470582998,0.9930258282478696,1.7149246684272135,1.2715285740307667
2.930,1224.422,1214.488274,1224.800943,1451.546648,1215.954709,2100.146536,1557.13236,0.9918870079106713,1.0003094872519442,1.1854953994619502,0.993084662804164,1.7152146367837233,1.2717285053682472
2.940,1224.603,1214.6857,1224.962318,1451.909353,1216.205655,2100.809961,1557.605858,0.9919016203618641,1.0002934159070327,1.1856163613840567,0.9931428021979367,1.7155028699096766,1.2719271943642143
2.950,1224.783,1214.882511,1225.123184,1452.270926,1216.455775,2101.471378,1558.077916,0.9919165362353985,1.0002777504259939,1.1857373314293227,0.9932010609226287,1.7157907792645721,1.2721256875707778
2.960,1224.962,1215.078713,1225.283546,1452.631373,1216.705076,2102.1308,1558.548545,0.9919317603321574,1.000262494673304,1.1858583147885404,0.993259444782777,1.716078376308816,1.272323994540239
2.970,1225.142,1215.274308,1225.443407,1452.990703,1216.953562,2102.78824,1559.017753,0.9919456748687091,1.0002460180126058,1.1859773830298854,0.9933163355757944,1.7163628705896947,1.2725200450233525
2.980,1225.32,1215.469301,1225.602769,1453.348922,1217.201239,2103.443711,1559.485548,0.9919607131198382,1.0002307715535534,1.18609744556524,0.9933741708288447,1.7166484763163907,1.2727169620996965
2.990,1225.498,1215.663695,1225.761636,1453.706037,1217.448113,2104.097225,1559.951941,0.9919752582215555,1.00021512560608,1.186216572364867,0.9934313340372648,1.716932402174463,1.2729126779480668
3.000,1225.675,1215.857495,1225.920012,1454.062056,1217.694188,2104.748795,1560.41694,0.9919901238093296,1.0001998996471333,1.1863357382666695,0.9934886393211904,1.7172160605380709,1.2731082383176617
