strain,stress_strRt_0.0001,stress_strRt_0.001,stress_strRt_0.01,stress_strRt_0.1,stress_strRt_1
0.0,14.453529188057136,5.802007073544379,3.5126482423270646,2.7678618394728005,1.3551963210415026
0.00011,-1.7933827750824296,-0.46119674423911805,0.5622652141266391,1.2003048887327465,1.395874420882648
0.0002,-0.19733740420686008,0.35950622978974855,0.8100733807032444,1.1543702948912518,1.3924033240525742
0.0003,0.5320840130648103,0.697735437061509,0.883909157458658,1.1066646644497609,1.3873818056467009
0.0004,0.7775226424031166,0.852076997127873,0.9409552745785084,1.091886923520151,1.382152669384018
0.0005,1.036119075372505,1.041910474038792,1.0427116946348334,1.1102645404958302,1.376964318426816
0.0006,1.2810555099290852,1.2181865849568436,1.1419071982294706,1.1369667627851223,1.371887675799301
0.0007,1.4039642674825745,1.305115615960571,1.1911357781407037,1.1510840302470968,1.366941899572066
0.0008,1.34672159829573,1.2639527549140095,1.166280078673491,1.1405346665347291,1.3621282853254528
0.0009,1.0925806928894297,1.0831408603531523,1.0587483228341226,1.0988502360884644,1.3574416091186843
0.001,0.6415713249031735,0.7621817504717439,0.8662398136488834,1.0218191338912421,1.352874424313559
0.002,1.1489698021380976,1.1032825928389833,1.0398478353008946,1.0475993060790696,1.3122514108976377
0.003,1.0119526208604719,1.010688763634895,0.9739657207301304,1.0060998679465345,1.3448466898229514
0.004,1.0148526381008884,1.0134930593352083,0.973982929816465,1.0009169568192258,1.334548878242454
0.005,1.017692946364333,1.0161114082896638,0.974191535872291,0.9967794389674157,1.3263048310710783
0.01,1.0279179434338293,1.0239571161332992,0.9741086383783725,0.9833274466259356,1.2986254473582046
0.011,1.0288941758055965,1.0243821019083836,0.9736585976588723,0.9814600187759122,1.2945056684099276
0.012,1.0295053992923036,1.0244684673481117,0.9730801424639464,0.9797875675856526,1.2906698377543298
0.013,1.0297760368213462,1.0242559854717785,0.9723997288076409,0.9783003230953778,1.287079343500913
0.014,1.0297418106492393,1.0237918909262413,0.9716493646945225,0.9769943621947267,1.2837053066133337
0.015,1.0294482293328335,1.0231293763938605,0.9708650440179326,0.9758698321514889,1.2805259793801878
0.016,1.0289490009190256,1.0223261093370692,0.9700853379153511,0.9749295596630607,1.2775249852465218
0.017,1.0283043397850629,1.021442722417457,0.9693500653801765,0.9741778965619456,1.274690093250059
0.018,1.027579141259353,1.0205412445337356,0.9686989925740991,0.9736197109486837,1.272012343345096
0.019,1.0268410020329175,1.019683447354256,0.9681705261687634,0.9732594652747885,1.2694854085792884
0.02,1.0261580666481105,1.0189290869989114,0.9678003755183058,0.9731003422204558,1.2671051211117093
0.021,1.0255966816407631,1.0183340234474814,0.9676201642702315,0.9731433909765339,1.2648691140390538
0.022,1.0252188395661617,1.017948202024812,0.9676559756388567,0.9733866738889692,1.262776546662489
0.023,1.0250793953397337,1.017813482324643,0.9679268178136013,0.9738243981025149,1.2608278909132566
0.024,1.0252230371721232,1.0179613004045973,0.9684429973262879,0.9744460198531405,1.259024763301745
0.025,1.0256809939308658,1.0184101501425917,0.9692043889368641,0.9752353110007518,1.2573697912278015
0.026,1.0264674600317034,1.0191628693556396,0.9701985908813964,0.9761693786274317,1.2558665055578966
0.027,1.0275757179608127,1.0202037156861206,0.9713989542637538,0.9772176292779036,1.2545192535152834
0.028,1.028973937238734,1.0214952163705382,0.9727624750241695,0.978340669831916,1.2533331274464106
0.029,1.0306006270468633,1.02297477482918,0.9742275363240347,0.9794891371667995,1.2523139061176431
0.03,1.0323597178332589,1.024551015552391,0.975711488371947,0.9806024487547773,1.2514680059910406
0.031,1.0341152449781439,1.02609984700646,0.9771080516965889,0.9816074661854542,1.250802440513991
0.032,1.0356856050379246,1.0274602202483392,0.9782845286631416,0.9824170633389928,1.250324785894585
0.033,1.0368373521961494,1.0284295586261365,0.9790788066407048,0.9829285905796381,1.2500431521640136
0.034,1.037278499365767,1.0287588313764533,0.9792961346745124,0.9830222259081967,1.2499661585779567
0.035,1.0366512849461582,1.0281472411367805,0.9787056538129133,0.9825592035167019,1.2501029126014305
0.036,1.034524362605699,1.026236492415304,0.977036659405059,0.9813799096378163,1.2504629918706558
0.037,1.0303843677285591,1.0226046049629,0.9739745717470705,0.9793018349833504,1.2510564286419021
0.038,1.0236268104312967,1.0167592328400334,0.9691565894395442,0.9761173724265443,1.2518936963288119
0.039,1.0308028748395714,1.0210729218939376,0.9707953144572685,0.975905606254252,1.2529856978022105
0.04,1.0340469807040695,1.0221039451678442,0.9698927757383948,0.9741393085415585,1.2543437551842347
0.041,1.0342803576595196,1.0247926534741976,0.9750800403478346,0.9806707996628938,1.2561794470375034
0.042,1.0346776728075815,1.0250482665125205,0.9751714797377345,0.9809049161601825,1.2579189422000159
0.043,1.03506689601517,1.025299866096493,0.9752640816899408,0.9811522593049498,1.2597092898174946
0.044,1.0354477972238434,1.0255470797143138,0.975357089722147,0.9814111975953053,1.2615470372426816
0.045,1.0358201587899734,1.0257895630022178,0.9754498079288341,0.9816802279424847,1.2634290039914702
0.046,1.0361837741882223,1.026026997016086,0.9755415951982964,0.9819579633731976,1.265352255555319
0.047,1.0365384468599126,1.0262590858120162,0.9756318600882772,0.9822431221356963,1.2673140802051464
0.048,1.0368839891871553,1.0264855542950997,0.9757200562733166,0.9825345180243229,1.2693119683917873
0.049,1.037220221576483,1.0267061463017275,0.9758056784898993,0.9828310517649509,1.2713435944070675
0.05,1.037546971638094,1.0269206228858248,0.9758882589162883,0.9831317033267996,1.2734068000187317
0.051,1.0378640734488198,1.0271287607836495,0.9759673639329942,0.9834355250453914,1.275499579833616
0.052,1.038171366888574,1.0273303510353706,0.9760425912174268,0.9837416354576586,1.277620068178054
0.053,1.0384686970414947,1.0275251977446391,0.9761135671327039,0.9840492137638749,1.2797665273136807
0.054,1.0387559136541413,1.0277131169599187,0.9761799443760106,0.9843574948426704,1.2819373368314517
0.055,1.0390328706441614,1.0278939356635042,0.9762413998565168,0.9846657647552064,1.2841309840876771
0.056,1.0392994256536596,1.0280674908559861,0.9762976327767791,0.984973356682955,1.2863460555636785
0.057,1.0395554396423072,1.0282336287255174,0.976348362894921,0.9852796472506874,1.2885812290459282
0.058,1.039800776515773,1.0283922038925515,0.9763933289477343,0.9855840531923763,1.2908352665365803
0.059,1.0400353027856948,1.0285430787219143,0.9764322872173374,0.985886028322994,1.2931070078155038
0.06,1.0402588872577991,1.0286861226950383,0.9764650102261293,0.9861850607837115,1.2953953645845913
0.061,1.0404714007452276,1.028821211836072,0.9764912855466288,0.9864806705319152,1.2976993151334533
0.062,1.0406727158044626,1.0289482281863067,0.9765109147143686,0.9867724070508429,1.3000178994728213
0.063,1.040862706491553,1.0290670593220255,0.9765237122334013,0.987059847256587,1.302350214888249
0.064,1.0410412481365947,1.029177597911425,0.9765295046651644,0.9873425935827606,1.3046954118721519
0.065,1.0412082171346677,1.029279741306767,0.9765281297925054,0.9876202722253583,1.30705269039697
0.066,1.0413634907516127,1.0293733911683325,0.9765194358515772,0.9878925315322851,1.3094212964963925
0.067,1.0415069469432336,1.0294584531171447,0.9765032808251197,0.9881590405237374,1.3118005191252116
0.068,1.0416384641866276,1.0295348364137271,0.9764795317913383,0.9884194875311124,1.3141896872715686
0.069,1.0417579213225319,1.0296024536604937,0.9764480643232138,0.9886735789434422,1.3165881672981485
0.07,1.0418651974076385,1.0296612205255788,0.9764087619336218,0.9889210380514984,1.3189953604913565
0.071,1.041960171575988,1.0297110554861795,0.9763615155621126,0.9891616039807505,1.321410700799679
0.072,1.042042722908608,1.0297518795896519,0.9763062230996382,0.989395030705246,1.323833652744362
0.073,1.0421127303106559,1.0297836162307976,0.976242788947875,0.9896210861352992,1.3262637094872518
0.074,1.0421700723954195,1.0298061909439302,0.9761711236101432,0.9898395512725771,1.3287003910421418
0.075,1.0422146273745554,1.0298195312084395,0.9760911433111961,0.9900502194267963,1.3311432426173189
0.076,1.0422462729540438,1.029823566266713,0.9760027696434407,0.9902528954888219,1.3335918330782113
0.077,1.0422648862353472,1.0298182269533638,0.9759059292373641,0.9904473952554412,1.3360457535200811
0.078,1.042270343621361,1.0298034455348382,0.9758005534541722,0.9906335448015541,1.3385046159416878
0.079,1.0422625207267222,1.0297791555585358,0.9756865780988114,0.9908111798958967,1.340968052011668
0.08,1.0422412922921391,1.0297452917106775,0.9755639431517331,0.9909801454567966,1.3434357119201683
0.081,1.0422065321023881,1.0297017896822118,0.9754325925178974,0.9911402950447616,1.3459072633089284
0.082,1.0421581129076987,1.0296485860421263,0.9752924737916564,0.9912914903890023,1.3483823902736436
0.083,1.0420959063482278,1.0295856181175758,0.9751435380362717,0.9914336009452417,1.3508607924329723
0.084,1.0420197828813873,1.0295128238802946,0.9749857395769359,0.9915665034824029,1.353342184059061
0.085,1.0419296117118035,1.0294301418388194,0.9748190358062692,0.9916900816959746,1.3558262932649026
0.086,1.041825260723674,1.0293375109360632,0.9746433870013382,0.9918042258460413,1.358312861244251
0.087,1.0417065964153522,1.0292348704518464,0.9744587561513413,0.9919088324181428,1.3608016415601778
0.088,1.041573483835975,1.029122159910012,0.9742651087951653,0.992003803805273,1.3632923994786807
0.089,1.041425786523976,1.0289993189897824,0.9740624128680943,0.9920890480094816,1.3657849113440723
0.09,1.0412633664473299,1.028866287441048,0.9738506385569989,0.9921644783616601,1.368278963993124
0.091,1.0410860839453948,1.0287230050032947,0.9736297581633984,0.9922300132582058,1.3707743542052069
0.092,1.0408937976722314,1.028569411327919,0.973399745973839,0.9922855759133777,1.3732708881858766
0.093,1.0406863645412803,1.0284054459036795,0.9731605781370689,0.9923310941262419,1.3757683810815784
0.094,1.0404636396712805,1.0282310479850572,0.972912232547527,0.9923665000611868,1.3782666565232973
0.095,1.0402254763333574,1.0280461565233359,0.9726546887347274,0.9923917300410883,1.3807655461971902
0.096,1.03997172589915,1.0278507101001915,0.9723879277581123,0.9924067243522497,1.3832648894403508
0.097,1.0397022377899336,1.0276446468636307,0.972111932107018,0.9924114270603352,1.3857645328600263
0.098,1.0394168594266309,1.0274279044661156,0.9718266856054038,0.9924057858365513,1.3882643299747244
0.099,1.0391154361806496,1.0272004200047107,0.9715321733210208,0.9923897517934064,1.390764140875761
0.1,1.038797811325479,1.026962129963131,0.9712283814787337,0.9923632793294136,1.3932638319079176
0.11,1.034694400649344,1.0239704026078673,0.9676777285333867,0.9915164864405592,1.4182286597668896
0.12,1.0287810818070988,1.0198217111373025,0.9631897680645123,0.9895952911746523,1.44307114390816
0.13,1.0208594484589384,1.0144347949995014,0.9577594771200952,0.9865909993812239,1.4677257970303872
0.14,1.0107004502867474,1.0077125065322246,0.9513810652038533,0.9825082243000028,1.4921507068430624
0.15,0.9980400945901731,0.9995382155719578,0.944044390373243,0.9773604605572486,1.5163194404123252
0.16,0.9825749801733468,0.9897723956878063,0.9357319692528778,0.9711670208388582,1.5402159295369446
0.17,0.9639575405061205,0.9782492420157304,0.9264163156270122,0.963950776356352,1.563831149878681
0.18,0.9417908867931468,0.9647732153302626,0.9160574512179738,0.9557363808787226,1.5871609146792949
0.19,0.9156231439611844,0.9491154273367317,0.9046004895942218,0.9465487877067241,1.6102043803591348
0.2,0.8849411690696394,0.9310097898587019,0.8919732245838841,0.9364119419859341,1.6329630177095518
0.21,0.8491635348219067,0.9101488513965269,0.8780836703249442,0.9253475731346439,1.6554398939380848
0.22,0.8076326518938726,0.8861792413972294,0.8628175074884313,0.9133740373103821,1.6776391660168746
0.23,0.7596058931835867,0.8586966370441395,0.8460353926654188,0.9005051749557043,1.6995657199397218
0.24,0.7042455709208699,0.8272401602395173,0.8275700872958257,0.8867491575493597,1.721224912126327
0.25,0.6406076037358528,0.7912861040895924,0.8072233599034253,0.8721073030304611,1.7426223832012473
0.26,0.5676286950183131,0.7502408787378305,0.7847626113958434,0.8565728423025064,1.7637639235910585
0.27,0.48411182587041135,0.7034330558038147,0.7599171681323067,0.8401296205645913,1.7846553765573878
0.28,0.38870984527644836,0.6501043788458865,0.7323741815344244,0.8227507174479275,1.8053025684831445
0.29,0.2799069163589931,0.5893995939782237,0.7017740662906643,0.804396969356941,1.8257112591254636
0.3,0.15599755030632334,0.5203549397877247,0.6677054016872274,0.7850153762097011,1.8458871065714004
0.31,0.015062928257744357,0.44188511872092695,0.6296992122387174,0.7645373730523073,1.86583564306098
0.32,-0.14505582439337372,0.3527685528191131,0.5872225345038012,0.7428769448481998,1.8855622588618681
0.33,-0.3267877877260599,0.25163070471066096,0.5396711666329311,0.7199285601454853,1.9050721921146758
0.34,-0.5328662440806555,0.13692521973138727,0.4863614856568439,0.6955648963094279,1.9243705231019301
0.35,-0.7663669978633245,0.006912616509998637,0.42652120460799103,0.6696343255619372,1.943462171785022
0.36,-1.0307515543007346,-0.1403637791369423,0.3592789270672737,0.6419581271699439,1.9623518977421581
0.37,-1.3299157609340586,-0.3071049991142356,0.28365234041297716,0.6123273867327076,1.9810443018548098
0.38,-1.6682445922822318,-0.495787080854458,0.19853487065635989,0.5804995385861453,1.9995438292503875
0.39,-2.05067384456266,-0.7091956297285866,0.10268060098694098,0.5461945018113168,2.0178547731292267
0.4,-2.4827596048013105,-0.95046478169753,-0.005312767305454713,0.5090903541345545,2.0359812791948273
0.41,-2.970756468416381,-1.2231211128454202,-0.12702315937764785,0.4688184810574874,2.053927350475111
0.42,-3.5217056029219003,-1.531133111364563,-0.26422585466824167,0.4249581297631781,2.07169685237481
0.43,-4.143533894468904,-1.8789669053697156,-0.4189180097234826,0.377030288603639,2.0892935178390486
0.44,-4.8451655704481755,-2.271649027680743,-0.5933463260114096,0.3244908031632111,2.1067209525386783
0.45,-5.636647867495456,-2.7148370976380587,-0.790038255988254,0.2667226288750042,2.123982640011334
0.46,-6.529292512428613,-3.214899411471774,-1.0118371895455414,0.20302710778899102,2.1410819467100586
0.47,-7.535835006681209,-3.779004558274991,-1.2619421181299533,0.1326141431759349,2.1580221269251223
0.48,-8.67061395581092,-4.415222319976092,-1.5439523360774385,0.054591130004124966,2.174806327555137
0.49,-9.94977296818372,-5.132637272830038,-1.861917808921007,-0.03204951827595304,2.1914375927116523
0.5,-11.391487964942984,-5.941476687073173,-2.220395917609902,-0.1284444260102956,2.2079188681475186
0.51,-13.016223101345716,-6.853254523012592,-2.6245153768314466,-0.23587509634698522,2.2242530055039897
0.52,-14.847018902531108,-7.880933548773405,-3.0800482262106303,-0.3557857637272649,2.240442766374994
0.53,-16.909816670457136,-9.039107860386771,-3.593490906488111,-0.48980351287460455,2.2564908261896806
0.54,-19.233823729492933,-10.34420837245584,-4.172155560434797,-0.6397609511084421,2.272399777916224
0.55,-21.851924653185304,-11.814734171327212,-4.8242728420409176,-0.8077217566349941,2.2881721355912994
0.56,-24.80114426212778,-13.47151298707421,-5.559107679435812,-0.9960094658126714,2.303810337680602
0.57,-28.12316891177067,-15.337994450793367,-6.387089619323022,-1.207239907825782,2.3193167502764647
0.58,-31.864933409688874,-17.44058026550157,-7.319959586012576,-1.4443577463706432,2.3346936701390364
0.59,-36.07928182582581,-19.80899593879889,-8.370935119279647,-1.7106776455865593,2.349943327587719
0.6,-40.825711499574616,-22.476709310755442,-9.554896415523949,-2.00993064236542,2.365067889249644
0.61,-46.171210718884154,-25.481401769427876,-10.888595789701595,-2.346316380264243,2.3800694606719652
0.62,-52.1912018653887,-28.865498788297483,-12.39089350537117,-2.7245619425574144,2.3949500888046265
0.63,-58.970603304418376,-32.67676725519158,-14.083023291574403,-3.1499881146607707,2.409711764360128
0.64,-66.60502497056368,-36.968988002667395,-15.988891283383557,-3.628584010545829,2.424356424056591
0.65,-75.2021144817797,-41.802713008648006,-18.135412593674257,-4.167091115311353,2.4388859527502293
0.66,-84.88307273432217,-47.24611792820828,-20.552890253646346,-4.7730979284476485,2.453302185463042
0.67,-95.78436031695229,-53.37596195960825,-23.27544185627669,-5.455146541382424,2.4676069093113435
0.68,-108.0596187694207,-60.27866855885482,-26.341479908642643,-6.222852650735111,2.481801865340435
0.69,-121.88183373506783,-68.0515422185221,-29.794252655360044,-7.0870406976938485,2.4958887502704905
0.7,-137.44577046305233,-76.80413844223362,-33.68245298688292,-8.059896036727691,2.5098692181584683
0.71,-154.97071595017587,-86.65980620307262,-38.06090400509836,-9.155136276452083,2.5237448819805914
0.72,-174.7035663295158,-97.75742460261682,-42.991330898020294,-10.388204205253276,2.5375173151397217
0.73,-196.9223029738714,-110.25335818147195,-48.54322999063325,-11.776485018044584,2.551188052901686
0.74,-221.93990625483087,-124.32365841061318,-54.79484720717538,-13.339550902552547,2.5647585937644224
0.75,-250.1087620600995,-140.1665423588576,-61.83427972063757,-15.09943642862752,2.5782304007635553
0.76,-281.8256231093858,-158.00518343420995,-69.76071629968999,-17.08094861766513,2.5916049027178434
0.77,-317.537194920257,-178.09085349056204,-78.68583381604044,-19.312016057414162,2.6048834954177185
0.78,-357.7464250699654,-200.7064605381738,-88.73536957388384,-21.824081977107983,2.6180675427599636
0.79,-403.0195843010829,-226.1705318661355,-100.0508915985643,-24.65254681672602,2.631158377831402
0.8,-453.9942391673251,-254.84169865606123,-112.79179180870638,-27.83726652098476,2.644157303944289
0.81,-511.38822846813866,-287.1237452268622,-127.13753013411564,-31.423113573182267,2.657065595625964
0.82,-576.0097698531522,-323.4712939999918,-143.29016117487413,-35.46060866731894,2.669884499565153
0.83,-648.768838889516,-364.3962062250073,-161.4771789750293,-40.00663191143101,2.6826152355171855
0.84,-730.6899808004206,-410.47478858262207,-181.95471996308044,-45.12522357479748,2.6952589971702556
0.85,-822.9267352539496,-462.3559071285392,-205.0111691541755,-50.88848565238292,2.7078169529747242
0.86,-926.7778772919346,-520.7701228160065,-230.97122038654487,-57.37759693930802,2.720290246937367
0.87,-1043.7057030582505,-586.5399772180407,-260.2004477571347,-64.68395590627529,2.7326799993823396
0.88,-1175.3566177751798,-660.591573264171,-293.11045261868657,-72.91046746622523,2.744987307680545
0.89,-1323.5843158303294,-743.9676140393625,-330.1646586039657,-82.17299174838911,2.7572132469489805
0.9,-1490.4758793313997,-837.8420832210941,-371.88483626653414,-92.60197527685425,2.769358870721575
0.91,-1678.3811625758706,-943.5367738435725,-418.8584491998985,-104.34428751889168,2.7814252115929032
0.92,-1889.9458761457765,-1062.5398981010565,-471.7469250626291,-117.56528865976294,2.793413281836134
0.93,-2128.1488364254765,-1196.5270402016079,-531.2949679589753,-132.4511577162279,2.80532407399644
0.94,-2396.3439049862413,-1347.3847472709303,-598.341043285974,-149.21151376636604,2.817158561461084
0.95,-2698.307208311159,-1517.237090447631,-673.8291826654597,-168.082367200198,2.8289176990072815
0.96,-3038.290302676708,-1708.4755701291085,-758.8222751650968,-189.3294425420403,2.840602423328909
0.97,-3421.0800327106604,-1923.7927864103767,-854.5170319383719,-213.25191962700023,2.852213653543055
0.98,-3852.0659263875914,-2166.2203487690394,-962.2608349738889,-240.1866458041339,2.8637522916773595
0.99,-4337.316075330264,-2439.1715587348185,-1083.5707071710497,-270.5128784704917,2.8752192231390463
1.0,-4883.6625687516835,-2746.4894664819635,-1220.1546708258377,-304.6576247069465,2.886615317166479
1.01,-5498.797683880394,-3092.50097794348,-1373.9357952373557,-343.1016531934455,2.8979414272640565
1.02,-6191.382187154161,-3482.077774232575,-1547.079272006417,-386.3862630465,2.9091983916212056
1.03,-6971.16727097742,-3920.7049010687247,-1742.0228992250445,-435.1209048786238,2.9203870335161786
1.04,-7849.13184281595,-4414.5579938934225,-1961.5114037502428,-489.99176137806813,2.931508161705353
1.05,-8837.637099550664,-4970.590225944196,-2208.6350847925323,-551.7714082164879,2.9425625707986667
1.06,-9950.60056337552,-5596.630203447176,-2486.8733228904925,-621.3296913023689,2.9535510416218127
1.07,-11203.692029527858,-6301.492186215405,-2800.1435668433965,-699.6459735232594,2.9644743415657584
1.08,-12614.554184640194,-7095.100185471737,-3152.8564882992,-787.82292340115,2.9753332249241566
1.09,-14203.05100184602,-7988.627686095835,-3549.9780805310234,-887.102039794313,2.986128433219169
1.1,-15991.54740984678,-8994.65496047435,-3997.0995757039177,-998.8811312210843,2.9968606955161805
1.11,-18005.224173459457,-10127.346188808944,-4500.516165011782,-1124.733995900584,3.0075307287279074
1.12,-20272.43241891454,-11402.648879596394,-5067.31563000187,-1266.4325795897723,3.01813923790832
1.13,-22825.092795341097,-12838.518397963935,-5705.478132946064,-1425.9719231816682,3.0286869165368198
1.14,-25699.144892317265,-14455.17076304142,-6423.988571228511,-1605.5982513071635,3.039174446793082
1.15,-28935.053240930516,-16275.367273557731,-7232.963077610697,-1807.8405974057362,3.049602499822925
1.16,-32578.377022444016,-18324.73496896558,-8143.791447398032,-2035.5464105211142,3.0599717359956
1.17,-36680.41150561655,-20632.127437933977,-9169.297497769843,-2291.921645137396,3.0702828051528437
1.18,-41298.91024360838,-23230.031054107807,-10323.919617005846,-2580.5758984889244,3.080536346850005
1.19,-46498.898198434654,-26155.022358612805,-11623.914045599482,-2905.5732308415472,3.0907329905896024
1.2,-52353.58724111698,-29448.283028890884,-13087.583751295831,-3271.489384254711,3.100873356047566
1.21,-58945.40691705411,-33156.179684221104,-14735.53612043428,-3683.4762054194625,3.1109580532924994
1.22,-66367.16498897312,-37330.91669112972,-16590.973093686305,-4147.334179594984,3.1209876829981966
1.23,-74723.35409699044,-42031.27115967452,-18680.01783107074,-4669.594096864258,3.130962836649695
1.24,-84131.62293252662,-47323.420478771885,-21032.082505432485,-5257.609000505387,3.140884096743119
1.25,-94724.4326390406,-53281.87404160979,-23680.28240262604,-5919.657712038935,3.150752036979531
1.26,-106650.9217603993,-59990.5222791057,-26661.902158607918,-6665.061390502316,3.1605672224530377
1.27,-120079.00599388538,-67543.8177709735,-30018.92069768861,-7504.314767013915,3.170330209833357
1.28,-135197.74231070632,-76048.10506350975,-33798.6022626598,-8449.233902305894,3.1800415475430546
1.29,-152219.9907289573,-85623.11791688534,-38054.161858035135,-9513.122547535255,3.189701775929661
1.3,-171385.41121469912,-96403.66506200196,-42845.514475319695,-10710.959450601978,3.1993114274328276
1.31,-192963.83790515756,-108541.52820104147,-48240.11864880982,-12059.60924509964,3.208871026746741
1.32,-217259.0781604382,-122207.5989740557,-54313.926218521796,-13578.059891048188,3.218381090977941
1.33,-244613.1899314096,-137594.28497840065,-61152.451672162715,-15287.690010387147,3.2278421297987165
1.34,-275411.2976657227,-154918.21871587247,-68851.97612163526,-17212.569881102263,3.237254645596242
1.35,-310087.0145561159,-174423.30760737899,-77520.90286511398,-19379.80032774497,3.246619133617598
1.36,-349128.54747198866,-196384.16801694987,-87281.28361993877,-21819.89427965607,3.25593608211083
1.37,-393085.57052685804,-221109.991633431,-98270.53691447887,-24567.20636893204,3.2652059724621743
1.38,-442576.9640561078,-248948.89864546817,-110643.38283257026,-27660.416616534607,3.274429279329596
1.39,-498299.5279637318,-280292.83899905055,-124574.02135020147,-31143.07501646244,3.2836064707727552
1.4,-561037.7921151079,-315583.1107434458,-140258.58493370705,-35064.21468529969,3.2927380083795317
1.41,-631675.0618983955,-355316.573159486,-157917.8999301169,-39479.04220980346,3.301824347389223
1.42,-711205.8544673517,-400052.6421461523,-177800.59562786046,-44449.71491208002,3.3108659368125264
1.43,-800749.9007580521,-450421.1663549796,-200186.60476094668,-50046.21597562991,3.319863219548418
1.44,-901567.9104168323,-507131.2949620245,-225391.1047409497,-56347.33975334441,3.328816632498026
1.45,-1015079.3215972388,-570981.4619286493,-253768.95510624626,-63441.80112981505,3.3377266066756053
1.46,-1142882.285529107,-642870.6273216293,-285719.6936642854,-71429.48455690106,3.3465935673166927
1.47,-1286776.1672266934,-723810.9339614763,-321693.1616686215,-80422.85034798768,3.355417933983569
1.48,-1448786.8791281325,-814941.9575946337,-362195.8372287784,-90548.51803045231,3.3642001206680647
1.49,-1631195.4043438567,-917546.7512207123,-407797.9661223545,-101949.0490486907,3.372940535891848
1.5,-1836569.9110987405,-1033069.9094661967,-459141.5904055585,-114784.95391675107,3.381639582804236
1.51,-2067801.910514105,-1163137.907336823,-516949.5878587112,-129236.9520797095,3.390297659277623
1.52,-2328146.9668024615,-1309581.9997021211,-582035.8495349305,-145508.51630084126,3.398915158000609
1.53,-2621270.533042542,-1474464.0039188713,-655316.7387038901,-163828.73739756033,3.407492466568886
1.54,-2951299.557866121,-1660105.3285924383,-737823.9925235235,-184455.5496593458,3.416029967573955
1.55,-3322880.589637962,-1869119.6571779952,-830719.2480850122,-207679.36235898847,3.4245280386897514
1.56,-3741245.196190034,-2104449.746581017,-935310.397346339,-233827.1484859795,3.43298705275723
1.57,-4212283.621168195,-2369408.8588522924,-1053070.0012189585,-263267.04826817807,3.441407377866973
1.58,-4742627.714014421,-2667727.4093029243,-1185656.022063355,-296413.5522957006,3.4497893774398998
1.59,-5339744.30117352,-3003605.4878081116,-1334935.1664907215,-333733.3372213406,3.458133410306101
1.6,-6012040.313117171,-3381771.9927581656,-1503009.1671189677,-375751.8361995711,3.46643983078189
1.61,-6768981.14729061,-3807551.2102160244,-1692244.3733093934,-423060.63657071214,3.4747089887450935
1.62,-7621223.933439181,-4286937.775663437,-1905305.067498325,-476325.8089438408,3.482941229708655
1.63,-8580767.577585239,-4826681.073737972,-2145190.9761913414,-536297.2849453471,3.4911368948925934
1.64,-9661121.6971561,-5434380.264242485,-2415279.5037452625,-603819.4156644313,3.499296321294358
1.65,-10877496.825736353,-6118591.272318304,-2719373.283556227,-679842.8594501234,3.507419841757634
1.66,-12247018.565377554,-6888947.249119418,-3061753.7161371126,-765437.9664306382,3.515507785039645
1.67,-13788968.701560741,-7756294.198978907,-3447241.247858171,-861809.8481985338,3.5235604758769834
1.68,-15525056.67551974,-8732843.68259079,-3881263.2390278485,-970315.3448309173,3.5315782350500284
1.69,-17479725.236042056,-9832344.746148031,-4369930.376843011,-1092482.1281270008,3.5395613794459684
1.7,-19680494.574083235,-11070277.497063117,-4920122.709042538,-1230030.2100214986,3.5475102221204935
1.71,-22158349.785337903,-12464071.051664274,-5539586.509550075,-1384896.1589953182,3.555425072358169
1.72,-24948177.115935694,-14033348.923399406,-6237043.339898023,-1559260.3654315548,3.5633062357315493
1.73,-28089255.13325694,-15800205.306419944,-7022312.841931453,-1755577.739791472,3.5711540141590437
1.74,-31625807.73716455,-17789516.14439877,-7906450.990616085,-1976612.2758164946,3.578968705961594
1.75,-35607626.79761548,-20029289.364186667,-8901905.753441148,-2225475.9653789257,3.5867506059181715
1.76,-40090773.18489736,-22551059.20532042,-10022692.34797854,-2505672.612871735,3.594500005320141
1.77,-45138366.062441565,-25390330.19723016,-11284590.565086097,-2821147.1660093763,3.6022171920245163
1.78,-50821471.55483475,-28587077.03499589,-12705366.93591047,-3176341.2575785094,3.6099024505061363
1.79,-57220103.3027725,-32186307.391508855,-14305024.87062555,-3576255.7401226005,3.617556061908795
1.8,-64424348.99197736,-36238695.58998799,-16106086.290661963,-4026521.0939993025,3.625178304095344
1.81,-72535638.71672237,-40801296.05846187,-18133908.71958796,-4533476.700100674,3.6327694516968045
1.82,-81668173.03551683,-45938346.611091964,-20417042.297030855,-5104260.093333538,3.640329776160505
1.83,-91950530.82484828,-51722172.86590251,-22987631.74211253,-5746907.453478361,3.647859545797277
1.84,-103527479.56829746,-58234206.53240767,-25881868.925728146,-6470466.748258929,3.65535902582773
1.85,-116562013.56846637,-65566131.90582105,-29140502.42352821,-7285125.121587862,3.6628284784276266
1.86,-131237648.77813154,-73821176.70957947,-32809411.22370684,-8202352.320513689,3.6702681627723863
1.87,-147761006.56004035,-83115565.46022831,-36940250.666950874,-9235062.180208111,3.6776783350807367
1.88,-166364722.75264618,-93580155.81689754,-41591179.71287364,-10397794.440574458,3.685059248657526
1.89,-187310722.99913105,-105362280.95387717,-46827679.77227065,-11706919.454311602,3.692411153935739
1.9,-210893910.4537636,-118627823.89544316,-52723476.633709036,-13180868.668561324,3.6997342985177055
1.91,-237446317.78559572,-133563553.01793723,-59361578.46445176,-14840394.125139358,3.7070289272155508
1.92,-267341781.93641773,-150379751.6011165,-66835444.49994642,-16708860.6329076,3.7142952820908857
1.93,-301001207.44989127,-169313178.45079055,-75250300.8761084,-18812574.725844886,3.721533602493768
1.94,-338898492.47537416,-190630401.27597323,-84724622.13027714,-21181155.038286082,3.7287441251009383
1.95,-381567200.87988645,-214631549.75186315,-95391799.22920763,-23847949.311919924,3.7359270839533685
1.96,-429608074.40630233,-241654541.10882723,-107402017.60861845,-26850503.905676056,3.7430827104931153
1.97,-483697490.64302707,-272079837.74034333,-120924371.6656109,-30231092.41882979,3.7502112335995146
1.98,-544596985.8866756,-306335803.8132574,-136149245.47433868,-34037310.86991955,3.7573128796247226
1.99,-613163976.9721738,-344904736.29721516,-153290993.24353325,-38322747.811128214,3.7643878724286193
2.0,-690363833.0251793,-388329655.32539904,-172590957.25460902,-43147738.81280936,3.7714364334130956
2.01,-777283467.0975443,-437221949.48947597,-194320865.77052906,-48580215.94070375,3.778458781555723
2.02,-875146639.0453786,-492269983.7085076,-218786658.75532073,-54696664.18581824,3.785455133442847
2.03,-985331185.1020832,-554248790.863782,-246332795.26733437,-61583198.312740386,3.7924257033020807
2.04,-1109388416.7252405,-624030983.6501893,-277347103.1709655,-69336775.28756908,3.7993707030342545
2.05,-1249064961.8376908,-702599040.2743273,-312266239.44692427,-78066559.35548185,3.8062903422447896
2.06,-1406327355.9704072,-791059136.9723682,-351581837.97795385,-87895458.98716447,3.8131848282745517
2.07,-1583389729.53085,-890656722.0985084,-395847431.3659193,-98961857.33308324,3.8200543662301567
2.08,-1782744981.0118852,-1002794051.0549849,-445686244.2340372,-111421560.54904225,3.8268991590137755
2.09,-2007199875.0352788,-1129049928.9415414,-501799967.73774904,-125449991.42390192,3.833719407352419
2.1,-2259914559.382695,-1271201938.885364,-564978638.8224708,-141244659.1940162,3.8405153098267397
2.11,-2544447057.382577,-1431251469.0087016,-636111763.3203132,-159027940.31741276,3.8472870628993387
2.12,-2864803362.070942,-1611451890.3943138,-716200839.4902807,-179050209.35884276,3.85403486094261
2.13,-3225493837.411939,-1814340282.7720354,-806373458.3234104,-201593364.06606543,3.8607588962661157
2.14,-3631596720.6632414,-2042773154.5993063,-907899179.1341207,-226974794.26768538,3.867459359143503
2.15,-4088829619.949106,-2299966660.446022,-1022207403.953476,-255551850.47146872,3.874136437838987
2.16,-4603630013.670888,-2589541881.912945,-1150907502.3818145,-287726875.0775,3.8807903186333945
2.17,-5183245885.122662,-2915575809.60299,-1295811470.2426555,-323952867.04165894,3.8874211858497842
2.18,-5835837768.376644,-3282658743.931782,-1458959441.0540528,-364739859.7434591,3.894029221878645
2.19,-6570593642.162735,-3695958922.934887,-1642648409.4984813,-410662101.8535192,3.9006146072026935
2.2,-7397858289.358802,-4161295286.9811077,-1849464571.2954082,-462366142.30170596,3.907177520421272
2.21,-8329278943.369837,-4685219404.86075,-2082319734.7960813,-520579933.1758314,3.9137181382743536
2.22,-9377969271.983257,-5275107714.704239,-2344492316.947355,-586123078.712609,3.920236635666158
2.23,-10558694007.46245,-5939265378.409725,-2639673500.8150754,-659918374.6785005,3.9267331856884082
2.24,-11888076822.326204,-6687043211.769033,-2972019204.528941,-743004800.6059303,3.9332079596432035
2.25,-13384834377.53863,-7528969336.5744705,-3346208593.3299785,-836552147.8051552,3.9396611270655404
2.26,-15070039838.326097,-8476897408.265873,-3767509958.5247803,-941877489.1028231,3.9460928557454835
2.27,-16967419567.713688,-9544173506.044846,-4241854890.8696175,-1060463722.1880021,3.952503311749983
2.28,-19103687174.993008,-10745824035.137924,-4775921792.687391,-1193980447.6414173,3.958892659444357
2.29,-21508919622.26065,-12098767286.724436,-5377229904.50225,-1344307475.5941055,3.965261061513444
2.3,-24216980684.30907,-13622051634.125134,-6054245170.012305,-1513561291.9705954,3.971608678982425
2.31,-27265997723.853058,-15337123718.867092,-6816499429.896258,-1704124856.9405615,3.977935671237332
2.32,-30698898494.707943,-17268130402.471436,-7674724622.60794,-1918681155.1174617,3.984242196045239
2.33,-34564015530.68858,-19442258735.209023,-8641003881.601065,-2160250969.864725,3.990528409574146
2.34,-38915766629.543144,-21890118728.313187,-9728941656.312672,-2432235413.5416107,3.9967944664125628
2.35,-43815421012.60314,-24646174318.782913,-10953855252.075644,-2738463812.48134,4.003040519588804
2.36,-49331961947.0688,-27749228594.41833,-12332990485.690035,-3083247620.883926,4.009266720589984
2.37,-55543057975.97514,-31242970110.676636,-13885764492.9146,-3471441122.6890574,4.01547321938073
2.38,-62536156429.98438,-35176587991.05532,-15634039106.414894,-3908509776.063123,4.021660164421625
2.39,-70409714616.79623,-39605464471.13548,-17602428653.11585,-4400607162.737355,4.0278277026873655
2.4,-79274586022.34123,-44591954636.75304,-19818646504.500088,-4954661625.582412,4.033975979684659
2.41,-89255581040.38576,-50206264334.40157,-22313895259.009216,-5578473814.208692,4.040105139469857
2.42,-100493224204.3813,-56527438614.147575,-25123306050.0061,-6280826511.956913,4.046215324666323
2.43,-113145732662.0048,-63644474621.5593,-28286433164.409985,-7071608290.556887,4.052306676481555
2.44,-127391243747.73811,-71657574607.28279,-31847810935.84132,-7961952733.413725,4.0583793347240595
2.45,-143430323015.96753,-80679556695.66035,-35857580752.89668,-8964395187.676573,4.064433437819967
2.46,-161488788045.71045,-90837443274.88925,-40372197010.33043,-10093049252.034018,4.070469122829424
2.47,-181820887773.9303,-102274249372.01144,-45455221942.38341,-11363805485.046272,4.076486525462747
2.48,-204712882119.9269,-115150996191.63306,-51178220528.88059,-12794555131.669579,4.082485780096332
2.49,-230487072299.1066,-129648978167.42015,-57621768073.673546,-14405442017.866833,4.088467019788351
2.5,-259506338569.74557,-145972315444.6531,-64876584641.33132,-16219146159.780293,4.094430376294218
2.51,-292179249300.6723,-164350827730.7979,-73044812324.06104,-18261203080.46174,4.100375980081837
2.52,-328965813291.48285,-185043269975.62738,-82241453321.7617,-20560363329.885925,4.106303960346636
2.53,-370383956333.41473,-208340975436.71265,-92595989082.24274,-23148997270.005207,4.112214445026389
2.54,-417016813195.7903,-234571957421.7974,-104254203297.83466,-26063550823.90221,4.118107560815831
2.55,-469520937703.3777,-264105527457.31384,-117380234424.72957,-29345058605.62496,4.123983433181059
2.56,-528635546496.1441,-297357494903.2435,-132158886622.91924,-33039721655.17141,4.129842186373751
2.57,-595192926616.188,-334796021220.7668,-148798231652.92825,-37199557912.6727,4.135683943445172
2.58,-670130153452.5173,-376948211316.20056,-167532538362.00864,-41883134589.941826,4.141508826259991
2.59,-754502284023.0183,-424407534762.10596,-188625571004.632,-47156392750.596695,4.147316955509908
2.6,-849497211344.7104,-477842181380.55634,-212374302835.05307,-53093575708.201004,4.153108450727095
2.61,-956452389029.9841,-538004468828.52136,-239113097256.36957,-59778274313.52916,4.158883430297451
2.62,-1076873661578.049,-605741434636.8064,-269218415393.38385,-67304603847.78178,4.164642011473679
2.63,-1212456465477.1362,-682006761830.0415,-303114116368.15375,-75778529091.4733,4.1703843103881715
2.64,-1365109699612.3484,-767874206031.0969,-341277424901.9549,-85319356224.9226,4.176110442065748
2.65,-1536982601055.5237,-864552713092.8816,-384245650262.74677,-96061412565.11963,4.181820520436192
2.66,-1730495004627.2202,-973403440101.9596,-432623751155.66907,-108155937788.34924,4.187514658346639
2.67,-1948371412261.346,-1095958919396.1538,-487092853064.19855,-121773213265.48068,4.193192967573783
2.68,-2193679351842.4204,-1233944635410.5068,-548419837959.4653,-137104959489.2964,4.198855558835935
2.69,-2469872565577.4326,-1389303318136.4497,-617468141393.2164,-154367035347.73325,4.204502541804907
2.7,-2780839635960.6846,-1564222295227.0273,-695209908989.0275,-173802477246.68506,4.210134025117747
2.71,-3130958733946.611,-1761164287844.1099,-782739683485.5072,-195684920870.80405,4.215750116388306
2.72,-3525159260141.9136,-1982902083828.966,-881289815034.3309,-220322453758.00906,4.221350922218672
2.73,-3968991246875.9854,-2232557576366.8804,-992247811717.8472,-248061952928.88715,4.226936548210436
2.74,-4468703498276.538,-2513645717779.6895,-1117175874567.9834,-279293968641.4203,4.232507098975811
2.75,-5031331568500.322,-2830124007280.5674,-1257832892123.9277,-314458223030.4054,4.238062678148615
2.76,-5664796816783.822,-3186448209440.034,-1416199204194.8005,-354049801048.12274,4.243603388395105
2.77,-6378017933930.123,-3587635087834.827,-1594504483481.374,-398626120869.76514,4.249129331424664
2.78,-7181036510437.357,-4039333037120.1455,-1795259127608.181,-448814781901.46594,4.254640608000362
2.79,-8085158414168.754,-4547901607969.055,-2021289603541.028,-505322400884.67676,4.260137317949365
2.8,-9103112968050.012,-5120501044527.26,-2275778242011.3403,-568944560502.2539,4.265619560173222
2.81,-10249232168891.28,-5765193095000.473,-2562308042221.656,-640577010554.8318,4.271087432658013
2.82,-11539652470591.807,-6491054514707.018,-2884913117646.7856,-721228279411.1134,4.276541032484368
2.83,-12992541972677.354,-7308304859630.137,-3248135493168.171,-812033873291.4587,4.281980455837355
2.84,-14628356212804.127,-8228450369701.445,-3657089053199.862,-914272263299.3806,4.287405798016246
2.85,-16470126164586.832,-9264445967579.217,-4117531541145.536,-1029382885285.7983,4.292817153444157
2.86,-18543782495532.062,-10430877653735.908,-4635945623881.843,-1158986405969.874,4.298214615677564
2.87,-20878520650374.703,-11744167865834.89,-5219630162592.5,-1304907540647.5376,4.303598277415697
2.88,-23507211899899.47,-13222806693692.57,-5876802974973.69,-1469200743742.834,4.308968230509815
2.89,-26466866142494.473,-14887612205152.258,-6616716535622.439,-1654179133905.0205,4.314324565972379
2.9,-29799152974314.004,-16762023548050.746,-7449788243577.32,-1862447060893.7397,4.319667373986076
2.91,-33550988364309.61,-18872430954923.273,-8387747091076.22,-2096936772768.4639,4.32499674391277
2.92,-37775195194048.72,-21248547296651.516,-9443798798510.994,-2360949699627.1567,4.330312764302305
2.93,-42531246962204.14,-23923826416238.94,-10632811740549.848,-2658202935136.869,4.335615522901225
2.94,-47886105124480.41,-26935934132519.34,-11971526281118.914,-2992881570279.1343,4.3409051066613715
2.95,-53915161858070.05,-30327278545163.516,-13478790464516.322,-3369697616128.486,4.346181601748373
2.96,-60703301524012.37,-34145607107256.07,-15175825381001.9,-3793956345249.8794,4.351445093550037
2.97,-68346095772012.02,-38444678871755.875,-17086523943001.812,-4271630985749.8564,4.356695666684635
2.98,-76951149113845.55,-43285021376537.234,-19237787278460.19,-4809446819614.45,4.361933405009083
2.99,-86639613909975.52,-48734782824360.336,-21659903477492.68,-5414975869372.571,4.367158391627024
3.0,-97547896099174.73,-54870691555784.91,-24386974024792.484,-6096743506197.522,4.372370708896808
