PEEQ,C1,C2,C3,C4,C5,C6,C7,RÂ²
0.00011,3.88618519081078e-13,0.009999999581567831,0.035545469160973016,1.493155679423214,535.11081036345,349.9999997456087,-11.822923651227262,0.9954763483369125
0.0002,0.30982360353999566,0.009999999999999998,0.9999999999999999,0.25488586168085464,541.6746468092927,137.73960689366754,-21.22561111241999,0.9924949946365004
0.0003,0.9588449922003901,0.009999999999999998,0.9999999999999712,0.18460237496408055,517.4028142859794,100.0000000000001,3.590159467991728,0.9746394795830925
0.0004,1.4665324637970976,0.009999999999999998,0.9835333953155712,0.16723979128400296,528.165781522596,100.00000000000001,-4.745701805017109,0.9426675168883124
0.0005,1.7440238832429218,0.009999999999999998,0.975794825148133,0.15723538701865122,527.973355494693,100.00000000542461,-2.878265026933583,0.9231465861528023
0.0006,1.917425780572321,0.009999999999999998,0.9709451735416437,0.1496729547342041,513.2269851924058,100.00000000000001,13.193111022950822,0.9125499819745602
0.0007,2.9937936386289286,0.009999999999999998,0.9127596709920949,0.1838553308983459,541.2240520345164,137.97895454586984,-0.7433716025693835,0.897115137542753
0.0008,2.9999999999999996,0.009999999999999998,0.9154200047406988,0.1741292235443632,542.8006976579813,135.01605960330582,-1.8225256385695991,0.8998202487217395
0.0009,2.999999999976402,0.009999999999999998,0.9168085684129609,0.16627668445075805,529.8131577413295,133.17158323712866,11.610604978383703,0.9040088800485926
0.001,2.9999999999999996,0.009999999999999998,0.9175740633686437,0.15974823391341214,533.778124095865,131.6527182250415,8.095614635717476,0.9090794458690303
0.002,2.9999999999999996,0.008302283514505316,0.7940835792500265,0.22853570547181398,563.7417850518859,180.34979158193312,1.7221197314731367,0.9652550989056936
0.003,2.9999999999999996,0.007901966102743718,0.7472219723024777,0.25327980517516374,555.1481768364977,196.59121136871613,18.16521042715513,0.9944149355654616
0.004,2.621534169077276,0.0073647846986213805,0.7397125338297321,0.2468475632289016,563.9953807203165,195.9565048024321,14.336384031485954,0.9999999999999836
0.005,2.35553047606458,0.008631687011263859,0.8753607494160752,0.12858839856851986,555.8385881828593,138.75001648803794,5.838586999913462,0.9969358829156177
0.01,0.8701597615993174,0.0050056713439180925,0.8510667839050765,0.11770088100981936,564.2276667613454,113.80184313015673,18.130282614145766,0.9999999999999928
0.011,1.1853291442868128,0.006935302322941722,0.896317625124404,0.09836084616483107,559.8850322973917,100.55677680338519,11.524465771324028,0.9994063057025038
0.012,1.1172894481440803,0.006696733125632278,0.8931669442679976,0.09947138047091487,560.4747722192964,100.56465687087245,11.972949758363137,0.9994346046430219
0.013,0.9077209973034582,0.005864410207826061,0.8847198442901155,0.09984089278264256,562.6759491892288,100.2829703855078,12.803971320922507,0.999964582556751
0.014,0.7926781797062284,0.004775658511730623,0.8510092503670397,0.1142116674374466,566.2024770616046,109.31444477116925,16.05569102632148,1.0
0.015,0.8985930127554044,0.005834421073690731,0.8832364838738294,0.10047314050566349,561.637535732933,100.0134879105622,13.451107803502204,0.9999999618389898
0.016,0.8387304110489686,0.005402864375039592,0.8726011506609544,0.10469015734268246,557.4292758557895,103.04473647070702,19.74831204588967,0.999996708758067
0.017,0.7662499694050259,0.00458322303195151,0.8439334325449274,0.11611140560279523,566.4954180088174,110.62252137683919,15.721904700456486,0.9999999999999991
0.018,0.7934875647061918,0.004952809900230801,0.8574416487857214,0.11082250833689108,564.4227465998515,107.59207477997653,14.790274021637762,0.9999999999999998
0.019,0.7818199684949027,0.004824361698133813,0.852471127416317,0.1127006219242008,561.8279035913149,109.07870390868491,17.76665544071629,0.9999999999999979
0.02,0.832291176227308,0.00535738676013602,0.8689640968785174,0.10616889299344683,554.8842971400362,105.38019987836546,20.33424347069454,0.999999999999993
0.021,0.8267803871444055,0.005376965740399587,0.8703917542870941,0.10517103432385355,554.4269217439872,104.61292564301161,20.11473061278168,0.9999923053020008
0.022,0.8329392155231752,0.005391889449879304,0.8695008030419207,0.10577087783548367,554.4093351413198,105.25886470518543,19.82500235548059,0.999999999995811
0.023,0.725776639995762,0.003590273087357032,0.7866503549836189,0.13536128205152761,565.3515128834985,123.19239019525604,22.156873527359135,0.9999999999999406
0.024,0.7744369347019594,0.004748376756436212,0.84738349481513,0.11455656475133813,561.6781596117831,111.61927325037817,16.319166721394833,0.9999999999999994
0.025,0.7995191852423266,0.005074123798394264,0.8588929692898127,0.10996593581428317,556.2640022778481,108.67408558902224,19.046113233030766,0.9999999999999979
0.026,0.7953117442496301,0.005034845744172922,0.8573549832147687,0.1105449399727506,561.2219835642563,109.23075899956376,14.010537334810099,1.0
0.027,0.7457840516853118,0.004526093645302156,0.8403454062975845,0.11594841900425615,562.5221731172167,113.64763950058568,15.605318517024994,0.9999324673008941
0.028,0.9035222618480295,0.006050728204204784,0.8852082273170359,0.09888063216230057,552.3154305508452,100.10976887164581,15.244868447596188,0.9999938691364982
0.029,0.7344756423457521,0.004014859034898947,0.8113856993247172,0.12753148515608356,566.0803801231257,120.4449044987111,16.080661401494762,0.9999999999999923
0.03,0.830434817304421,0.005265407825424676,0.8610710641553455,0.11017225681939768,560.8346032897254,108.68669681441196,11.979025538693543,0.9998552436166424
0.031,0.8167813699613816,0.005329954480310459,0.8662884677192744,0.10676148473346465,558.0737340077945,107.09207487724672,13.284736099145935,0.9999999999999875
0.032,0.8861155722515022,0.0060107566903809875,0.8850547447504516,0.09845739771409186,557.7785877555589,100.2016049799041,8.394866566898928,0.9999885608654525
0.033,0.7935336461089337,0.005092408663530741,0.8585533089107349,0.10992316294736272,559.3112024345885,109.77472521259934,13.088475825292816,0.9999999999999206
0.034,0.8894639196269033,0.006041852477275049,0.8854325598215421,0.09857195711270346,557.4325653604186,100.00130671575523,7.812927630561579,0.9999995959977299
0.035,0.9057886038188341,0.004771521587434212,0.8117011822324212,0.13822111764163605,563.3611160903617,135.56226471779743,13.36158740928593,0.9943083092567279
0.036,0.7316920647448197,0.003970878319579856,0.807296885139686,0.12916522173464495,565.1973220600908,122.83384449912602,15.411789257729776,0.9999999999999765
0.037,0.9135490386153879,0.0048002725681155515,0.810954388551745,0.13913277370781102,563.0362706254475,136.89400806358427,13.035880900191803,0.9938197193375874
0.038,0.9191943603184345,0.004839370135715664,0.8120696508363522,0.1389613626864807,562.864168968246,136.78015979130097,12.863915281676748,0.9940991762505472
0.039,0.9265989323870446,0.0049210666494235306,0.8157368317221089,0.13756735185122435,562.5345647513776,135.69717985127397,12.534364112456968,0.9946258944474021
0.04,0.9361240452261907,0.004488282531939971,0.7800634001344973,0.15716632215064194,563.5304901417081,147.31135047089163,13.530496293126532,0.9879477313950007
0.041,0.8584195087423498,0.005241186320484437,0.8518056789952367,0.11690015073194078,558.6779205319021,115.0610756473791,12.22692055152974,0.9993625702689573
0.042,0.9463093036794921,0.0046746044429759005,0.7903581478223441,0.15213761874268147,563.0990028774659,147.92364455898192,13.098970024059689,0.9888252671557201
0.043,1.0707705451113885,0.00678573457458189,0.8894639842957037,0.10036654500008657,554.276393460703,103.74529785092861,4.276556582576234,0.9978167485496203
0.044,1.1261019794010187,0.005580832618151844,0.8126924907538999,0.14838369404667456,560.3913105422849,146.82703523115117,10.391269624528814,0.9866154659288768
0.045,0.9169654600927621,0.004489872188563817,0.7867646075802543,0.1527383892836455,563.634123492502,142.93282032595195,13.634134567755332,0.994708766896655
0.046,0.7779172397520714,0.005109657182649973,0.8602686991635511,0.10946105466456121,557.2904132154241,110.66418004516125,10.904612310942483,0.9999999999999953
0.047,0.955332345460718,0.006433085679432787,0.89011836029384,0.09865392333249652,552.7239962208508,100.22072914686436,6.953651080179205,0.9997456125502144
0.048,0.7830058430728236,0.00521875383151237,0.864363910511543,0.10785761379737765,555.9130543736604,109.41575903702044,10.829187851190369,0.9999999999999406
0.049,0.7787564933327777,0.004090219740544906,0.7970143948358944,0.13777940567984032,563.7965218069676,135.26824412046278,13.796159230926984,0.9980374727689051
0.05,0.8514781467061304,0.00599608313924786,0.8869471484214498,0.09859561268315453,554.6409137113857,100.0141433663442,5.481187023361482,0.9999997674887302
0.051,0.7462802001794638,0.004704277801202872,0.8454151889746718,0.11565219556100759,559.9841043305164,115.9301549119826,10.18625257066176,0.9999999999999781
0.052,0.7284498946916973,0.004259929866484335,0.8240264353222612,0.12397803799805093,563.5837404679619,121.91791374135,10.336500753274018,0.9999999999999971
0.053,0.7644005773545388,0.005066995559926313,0.8601356497630653,0.10981594055554814,557.0166900602459,111.35639087964934,9.54799589222403,0.999999999999989
0.054,0.7578975360880381,0.004988049844004089,0.8574403710717174,0.1109643443293645,557.5444852319721,112.38157627122567,9.410116665367037,0.9999999999999944
0.055,0.7429315119653348,0.004739380357981488,0.8476749205881609,0.11495573924371692,561.582557423829,115.67405186120614,7.247922517174939,0.9999999999999979
0.056,0.7489459069155483,0.0048832232742197015,0.8538225390386782,0.11253564071766503,555.8034137736821,113.78905587451614,11.519317871585583,0.9999999999999943
0.057,0.9660151351790925,0.006548198457472792,0.8918690141505069,0.09931385131834346,552.5631604378281,101.33289497539211,2.5635191240771746,0.9988380217439984
0.058,0.8797873697815406,0.004213585284079391,0.7738730679861381,0.15796427429215482,563.4662250618658,146.60705457451223,13.465933238309221,0.9961854841126011
0.059,0.8280139548787128,0.005945940156479173,0.8878352255817598,0.09892354768562843,553.9800816791027,100.00000203206446,3.979945112769346,0.9999978471525512
0.06,0.7731205741055115,0.005361110281660577,0.8719084948577608,0.1053582996066233,555.9154691934549,107.36593519779598,6.3241964532362225,0.9999999999999963
0.061,0.8114189760617208,0.005879107485901183,0.8874089207976964,0.09929007403349509,553.5842486998441,100.20784813465768,3.5843052327656304,0.9999349018641583
0.062,0.7461014879869792,0.004994107089434669,0.8596058642612097,0.11051894269522557,556.4505031846801,112.28807511648029,8.385932805725101,0.9999999999999961
0.063,0.7172232014257224,0.003808632303877935,0.7964293033554379,0.13503804975572478,562.9052055510699,130.03271766353814,13.220166540129092,0.9999999999999978
0.064,0.7590540763915168,0.005262729471225191,0.8698030132735829,0.10646061363574258,554.1353939630411,108.48356991967694,7.881237462241364,0.99999999999959
0.065,0.8005211422936169,0.005840395398227238,0.887604139592992,0.09919364406797533,553.0001137838234,100.19318237339264,3.999595933456731,0.9999942832835931
0.066,0.7708166946922668,0.005482784940121873,0.8774607511319897,0.10346163127976132,554.4029116047315,105.2613128142977,5.237013579706651,0.999999999999993
0.067,0.74900014483354,0.003082727458943316,0.7261338595998936,0.15945782887139756,566.3420091712557,143.7673885623079,17.998307368144257,0.9999999999999889
0.068,0.5794445399210282,0.002282895726951071,0.7292348043724227,0.12618911892239132,562.9991062449859,128.88591515208535,17.489184420232068,0.9934857433168839
0.069,0.7210448395489703,0.003557302250799325,0.776135277136529,0.14298531620390373,560.3619612750624,135.27918674760804,17.590521740082597,0.9999999999999653
0.07,0.6008762724717125,0.0026863279638242596,0.7523663874306096,0.12984393047604081,561.1381670313853,134.23016724181548,18.59810787530866,0.9937589847161743
0.071,0.5815302421746767,0.0021202688683806523,0.7131930219666912,0.12673867485971974,562.635302551316,129.38420920868865,18.348050379317165,0.9929368651015039
0.072,0.7210198572175155,0.004767815124345458,0.8530055256358781,0.11383418543139728,548.3217755736907,115.42547117785602,16.19946620175489,0.9999999999999991
0.073,0.7085542963380018,0.004238832632361159,0.8262615637216867,0.1246385927466193,553.1753317278876,123.9206243306275,16.38627440175681,0.9999999999994276
0.074,0.7363597717045759,0.003268597224577328,0.7466850461125794,0.15397934784482448,563.6729496566069,141.77747155265908,17.233890493072547,0.999999999999995
0.075,0.7072234104738633,0.004323772681774275,0.8315858181871407,0.1226882099863805,552.7187603404166,122.5919397520141,15.557887782826189,1.0
0.076,0.7554942456039977,0.0030526122055611975,0.7195499317775382,0.16347640757103094,564.4983228266448,146.80032257619868,19.217287752725035,1.0
0.077,0.7391999203290143,0.003238096011080184,0.7426365374720211,0.15590581785490604,562.3496059922143,143.08180200422584,18.596341445810246,0.9999999999999984
0.078,0.7463547357270806,0.003157245670492052,0.7325903650537168,0.15953392553066922,563.6168337764881,145.04427556382515,18.35774768989833,0.9999999999999938
0.079,0.7424817140619905,0.0032046496976643074,0.7382176494669603,0.15780481022963563,563.153858749218,144.258303177578,18.026507251199476,0.9999999999999966
0.08,0.7381399638227449,0.0032593493491728043,0.7445574048572857,0.15579197526722935,562.5863668703437,143.3051694697878,17.69940102161459,0.9999999999999944
0.081,0.7018282464005666,0.0040967414780955095,0.818835967875001,0.12825429913185296,554.4305388635761,126.86112550473585,15.165660849778355,0.9999999999951613
0.082,0.7018757289413142,0.0040343259073414885,0.8147716008275208,0.1299516211921276,554.9875857258527,128.08034099019258,15.14207036513889,0.9999999999999991
0.083,0.728226669155155,0.003394281387462117,0.7593117495374792,0.1510578937220326,562.2676911768625,141.01837698615063,15.764453015405893,0.9999999999999982
0.084,0.7182536900124631,0.0035485720592691905,0.7750417088786601,0.14542416486377835,559.9576942762824,137.9126997729547,15.85254668323743,0.9999999999999883
0.085,0.6984296875094296,0.00410830178792091,0.8203133961810762,0.12803186100502992,554.3718707465861,126.8744649150736,14.385428326129697,0.9999999999999944
0.086,0.6980571511086648,0.004080712153826019,0.8186238090594834,0.12880038387946988,554.793232084604,127.45595957260828,14.109254064599247,0.9999999999999302
0.087,0.6994439228475948,0.003980357703781379,0.8116807374696473,0.13166574839071737,555.2002220801944,129.47569131239993,14.717053547500562,0.999999999999996
0.088,0.6989582021119427,0.003973402856816908,0.811311513443013,0.131914122360175,555.2923502817918,129.68728427187196,14.545246749264875,0.9999999999999972
0.089,0.7446239676975452,0.003219110260592283,0.7375887640148204,0.1600186117612501,564.5299747247603,146.2804405627458,15.373036497626751,0.9999999999999981
0.09,0.7231909641864199,0.003466696629417715,0.7663644127431579,0.14958728190457274,561.6446663661972,140.7064016451248,14.513641912506058,0.9999999999999829
0.091,0.6948163839537876,0.004052675048522722,0.8175192816631395,0.12972185903081376,554.3758613931556,128.2894865695009,14.019435580189487,0.9999999999999999
0.092,0.6929812408301017,0.004098288819274442,0.8208938126559167,0.12844918542787662,553.9151753274442,127.41850603396972,13.770184250571104,0.9999999999999938
0.093,0.6910337425313829,0.004151934929655567,0.8247427396489655,0.12697147169243844,553.5193243431573,126.37493997525416,13.362945275087194,0.9999999999999907
0.094,0.729147720923285,0.003397999104956918,0.7582754177190012,0.15331707612765902,562.3321956546282,143.05570374711624,14.366485819896585,1.0
0.095,0.7080697628342183,0.0036835568865167963,0.787827717897829,0.14203806363992214,558.7688642167074,136.54220853397274,13.747829652680707,0.9999999999999977
0.096,0.6985305642711946,0.003857400491311652,0.8031913298930015,0.13603358833675097,556.7820821442014,132.7678492472536,13.281761938509591,0.9999999999972966
0.097,0.7079558092730026,0.003677470661732883,0.7872828748217408,0.14252331526780398,558.8445240487936,136.93759621154808,13.495578711267946,0.9999999999999972
0.098,0.7038985496015931,0.0037392588929360225,0.7930550046267252,0.14035185403763228,558.1709398549131,135.6313978444504,13.190136077142466,0.9999999999999967
0.099,0.6840543718353924,0.004232670178010041,0.8313471160457412,0.12477819631344676,552.5249010981585,124.8553592150028,12.397647556734398,0.9999999999964506
0.1,0.683613716654628,0.004210496549955602,0.8301061051158191,0.12538299281374166,552.6536916297479,125.33730158940551,12.369630673836262,0.9999999999999998
0.11,0.68465475603971,0.003984130970538778,0.8152500825125656,0.13260134035130802,565.4826388265742,130.83878738916127,0.9243694411803339,0.9999999999592228
0.12,0.7889141047259579,0.004369842933651202,0.8084851532458113,0.14537248781025228,564.9207432202821,139.9233643511191,1.370133276179185,0.999480659530362
0.13,0.6938452787390204,0.0037785856197247235,0.797381960267439,0.1428154344812007,564.1898406160237,138.15930682948058,2.9385015488517645,0.9999999999999978
0.14,0.806261315236548,0.0044029407865508585,0.8036158375510999,0.15208257130914518,563.2264950937894,145.23680399669993,1.2181998554186064,0.9994385291314603
0.15,0.8712345546519872,0.0046488007365831216,0.8025112163892291,0.15884868349177356,562.6299979425253,147.62325707074353,1.1651533835966177,0.9988413649381344
0.16,0.8857727422394345,0.004678074726243411,0.7997621507609155,0.16271143350433462,562.1519733599497,149.96260200564933,1.1326446670930463,0.998831367914194
0.17,0.8798857458665047,0.004633026395404434,0.7966610094083628,0.16557018001888074,561.4804109158715,152.31054171102807,1.0633142519756127,0.9991583221739941
0.18,0.9204806225079932,0.0047601519643687175,0.7943238907607464,0.17105608464430883,561.1434650029008,154.39228705075226,1.0347114365622547,0.9987802531369762
0.19,0.9074699175707559,0.003440919618799735,0.680298027438034,0.21910570999897372,569.9517326242284,178.84539773613324,7.192834056974737,1.0
0.2,0.9151625407326115,0.004728464327907065,0.7908753662761733,0.17490936546426597,559.9561742861382,158.54320337206772,0.927273549212008,0.9992988465145164
0.21,0.9610337854609337,0.004842479908390656,0.7864871413322636,0.18214265791588768,559.6925047712572,160.36806103655346,0.9067709667128684,0.9989526700532391
0.22,0.962852651775545,0.00488513726237026,0.7877490597030445,0.18261345995641828,559.1906733316075,162.2378586028682,0.8634086719349391,0.999234377198754
0.23,0.9762417198096192,0.004887060275526463,0.7836234501122098,0.1871366506245405,559.0770249119482,163.9685291972048,0.853051386564619,0.9992852083313294
0.24,0.9966715979562449,0.0049313941384760826,0.7808752937416451,0.1912234304015918,558.9116005380848,165.62494315170844,0.8358499550704689,0.999227611585766
0.25,0.9980084416635665,0.004921566475901999,0.7785491208437655,0.19395898181159713,558.5899961737258,167.26495887444761,0.8036291310100081,0.9994169059569237
0.26,0.9859269605241512,0.0048841097267475885,0.7769777135188822,0.1957927448026457,558.0420003564003,168.8809507488089,0.7579822807279223,0.9996479818728694
0.27,0.9918161221654233,0.0048647961958475225,0.7729211182518063,0.19982349307790745,557.8059290902328,170.38646594208728,0.7313121066326973,0.9996864200904142
0.28,1.081951634701429,0.0050327206337485685,0.7640715212585614,0.21146545935119054,558.6155808597172,171.5656138877205,0.8046400448593746,0.9979926508943987
0.29,1.0366603770850336,0.004977299275006353,0.7688083068154271,0.206918979218101,557.7748544856313,173.11386047136943,0.7329699688326782,0.9996217257602733
0.3,1.079959622725353,0.005002058424128995,0.7596077031710083,0.2164320102456217,558.1010323093446,174.32361981088394,0.7556385992304837,0.9985831468262137
0.31,1.0378994968384996,0.004960142531934338,0.7648003620603583,0.2117671222312377,557.3356914479845,175.75939596770522,0.6882712053352594,0.9998255410047503
0.32,1.078377894361983,0.004946642530925224,0.753059617714027,0.22280726179927857,557.6797667420338,176.8697955330955,0.7135945383815014,0.9985876411296601
0.33,0.8017820061394277,0.0044622066133715305,0.7991831553976386,0.1781951086691894,551.2606713336927,158.8201534237871,2.4117529764478327,0.9999999999999999
0.34,0.7442546733251703,0.00440729312198512,0.813952197336853,0.1674943197169503,550.7418840625558,152.3067388918031,0.5046882877124684,0.9999999999999971
0.35,0.7785196378380572,0.004508489131774367,0.809187924421543,0.17362171781764954,551.0830866470351,155.81177795962427,0.316876029962575,0.9999999999999971
0.36,0.9965950536768228,0.004903916028336595,0.7681549396320286,0.212905884122946,552.7574247244917,176.49199623643653,2.626575961411227,0.9999999999999942
0.37,0.9856260773972065,0.004948777855387015,0.7747079394129538,0.20948948710946177,552.1361697417055,174.70703820233865,1.9913593317713099,0.999999999999746
0.38,0.7380436447838533,0.00452953686371999,0.8225375522841641,0.16703510301511598,547.9202564772831,151.191861785711,0.4028101324287291,0.9999999999999999
0.39,0.9078619834749685,0.004925168435308002,0.7960920224130132,0.19417533314184673,550.4798464085138,166.587852576829,0.39685412182800633,0.9999999999999901
0.4,0.7453215187182558,0.004610407423819291,0.8247335618256822,0.16847166753739154,547.1017836765578,151.6487131052239,0.10357368817435145,1.0
0.41,1.0114235263996645,0.005210921951839966,0.7854114771251794,0.20899932542991986,551.2391643050663,173.87739820081404,-0.47623997741401,0.9999999999999944
0.42,0.795759634322826,0.00480308987050292,0.820821068384468,0.17601234071202623,546.3235434950544,155.80010210739175,0.5009027828416406,1.0
0.43,0.970549371883499,0.005231495554883717,0.7980570576443391,0.20092160553665675,548.2555735424099,169.4235730519746,0.3119379635328983,0.9999999999999427
0.44,0.8707624984135468,0.005056636426707292,0.814485011933129,0.18626611620506117,546.2761716562912,161.3061508789992,0.3125692445998173,0.9999999999999761
0.45,0.9792812086051361,0.005337279522560497,0.8024206827691602,0.20064858208957778,548.1091469334025,168.91114626078146,-0.9479743449398201,0.9999999999999957
0.46,0.9446200488892218,0.005303281744486087,0.8094256389234951,0.19539024328933902,546.769836099117,165.9226673226405,-0.6765435330295412,0.9999999999999876
0.47,0.8248575047344685,0.005042620082341079,0.8259748715655764,0.17965445996529597,544.0612775170221,156.85574538342732,0.13258361417844614,0.9999999999974153
0.48,0.642073422850988,0.004469272768587969,0.8469830279175699,0.15706293674787405,542.1720254393335,142.15243182795103,-0.6491695219639549,0.9999995617960147
0.49,0.6459472407308964,0.004493899883853858,0.8473901571760022,0.15782780010547462,542.1375623340695,142.15087635032498,-0.6541905958263473,0.999975018301647
0.5,0.900478001204832,0.005340121997708054,0.8228604417036529,0.18838498765590628,545.7036209960756,161.22683675096923,-2.499798740114811,0.9999999999999916
0.51,0.7292258248721847,0.004858262573149409,0.841710800297217,0.1683996420473026,542.0548381725165,149.02695620183945,-0.8821813570733884,1.0
0.52,0.9248791443666291,0.005468272013116263,0.8239743104345957,0.19063813570232646,545.1351765568372,162.06090413373158,-2.864872062502918,0.9999999999999971
0.53,0.8175723622475278,0.005195201116427988,0.8358500260977865,0.17864763353899374,541.4823464752336,154.8944785328337,-0.48826025185899846,0.9999999999999987
0.54,0.7169961111331358,0.004882800776291266,0.8460522872551488,0.1677066582674103,543.9840954889582,147.85836173397595,-4.218665267882805,0.9999999999999886
0.55,0.8569399746650589,0.005367898992006414,0.8350613964577349,0.18283506020387785,540.6499207259378,156.92186809709895,-0.342740661355252,0.9999999999999954
0.56,0.6008634696073506,0.004436533068460703,0.8568941260487576,0.1555287706230653,539.0602057124014,139.1074271365716,-1.0493266561251506,0.9999999999999971
0.57,0.6963315536894713,0.004866706417623076,0.8506050482348365,0.1662643933915129,540.254407014222,146.19469989844526,-1.8335860985594528,0.9999999999999993
0.58,0.9379790206426483,0.005682878618287345,0.8325754101054987,0.19059630721839352,544.2109371335466,160.72752787142528,-4.902301510448729,0.9999999999999932
0.59,0.5688555137971405,0.0043205995186539605,0.8608051662128144,0.15334153127448627,538.1543771198943,136.7714593016482,-1.383339041372829,0.9999999999999999
0.6,0.5888117625242986,0.004217917313286148,0.8480372014757409,0.16086033747159853,539.7148105603922,142.60173815612364,-0.8832108685942271,0.9999020606221136
0.61,0.6030315179321071,0.004209194540526627,0.8441400160490924,0.1644582944309435,540.4265066737121,142.48210985980418,-0.8210594216774723,0.9995005756529272
0.62,0.9567113915473036,0.005842891888093257,0.8368247042245285,0.19161126668248546,542.9519809305859,160.42504562609102,-5.360380078659654,0.9999999999999952
0.63,0.5777033003341854,0.00412969534003979,0.8466814667364974,0.16250258780394367,539.4157859913041,142.64328837903747,-0.9060347739063223,0.9998152642165561
0.64,0.5408955668453208,0.004230863933858761,0.8648825355007949,0.15263198853627427,536.3164511435505,135.01208237162103,-1.1861404837834302,0.9999999999999627
0.65,0.5712941978336673,0.004126618392313559,0.8481009420837697,0.16272696464829983,538.7834976430161,142.72969906549994,-0.9697252073879136,0.9998220408165092
0.66,1.2527005052427223,0.006681594975346381,0.8230170598729628,0.21398075245145354,539.2546462649364,171.73828113281107,-2.8998520744107754,0.9999999999999984
0.67,0.8617905527328862,0.005671270704028593,0.8489821071760387,0.1832649174042052,536.3320043598816,154.45972639774763,-0.9124213896155565,0.9999999999999686
0.68,0.8042475861803765,0.0054935193721757525,0.8533948689195271,0.17855610050498627,536.6480111154403,151.38963190319092,-1.6928281165402606,0.999999999999989
0.69,0.5686494990680342,0.004148908396810279,0.849970627025567,0.16399416406769607,538.0537794590304,142.82657713876506,-1.0391883145473777,0.9997866781752569
0.7,0.8581940011283631,0.005721562404615969,0.8521231586739049,0.18312675800891381,535.6327727676984,153.70757259136462,-1.2486170063022577,0.9999999999999872
0.71,0.7769410424234592,0.005449154344303115,0.8574872773223254,0.17673395542845288,535.5702427007858,149.58889672043017,-1.6278330413244486,0.999999999999998
0.72,0.5082901165400054,0.004120665068510213,0.8696514598747056,0.15282194167136684,534.2895393677937,133.25026262430356,-1.3360792389429073,0.9999999999999832
0.73,0.8661135189030105,0.005807704507512219,0.854431071936737,0.18392640711885994,541.7249488896351,153.5234909441348,-8.29962459001051,0.9999999999994872
0.74,0.7679676632816974,0.0054677227362452,0.8602857063864325,0.17652752656751405,534.2524850693299,148.78940068202928,-1.2175525993783898,0.9999999999999999
0.75,0.6055309614617853,0.004743018025498053,0.8682343073754437,0.1632788832852877,534.0095562943621,139.96778863590418,-1.483238296157429,0.999999999999998
0.76,0.7610850421133196,0.005474438547539274,0.8620838657875787,0.17635517769287895,532.6234414583047,148.23928304831932,-0.16132511517310333,0.9999999999996213
0.77,1.030029319831667,0.006397068982245103,0.8499109437560017,0.19528281944899775,538.3939441634791,159.29253206836967,-6.188352472822506,0.9999999999999793
0.78,0.7844280146014658,0.005600208525658348,0.862433432472886,0.17845790404108186,532.2918844097547,149.1067456050337,-0.36841576643372426,0.9999999999999969
0.79,0.7723880071814029,0.00556919720306612,0.8636771523466943,0.17774325320662152,532.1521610831878,148.44727935656988,-0.4997374044165392,0.9999999999999973
0.8,0.8439590414992892,0.005857363322112646,0.8612074034370784,0.18296696208694163,537.5165329373666,151.43002068102942,-6.135820943682799,0.9999999999999997
0.81,0.748677132169348,0.005504280884249098,0.8660306015734803,0.1763837049423018,531.4169529876849,147.16855159320946,-0.28343307778808746,0.9999999999998443
0.82,0.7345311163092272,0.005459833543777149,0.867243831935228,0.17555551516518592,532.5369624987923,146.43465495773899,-1.6516043718090803,0.9999999999999969
0.83,0.7455966737998726,0.0055220158978595115,0.8674229494606346,0.17655785095992263,533.0290827821265,146.84987215618327,-2.391854236340945,0.9999999999999989
0.84,0.7155351098736665,0.005406584579575436,0.8691940436452379,0.17460670913173418,536.4229122356526,145.4102954798984,-6.015116204238421,0.999999999999993
0.85,0.7699275610486931,0.0056533079754025025,0.867710428353977,0.17863665420199948,532.4533172825134,147.72107896671736,-2.3121440718960473,0.9999999999999952
0.86,0.7367708017256465,0.005528762633647564,0.8695738845099382,0.1765429373898443,530.7617512600602,146.20761596039353,-0.8332043932465879,0.9999999999999934
0.87,0.756973504828368,0.005629345441304693,0.8694164320924032,0.17812596838595196,532.2742495273317,146.9865433475693,-2.5927410529754256,0.9999999999999983
0.88,0.7340598445265331,0.005545666692602893,0.8708265361147123,0.17676733893211366,536.7558211745907,145.93192228181482,-7.280763359767269,0.999999999999999
0.89,0.7679429478699908,0.005704121462076734,0.8701939987215528,0.17922739154497747,532.1087159422532,147.25608835345307,-2.893047323355904,0.9999999999999979
0.9,0.7350790105145062,0.005578179266170437,0.8719110371511585,0.17724656648065046,535.1664412860789,145.82010103889272,-6.134192905899648,0.9999999999999948
0.91,0.8899408046301314,0.006199434259885063,0.8670089590212872,0.1870234474086927,530.4101828803473,151.58571391728705,-1.8079579213670152,0.9999999999999946
0.92,0.9719702158879457,0.006490408143955102,0.864723486120855,0.19168903396329606,534.2763911198125,154.14791905815056,-6.029427739942644,0.9999999999999996
0.93,0.7140761498952075,0.005524894879728444,0.8742004621304547,0.17648065976710464,534.8616792994053,144.73213973119596,-6.437352235996313,1.0
0.94,0.7309521908458693,0.005614297408940045,0.8741893494800629,0.17779365485506124,530.7455206981172,145.35268555050618,-2.551850801521712,0.9999999999999981
0.95,0.7427103787848838,0.005679509532965951,0.8743409390296085,0.1787443187892489,530.5755449144615,145.7446996688726,-2.6046020341838574,0.9999999999999978
0.96,1.012029164894436,0.006678973745751599,0.8660546368885571,0.19393802640026966,531.5247990643397,154.67888482721648,-4.2443812478051415,0.999999999999997
0.97,0.8225155694301396,0.00603628809507936,0.8728823519611935,0.18389167115402466,534.0644557431864,148.508196684219,-6.6417105003252015,0.999999999999939
0.98,0.7411863224987849,0.005712055399231358,0.87591448481069,0.1792386841533124,530.6930207753261,145.46036288884608,-3.3148974680543044,0.9999999999999966
0.99,0.6260562370010456,0.005160936696462173,0.8794239585930602,0.17195369082295844,529.7942543666178,140.6743106560539,-2.3859926405541696,0.9999999999999969
1.0,0.9474694767411249,0.006529972909139617,0.8706417136018372,0.19094134459690548,528.1766643708622,152.1479669239361,-1.6094488603550874,0.9999999999994887
1.01,0.7201945286170389,0.0056553502147593466,0.8779630498172106,0.17855489084185028,533.5795127834256,144.4554808411766,-6.7277681321193326,0.9999999999980352
1.02,0.7272831340124695,0.005700091156317875,0.8782380494184785,0.17918864619250352,533.3149932651751,144.65738629152526,-6.662256902604377,0.9999999999999994
1.03,0.6990541232421389,0.005580565053350574,0.879436992917413,0.17767947673281584,529.3883073270821,143.52912247165705,-2.8532713175748725,0.9999999999999999
1.04,0.7387043687839606,0.005776178705259053,0.8788603162154711,0.1802603629032113,532.8938049470862,144.94048631135064,-6.628757396885945,0.9999999999999986
1.05,0.7199428424109839,0.0057027636030812685,0.8798022241549548,0.17935679717183084,529.8581044980021,144.19425919784186,-3.7257379673283655,0.9999999999999979
1.06,0.6818251894878053,0.005532039455029557,0.8811681766923894,0.17727436090715443,529.8359646809043,142.7127797369454,-3.783735508215815,0.9999999999999843
1.07,0.6889306394797199,0.005578571180565594,0.8814288587319312,0.17792451797262937,533.0695647956676,142.93260679846406,-7.204950284761405,0.9999999999999997
1.08,0.6619665722719856,0.005454560308683038,0.8824454514993287,0.1764988610379423,535.0453745521576,141.8579437657788,-9.278519226346171,0.9999999999999994
1.09,0.7234204571280114,0.005765882641914835,0.881467863947263,0.18035944851933505,528.9701615886821,144.07236950645182,-3.530663310158896,0.9999999999999808
1.1,0.663254395414313,0.005483517318950872,0.8832297154989305,0.17702968026256494,534.8236002373674,141.8246558432407,-9.386654879640712,0.9999999999999684
1.11,0.6432152933022225,0.0053892178107087,0.8840200870409316,0.17602586190523342,534.4197536384432,141.01560519133756,-9.087060492192302,0.9999999999999789
1.12,0.724968649659009,0.005807374428560782,0.8826967811972961,0.18103562075026663,529.0233940761682,143.94362210465837,-4.079447057114485,0.9999999999999998
1.13,0.66665302168965,0.005533921907970017,0.8843494447989975,0.17789894762644232,529.1946590630838,141.8263364034122,-4.242994866549685,0.9999999999999974
1.14,1.0498369817197,0.0070474518428367584,0.8755310565300735,0.19654735422604838,528.4512249522306,152.86619086763608,-4.698543059431751,0.9999999999999919
1.15,0.7258825999160585,0.005845147929762786,0.8839013564202812,0.181666711255993,527.7099317070008,143.79524585853954,-3.242345379995832,0.9999999999999999
1.16,0.7030398754151809,0.005747796640786303,0.8847839006586957,0.1806125359651029,527.7122004874087,142.97221107797884,-3.3304142607766343,0.9999999999999993
1.17,0.6639390143087559,0.005562713360392005,0.885930507155787,0.17860975098649623,534.0910210388912,141.56195360234784,-9.740049623880942,0.9999999999999982
1.18,0.6754289363861549,0.005632264553456258,0.8860921973619538,0.179479565446632,533.7826207484601,141.92552993535776,-9.615669995416756,0.9999999999999873
1.19,0.8291733936552931,0.0063350110416664105,0.8832073448596407,0.18755325161455022,526.4004049022277,146.66166158116113,-2.850054840547019,0.9999999999999979
1.2,0.6930127548750143,0.005741406054912896,0.8865064975946442,0.18086649080443484,527.2010713156105,142.43334846155525,-3.382329227622603,0.9999999999999988
1.21,0.668674805588612,0.005628869940108475,0.8873175331943667,0.1797290989207023,527.9445522818725,141.56361653923122,-4.19061618875126,0.9999999999999878
1.22,0.66935072690174,0.005642606536382545,0.8876656450830376,0.17997556656427144,528.0759904199476,141.5453287269777,-4.465845821327575,0.9999999999999967
1.23,0.6656380839143935,0.005633538934775522,0.8880848243098473,0.1799780893105392,536.70210848823,141.37798762903034,-13.219497834465445,0.999999999999998
1.24,0.6083669865351536,0.005328458828463584,0.8892633217837723,0.17689790625508953,533.3732527563816,139.30855353269175,-9.830103205787028,0.9999999999999999
1.25,0.6220942112347402,0.005417122044593953,0.8894286523010385,0.17793501278593818,527.4979929571596,139.78494921082896,-4.138339486944997,1.0
1.26,0.6275553626087444,0.00545769368367942,0.8896930004635814,0.17847163243708283,533.2621433981024,139.95095589146624,-10.05578559189508,0.9999999999999996
1.27,0.6386528338412134,0.005529047254219986,0.8898768030689507,0.17931839556656803,527.4752805634197,140.30764803131078,-4.441415672284502,0.999999999999988
1.28,0.6737601649705266,0.00572549171564577,0.8896862313544867,0.18144065210247748,527.4700946163216,141.44283476823927,-4.69338897893812,0.9999999999999669
1.29,0.6143236178345886,0.005411320774533983,0.8908460516079183,0.1783681476288595,533.0302079541112,139.39728736440227,-10.168392132005978,0.9999999999999967
1.3,0.7079148792195545,0.005916021415469591,0.8898009189189225,0.1835858602521757,526.308094777451,142.4201358264021,-3.914057038647688,0.9999999999999565
1.31,0.6299424764029461,0.005519181285087808,0.8913049639119899,0.1796837613146261,532.6092407815303,139.88291467721828,-10.061151258944959,0.9999999999999827
1.32,0.5820360317051216,0.005246298694452297,0.892103610306282,0.17714328333681917,532.691787005357,138.1624443539035,-10.084858655580938,0.9999999999999989
1.33,0.6250036093168965,0.005510183738591137,0.8920017817550215,0.17983361765013842,528.5891428182128,139.6558448040307,-6.272940638049101,0.9999999999999843
1.34,0.5879380036198399,0.005301095377797551,0.8926761134051471,0.17794178663971755,532.502544496017,138.3390940938813,-10.164259391215761,0.9999999999999984
1.35,0.5887495397718944,0.00531520560705601,0.8929751268184717,0.1782108032844575,532.33361040691,138.34802433661548,-10.119527838946118,0.9999999999999539
1.36,0.6136962484033872,0.005473065562054869,0.8930569149137592,0.17984255007255615,532.3756520648503,139.19032780401412,-10.381326245829603,0.9999999999999906
1.37,0.6056916458009102,0.005435284628936862,0.8934383610963736,0.17960976201042772,532.3568477365365,138.8932989640842,-10.449908493368529,0.9999999999999923
1.38,0.590823661446433,0.005355031235838074,0.8938623305021367,0.17898600392955505,532.070470839345,138.35877498513165,-10.220985954317761,0.9999999999999897
1.39,0.6095113510492436,0.005475844470888429,0.8940034188134597,0.18024386238000434,532.1303233958097,138.97194784619208,-10.47392086800351,0.9999999999999862
1.4,0.6057537052554919,0.005462657483251137,0.8943338396157384,0.1802472665024962,532.0079090770324,138.82155112856685,-10.452047533361924,0.9999999999999949
1.41,1.2902956722422814,0.008035532743909958,0.8831627909411677,0.20573713094548593,523.7966324304301,153.75439289882848,-4.528129907168892,0.9999999999999841
1.42,0.6160322959745639,0.005540669210359169,0.8948279815677211,0.18121791479037488,531.9090156723234,139.10735971227015,-10.624057859956977,0.9999999999999989
1.43,0.6064764168829324,0.005493510494700165,0.8952032822998146,0.18091037896632453,531.9291915923922,138.7711720185508,-10.717372952445995,0.9999999999999784
1.44,0.5955572459654552,0.005436883171617908,0.8955749477562114,0.18052422822247913,531.8102587658076,138.38847218965836,-10.66390838722991,0.9999999999999982
1.45,0.6195036966149001,0.00558714260156529,0.8956628537250659,0.1820086311029995,531.6187335144015,139.13636731732336,-10.683728020262414,0.9999999999999761
1.46,0.577784820713873,0.005344354492324199,0.89624589347921,0.17996034682597617,531.4307026237856,137.75237186432835,-10.426918210365228,1.0
1.47,0.6215626261287435,0.005616379092014303,0.8962119344152653,0.18251379099329462,524.8254761759781,139.14519288112393,-4.117810761516214,0.9999999999999982
1.48,0.6071030155916123,0.005540601672775592,0.8966145883546277,0.18196124221657958,525.8642828323464,138.66681698501256,-5.20300512528525,0.9999999999999997
1.49,0.6754529805138668,0.0059282982445711405,0.8961948519421625,0.1855370653197386,528.4267605304165,140.66189266268003,-8.156295247272082,1.0
1.5,0.6758774000180384,0.005939179655338645,0.896473841155805,0.18573852773913618,528.7240022020154,140.63594809991073,-8.562131138085407,0.9999999999999943
1.51,0.6064514847186675,0.005562236022940832,0.8974445137598192,0.1825256411926594,531.1564119023333,138.57185735383922,-10.80934929681802,0.9999999999999853
1.52,0.5849915241046556,0.005440237239102836,0.8978488222845477,0.18159589526641629,531.0775210648077,137.87190487463064,-10.73943787983799,0.9999999999999833
1.53,0.6023232542270811,0.005554379932288545,0.8980132281850226,0.18270744667955904,531.0815616515197,138.39540487961418,-10.92305322389102,0.9999999999999932
1.54,0.6003427987627009,0.005550801524450919,0.8982929675028871,0.1828021822892371,531.0351691586503,138.31054492810813,-10.969827362848212,0.9999999999999951
1.55,0.6278239014174273,0.005720049145572796,0.8983498205584233,0.18437522604566037,529.6976024644205,139.1072265135992,-9.85365063810932,0.9999999999999981
1.56,0.6401474862340287,0.005797765261793208,0.8985051188030931,0.18515743582213176,525.2706772777495,139.4314193180446,-5.580296666352258,0.9999999999999993
1.57,0.5869061253274251,0.005493367113809143,0.8991555480818649,0.18269659802722102,530.8432471162992,137.82814140348404,-11.017685557174838,0.9999999999999407
1.58,0.594776917113576,0.005549914111404115,0.8993727107116222,0.18329865129957743,530.7132510332779,138.0481514565278,-11.021680974647238,0.9999999999999931
1.59,0.5869537629187896,0.005509891977056452,0.8996694130266231,0.18309158579677615,530.2539683521012,137.78744322145363,-10.624287028174338,0.999999999999862
1.6,0.570393792247262,0.0054132783441703785,0.8999843064180771,0.18242220765425282,530.4597527660566,137.25311915410956,-10.849714872186267,1.0
1.61,0.5735789414808771,0.005441705635743262,0.9002267118897205,0.18278777242587202,530.4485119377922,137.3345125803539,-10.948972004341156,0.999999999999983
1.62,0.6268594698511217,0.005771753849383669,0.9001783954908111,0.1856318629614792,529.4535479429117,138.8822104505499,-10.291501190915309,0.9999999999999402
1.63,0.5732957901712735,0.005455779786445561,0.9007258819765069,0.18316442587503823,530.4983252778438,137.28828135171477,-11.186288680470808,0.9999999999999962
1.64,0.5868331894574802,0.005549051340074683,0.9009247820720193,0.18405068026278978,530.3507901249312,137.67838824632764,-11.195537515065002,0.999999999999981
1.65,0.5865444388348128,0.005555127343077086,0.9011719007046275,0.18422656824066827,530.3284527406697,137.64879632413533,-11.264518624421953,0.9999999999999292
1.66,0.5899953683309074,0.005584359095046276,0.9014017802257843,0.1845880262878883,530.2134111770739,137.72903725883313,-11.257539883483503,0.9999999999999986
1.67,0.6005739536791225,0.005656792379475907,0.9015935267170699,0.18529401333792941,528.8389520257551,138.01225220790414,-10.023399276320266,0.9999999999999987
1.68,0.6159335500177107,0.0057559662495171625,0.9017452861198398,0.18620985621696048,529.1135434420643,138.41836663220053,-10.458928721275376,0.9999999999999977
1.69,1.3762806813922766,0.008521990986591232,0.8922385071250098,0.2091048290161,522.5896076792732,151.6571181943947,-6.488569856099789,0.9999999999999999
1.7,0.6115701494709965,0.005745801202918879,0.902254464578286,0.18636641324255077,530.2469536929905,138.2476482325037,-11.751769129863582,0.9999999999999948
1.71,0.5602211023482689,0.005432867295973392,0.9026761377738449,0.18402878955037597,530.1033457133989,136.74759739116928,-11.453319361316696,0.9999999999999825
1.72,0.8487559561525905,0.006913405863375423,0.9001723772467666,0.1959174433859019,528.4531597409134,143.56138384342267,-11.092552925935745,0.9999999999999909
1.73,0.54253105143905,0.00532875865123102,0.9031329804618885,0.18348662839996302,529.8120124503738,136.17464059483677,-11.247932633171809,0.999999999999937
1.74,0.561942953556358,0.005466934208465062,0.9033716764214857,0.18468392215207408,529.6243656742004,136.74831685847855,-11.242884886918755,0.9999999999999983
1.75,0.5914300825747678,0.005662278760435651,0.9035286316362809,0.18631706558221603,529.6480951716179,137.5748609416815,-11.494537547236757,0.9999999999999983
1.76,0.5554752600209525,0.005439038014681027,0.903831608243205,0.18472974451311333,529.7019336811629,136.52300101525407,-11.458476360025351,0.9999999999999981
1.77,0.6130599615414546,0.0058078213990031885,0.9038835161400216,0.18767745824890228,529.4336855113835,138.11383932355352,-11.550927917329558,0.9999999999999771
1.78,0.5636829486663537,0.005508222193572416,0.9042799881117504,0.18551396242485618,529.6437495251125,136.72996159293825,-11.60853549370385,0.9999999999999845
1.79,0.6196409411054552,0.005861355568739878,0.9043007780604363,0.1883195037912741,527.6910609799578,138.23517518846884,-10.005772860445866,0.9999999999999987
1.8,0.5820251888767713,0.0056408620080782975,0.9046931925124035,0.18676749183913272,529.346421549375,137.2098929877858,-11.56614423435163,0.9999999999999986
1.81,0.5872720867838469,0.005681079854269134,0.9048996708694184,0.18719258275567924,529.4156850270501,137.33277748728338,-11.742487141588885,0.9999999999999981
1.82,0.5809437623004583,0.005648701495076182,0.9051391201184943,0.18707206747914873,529.1498799091211,137.13995835356036,-11.527232756947463,0.9999999999999895
1.83,0.6045761866136781,0.005801610521848751,0.9052732587179293,0.18833479079686996,529.47824041801,137.74784821698054,-12.049313207036441,0.9999999999999968
1.84,0.8058427226347536,0.0068273028263562685,0.9036637576276233,0.19615335923191932,526.9800349156379,142.14488546371044,-10.475697425470486,0.9999999999999947
1.85,0.5463638643764749,0.00544338156901322,0.9058136110818864,0.18592877738862224,529.3379623012314,136.115232631531,-11.78232461874357,0.9999999999999996
1.86,0.5876048436433169,0.005719464331846945,0.9059913036035117,0.18808238786291046,529.1293515659244,137.23709910608972,-11.857669265905786,0.9999999999999974
1.87,0.6226323458397135,0.005937255919153525,0.9060521806933234,0.1898017069969207,528.9866097475459,138.1070694553156,-11.958926464138173,0.9999999999999999
1.88,0.5662160789741975,0.005597382975684198,0.906460473044766,0.1874331508483841,529.0468963737034,136.62370059851372,-11.825842326416375,0.9999999999999977
1.89,0.6501969906079998,0.006107561396680412,0.9063068429485502,0.19127209494019895,528.5535756913481,138.7119625714506,-11.80643143344671,0.9999999999999989
1.9,1.0541313081157508,0.007795159131459556,0.9021449262841832,0.20377196600742617,524.6511439616637,145.80667746279272,-9.447514675251977,0.9999999999999747
1.91,0.5943806028935873,0.005797005740636565,0.9070313166440535,0.18924118595935285,528.8308832170235,137.3066356467743,-11.977530055868764,0.9999999999999939
1.92,0.5749328103939799,0.005682012445356165,0.9072887902480978,0.18853341527557133,523.2184620579113,136.78329098063844,-6.345565566208748,0.9999999999999952
1.93,0.5600971161636843,0.005592396719925436,0.9075076192142784,0.18801492497297279,528.6858819652514,136.3698558733174,-11.813542179241857,0.9999999999999968
1.94,0.5716692024449894,0.005675003415267718,0.9077059909829517,0.18872495727207217,528.6579009257609,136.65986241652388,-11.918005840588325,0.9999999999999972
1.95,0.5595779340989666,0.005602865321192945,0.9079171470276706,0.1883352382168865,528.8068914189033,136.32169324869054,-12.079983522576077,0.9999999999999999
1.96,0.5666676176358777,0.005656411380075888,0.9081183653249284,0.1888352298746769,528.5784413118037,136.49206459696555,-11.960614593992448,0.9999999999999982
1.97,0.5066242337218728,0.005242499216586888,0.9081230324003112,0.18606074760786334,528.9451186285029,134.79802562680425,-12.083869276352818,0.999999999999998
1.98,0.5885852141497911,0.005809868262294097,0.9084853607299186,0.19015183793332377,528.430248846893,137.0133361360152,-12.066080336028895,0.9999999999999988
1.99,0.5418957678220861,0.005510716783755392,0.9087009022974487,0.18818398362265562,528.6672640385855,135.78023650408304,-12.139207642524662,0.9999999999999981
2.0,0.6117442560806903,0.005964404756038872,0.9088053786332934,0.1914608436888285,528.4631171847427,137.53015987373132,-12.353416952952141,0.9999999999999986
2.01,0.5782005044304349,0.005764965719228992,0.9091054899167694,0.19019014795695838,528.5245294063143,136.6944500109181,-12.323319059963985,0.9999999999999998
2.02,0.569644879464815,0.00571676345535767,0.9093127830760335,0.18997523135846794,526.669309104873,136.46017414057147,-10.495760877920466,0.9999999999999964
2.03,0.5639371188414892,0.0056862557566760554,0.9095112732108196,0.18988440085006214,528.2146523035768,136.29704338183123,-12.082177220896419,0.9999999999999998
2.04,0.5170210216565813,0.005367413780886767,0.909579516738495,0.187828203166265,528.4260728029257,135.02394048029683,-12.116427415122608,0.9999999999999921
2.05,0.5712643384576231,0.005747413066981935,0.9098954922337977,0.1905396459322734,528.2583681752834,136.44592895941616,-12.301159689014506,0.9999999999999863
2.06,0.5681306062581809,0.005733760437437062,0.9100903397168102,0.19056438808313778,528.076445579226,136.3495861478938,-12.171956937251657,0.9999999999999896
2.07,0.5458090705688406,0.005591441272374836,0.9102676968967149,0.18971990309361547,528.2159162097958,135.76360424786154,-12.264998642282452,0.9999999999999974
2.08,0.5344469012219566,0.005519238979025385,0.9104280700353238,0.18935522195013169,528.2065132720797,135.4497127873207,-12.263329076500177,0.9999999999999999
2.09,0.5140134664952803,0.0053784923793314034,0.9105175353247826,0.18853568276709107,528.1752428925322,134.88152181003105,-12.188755427794417,0.9999999999999996
2.1,0.6050468595568745,0.005991369659443984,0.9107746313576454,0.19275999891811538,520.1626951118393,137.15014235494996,-4.70893278379171,0.9999999999999988
2.11,0.5745166142266691,0.005808060594676805,0.9110333467197377,0.19164690173604607,527.8584342297497,136.41467550375938,-12.321704893664208,0.9999999999999917
2.12,0.539518556673855,0.005580948531454237,0.9111947041455537,0.1902537810201394,528.1564937629933,135.52519549710948,-12.505929265008119,0.9999999999999962
2.13,0.5142351635954804,0.005406329939016715,0.9112672775784048,0.18922086405183852,528.1379374233231,134.84104351089607,-12.416604050746782,0.9999999999999957
2.14,0.5783201997726057,0.005851925871955402,0.9115862958338177,0.1922816343776527,528.0195804115248,136.44911769765451,-12.698041701438399,0.9999999999999891
2.15,0.5969678380724768,0.005974890426097653,0.9117321257958181,0.1932045284005161,526.5965905019918,136.86019335852347,-11.431071773441595,0.9999999999999983
2.16,0.7032152402296681,0.00657169295887381,0.9113340184256739,0.19723173761529192,525.6087187358509,139.01977652363271,-10.985797562138838,0.9999999999999972
2.17,0.562350929566851,0.0057677850494862095,0.9121444214563131,0.1920730231016803,527.7519626536339,136.01463289566533,-12.542571136611803,0.9999999999999903
2.18,0.5860415235330896,0.005926469791203909,0.9123046824780002,0.19322111589725216,527.7063616850534,136.5513810621698,-12.678828712179945,0.9999999999999971
2.19,0.5055243230083937,0.005379903330205529,0.9123012378010876,0.1897916746459273,527.708144126438,134.53631076428914,-12.322151342252125,0.9999999999999994
2.2,0.5205458054186809,0.005497613373049808,0.9125777414328337,0.19067399793362086,527.7293690649105,134.92384910189364,-12.48879396294525,0.9999999999999984
2.21,1.3509082415132343,0.008861962255276258,0.9063039475797017,0.21227142038658026,521.1636040910291,147.09860252236652,-8.84073044854448,0.9999999999925552
2.22,0.5723174064869668,0.005864607638012256,0.9130382588077425,0.1932692953390724,527.5409745162509,136.1612836124675,-12.694784663211948,0.999999999999975
2.23,0.5323803547244709,0.005601401970346723,0.9131621190807272,0.19169852084473354,521.5761822706604,135.18611902758366,-6.584826559296112,0.999999999999996
2.24,0.5573195993712698,0.005778807632324704,0.9133900464953533,0.192947058360521,527.5009517014049,135.77691966858671,-12.701124790993806,0.9999999999999757
2.25,0.5552196963810916,0.005771033351116837,0.9135631450955967,0.19301155589005717,525.5760131207742,135.7108979747307,-10.826072325421256,0.9999999999999979
2.26,0.5458562379799555,0.0057138833813021135,0.9137237842264211,0.192763417158054,527.1588433346549,135.47219172547616,-12.420756719371697,0.999999999999439
2.27,0.537496476552446,0.00566232980541248,0.9138762850717518,0.19255323931296717,521.9515481491021,135.2553983927648,-7.229373160875581,0.9999999999999899
2.28,0.5446522975275012,0.0057180445806233274,0.9140663212092512,0.19301965260424606,527.2886987373653,135.41298766834387,-12.663737558452102,0.9999999999999533
2.29,0.6534076406747856,0.006391264760737794,0.9139947365423168,0.19735416662308833,525.5552902282166,137.7175355374311,-11.513713385486481,0.999999999999989
2.3,0.6188332881879238,0.00620072927537267,0.9143236027800428,0.19626509915872936,517.2886046573775,137.00947546724865,-3.1480322216534486,0.9999999999998388
2.31,0.4895644794298807,0.0053320825869015084,0.9142600278157991,0.19095900411750558,518.9013201852409,133.98355528449576,-4.151250730596867,0.9999999999999838
2.32,0.5459556203902077,0.005751588079142841,0.9147499762441621,0.19368508866634623,519.2126363813312,135.38271112433057,-4.829254160830894,0.9999999999999875
2.33,0.5259920885154378,0.005617906393749867,0.9148567716039294,0.19297057285489094,527.2010103302974,134.89179518239058,-12.769685000563047,0.9999999999999989
2.34,0.5194002061620396,0.00557635889389291,0.9149931435841492,0.19282977562030174,527.2443914759886,134.71726574389442,-12.834873989663164,0.9999999999999954
2.35,0.543578437131049,0.005753548124939817,0.9152475779466684,0.19403612052538477,527.1871048067561,135.2817772879631,-12.96378229925192,0.9999999999999972
2.36,0.48936519901421366,0.005361118305479018,0.9151014010103435,0.19174181429916057,527.4683226145296,133.9303497109653,-13.004944705546094,1.0
2.37,0.5914212563023107,0.006077905794983901,0.9155779483789416,0.19624345052007217,518.5349697992989,136.30054770026408,-4.665633461222146,0.9999999999999999
2.38,0.5721492298566438,0.005988028180073686,0.9169641745427085,0.19494965242535475,525.560073801339,135.23413305720968,-11.796037078166444,0.9999957461842647
2.39,0.545953308950364,0.00579393227098029,0.9159116963185617,0.19473093104235248,526.879773372876,135.2758833393434,-12.894134317567081,0.9999999999999997
2.4,0.527054913361261,0.005667792966872765,0.9160186469248055,0.1940778307094722,527.1345429670718,134.82342580107394,-13.104620407168468,0.9999999999999979
2.41,0.5609166297915603,0.005906502220603533,0.9162546013547328,0.19563278873180937,525.0803938956949,135.5778251348851,-11.282268693815041,0.9999999999999943
2.42,0.5750093181211852,0.00600425183232696,0.9164148872450598,0.19632954553770415,526.8774334142257,135.86366993980832,-13.204810180484714,0.9999999999999637
2.43,0.507634204592436,0.005543503638906625,0.91640027202671,0.1936705346190048,527.1315989170097,134.31898460350914,-13.160610505930228,0.9999999999999912
2.44,0.5006634152548494,0.005496701580437814,0.916510601868767,0.1935050460535391,526.8558660675717,134.13609007258617,-12.900360015786463,0.9999999999999993
2.45,0.5361901187541815,0.005762037013428952,0.9168548661204117,0.19520496669989224,520.3410744680328,134.96567984762305,-6.632758569165575,0.9999999999999999
2.46,0.5392083652490394,0.0057889478822363465,0.917021922775839,0.19547574489551156,526.4758768618229,135.01943147604285,-12.837101694876512,0.999999999999991
2.47,0.4965980654440389,0.005483220049166359,0.9169562809427794,0.19377079906615755,526.8862195539134,134.0030116088653,-13.069136848028558,0.9999999999999934
2.48,0.5201553419087271,0.00566535870099522,0.9172673037766541,0.19496435336550128,527.0418581007453,134.55646362068816,-13.408115585558402,1.0
2.49,0.5822325256945858,0.006091347350330636,0.9175194734341565,0.19758683220916223,524.713827177925,135.88878702536363,-11.451689177504347,0.999999999999995
2.5,0.5186423674067888,0.005666006812440227,0.9175729030027702,0.19519155071931305,526.517980791706,134.4957989090625,-12.98141721579925,0.9999999999999967
2.51,0.5230850984492039,0.005704023343321376,0.917749243670636,0.1955259781768996,525.8476536699885,134.58515808691732,-12.38732145976293,0.9999999999999916
2.52,1.1895608733986138,0.008625579332790978,0.9137227352580634,0.21232797504349255,520.1572712733999,143.85899182557813,-9.13440443372877,1.0
2.53,0.523070778646203,0.00571547756750211,0.9180580263508403,0.19581373952580117,526.5778285020881,134.55870646525946,-13.221049597793614,0.9999999999999867
2.54,0.549341526884841,0.005904900517112253,0.918287091890097,0.19702486799571836,526.3876440492252,135.12216368492244,-13.220074701458735,0.9999999999999916
2.55,0.5030741105674603,0.005579214874469496,0.9182515932071715,0.1952426953555167,526.4481531614191,134.0715012005221,-13.084732880391416,0.9999999999999989
2.56,0.5385440266232536,0.005842207903580763,0.9185693363853401,0.19687592780215268,520.6372234150338,134.86063264124476,-7.515607810829845,0.9999999999999892
2.57,0.522204454859929,0.005732150266122215,0.9186641024420095,0.1963487837276318,526.7227271545171,134.48709556494305,-13.565221023333367,0.9999999999999976
2.58,0.5333740672670139,0.00581744577415746,0.918856589598046,0.19694825360276372,525.7158926425883,134.7202238631415,-12.66797330202205,0.9999999999999821
2.59,0.5357715199810111,0.005839932229287436,0.9190138406136811,0.19718451908839899,526.2941143071481,134.75815226241386,-13.308766456062234,0.9999999999999999
2.6,0.5166314167232509,0.005708667652184081,0.9190887643963378,0.19654077376671542,526.2281718226985,134.32393357231243,-13.190784510678872,0.9999999999999957
2.61,1.3288784359493584,0.009058696120030919,0.9142517845764241,0.21512965235445614,520.3464921683621,144.59498415389808,-10.08098329093312,0.9999999999999906
2.62,0.46706617891727964,0.005333043998249443,0.918952296113672,0.194617025886409,519.9371837182157,133.12422277099924,-6.718244006015778,0.9999999999999994
2.63,0.5113850806399767,0.005686937841037182,0.9195064467576844,0.19674317603041563,526.5743791238257,134.169257462675,-13.656339530259237,0.9999999999999993
2.64,0.5187809546419936,0.00574686704058942,0.9196918617437642,0.19719092767339508,525.8495745263531,134.32136979997253,-13.02029444551891,0.999999999999995
2.65,0.5810785267118594,0.006174973402858331,0.9199371780318794,0.19970788122748567,524.3194272541981,135.58471749853342,-11.855842776227965,0.9999999999999964
2.66,0.47231477116938936,0.005399096723637419,0.9196137855477495,0.19544476977771322,526.0540484384607,133.2209135644117,-13.061212378120759,0.9999999999999916
2.67,1.2890254777773604,0.008989252470104346,0.9155558116682263,0.21507520754883355,518.7385870329128,143.98425452507374,-8.658249238721847,0.9999999999999998
2.68,0.5366846283144454,0.005896664580356194,0.9203391353987463,0.1984574890296286,526.1308997821619,134.651306875062,-13.5884628603854,0.9999999999999976
2.69,0.5570162116683304,0.006040782556147913,0.9205178081077319,0.19936435634681451,520.1359142082324,135.0500289278775,-7.744556927653674,0.9999999999999999
2.7,0.43552403709653714,0.005102458299802038,0.9196092327357435,0.194232002525605,520.076428769562,132.24793492650517,-7.051504751745107,0.9999999999999922
2.71,0.5264057763416164,0.005840648752097078,0.9207371129054105,0.19845975936867666,525.9087114078054,134.3951403176228,-13.454096807093778,0.9999999999999984
2.72,0.5348421152220159,0.005905792721468601,0.9209066847367555,0.19892485618470263,526.0248312528756,134.55757333988865,-13.661077372892699,0.9999999999999942
2.73,0.5349163864872829,0.005911779766542691,0.9210486621853113,0.19906150761188504,524.2798974992731,134.54528332244433,-11.962999557458984,0.9999999999999705
2.74,0.4860838268653149,0.005602595418156145,0.9230519807189734,0.19605212823018126,525.5983917452678,132.3275447079532,-13.316921656972136,0.9999846064861581
2.75,0.4985073238615246,0.005656425648921522,0.921156738428344,0.19786493301013877,525.7252249804261,133.74287709244797,-13.30573974975613,0.9999999999999974
2.76,0.5122808664206717,0.005765370929326514,0.9213814994975885,0.1985694648220397,525.9592286098946,134.0318350812176,-13.660800711985436,0.9999999999999755
2.77,1.157255299751607,0.008674969167984076,0.9180934632424699,0.2140400630108751,521.3908725771961,142.45009688292902,-11.439067853253944,0.9999999999999963
2.78,0.5350375597150925,0.005939750510807555,0.9217490955800195,0.19972920651847154,525.6999569919709,134.47913365782566,-13.612494379059738,0.9999999999999983
2.79,0.530978939385444,0.0059166094139809665,0.9218758424490313,0.19970576628510062,525.8916518818489,134.383387249197,-13.828250863772716,0.9999999999999861
2.8,0.5035275587519695,0.005721668113629072,0.9218883463006851,0.1987508174525713,525.6752547391593,133.7965736173841,-13.51060939256167,0.9999999999999828
2.81,0.4924592457096186,0.00564235825244328,0.9219491952072711,0.19842573814903347,525.8070789798417,133.5439214363727,-13.626204255551398,0.9999999999999107
2.82,0.5268010712699629,0.005937469159721861,0.9238437419782003,0.19904547974695427,523.3618775217908,133.39304124163556,-11.587924077091065,0.9999914938937462
2.83,0.6635606841458254,0.006755723866223733,0.9222442808012346,0.20458449765134923,524.5435746721444,136.6562563312862,-13.275836336910263,0.9999999999999979
2.84,0.5090686880387608,0.005784607809648737,0.9224688183446418,0.1995073699653441,525.4504733354313,133.86806120857463,-13.49357130254979,0.9999999999999996
2.85,0.5307125524997891,0.005946770504002581,0.922694533229367,0.20047859655128217,525.3592447341143,134.29801074750773,-13.560383935560704,0.9999999999999926
2.86,0.5318834077145406,0.005960325255536991,0.9228328881615673,0.2006517051459763,518.8216406796788,134.30785592791344,-7.072403193593281,0.9999999999999273
2.87,0.4727770849985266,0.005517761776746209,0.9225895011178988,0.1983900049929228,525.19035382052,133.043105644464,-13.162664699826106,0.999999999999963
2.88,0.4845268425088199,0.005661792384651808,0.9248235650485526,0.19795079485652015,525.3674922644917,132.2107091057451,-13.671424236173273,0.999986036231304
2.89,0.4869387663399926,0.005641912679483382,0.9229933775278115,0.19926342968896327,525.2896246878046,133.33947424577812,-13.42883045106296,0.9999999999999915
2.9,0.5397463635509567,0.006036234709312732,0.9233859987024882,0.20145370411337052,525.321339064238,134.40702525559462,-13.784326792663325,0.9999999999998253
2.91,0.49190130013339584,0.0056912306211521525,0.9232995195902759,0.19973263849421397,528.0926216348022,133.42587630524915,-16.345058527581312,0.9999999999999999
2.92,0.5173087768306547,0.005887465496982916,0.9235792272602706,0.20086996628665393,524.2193839120946,133.9406942896707,-12.651337640527528,0.9999999999999992
2.93,0.5017426813458952,0.005777127833075582,0.9236305917166069,0.2003909010680782,525.5146633488929,133.61142363148798,-13.905700177732069,0.9999999999999897
2.94,0.5289329495869051,0.005981390823636204,0.9238840305296165,0.20156211154517445,527.2479808737734,134.14468035851155,-15.824558989421543,1.0
2.95,0.4703977384684951,0.005540522421518577,0.9236342102240946,0.1993530117499427,524.5973521971863,132.91670535478863,-12.897588859188248,0.9999999999999992
2.96,0.5105958623639695,0.005858981901391473,0.9240716534495366,0.2011226561158454,523.2572517770467,133.75764624663958,-11.821284850225958,0.9999999999999976
2.97,0.4793721855946899,0.005623784499177658,0.9239857294629017,0.1999966899400208,525.3246300110479,133.09532968735124,-13.759341030706278,1.0
2.98,0.5741619215891558,0.006306866753732463,0.924456042731459,0.20363530589947818,524.5377449675677,134.9176912257113,-13.503118523997987,0.9999999999999982
2.99,0.49266667785425355,0.005738832304112533,0.9243527870214753,0.2007999985789795,525.0103493556369,133.35725971626985,-13.601456146948053,0.9999999999999831
3.0,0.4931675625013911,0.005747858348519119,0.9244850904045573,0.2009478740504215,525.1083506764355,133.35703133602166,-13.743131361379506,0.9999999999999923
