strain,RD,DD,TD,biaxial,r_RD,r_DD,r_TD
0.0,665.1026689350376,698.8016587459997,423.4450740551402,930.8695129272517,0.527104363326687,0.9999999999999998,0.9999999999999988
0.00011,700.2602706576097,800.4842385947228,532.6023511337829,733.938365968055,0.5288202788282524,1.00016084204902,1.0000125062519876
0.0002,718.0914523822692,694.2353932821004,569.0431713029482,686.2994305848613,0.5302172069767157,1.0002917836866052,1.0000226876014882
0.0003,732.2365851393256,660.493794395512,602.5482548218883,669.9932017900956,0.5317619944757119,1.0004365849815482,1.0000339466067911
0.0004,742.9122356962371,655.7309202510618,630.1869391520796,659.4749060332884,0.533299077314914,1.0005806640770196,1.0000451494575708
0.0005,751.4450408826065,662.0458554980507,653.0628195891767,656.0555894769551,0.5348284939214728,1.0007240245750046,1.0000562964338993
0.0006,758.576142778815,672.61182309907,672.1061160409921,657.0417457715301,0.5363502825308836,1.000866670059523,1.0000673878144513
0.0007,764.7502711437237,684.4407571380393,688.1203516585853,655.6278622342106,0.5378644811879405,1.0010086040967192,1.000078423876512
0.0008,770.247941302872,696.1843806324017,701.7780961073946,660.4550414069347,0.5393711277476889,1.0011498302349515,1.0000894048959834
0.0009,775.252632448191,707.2682722790664,713.619551298517,662.0649575276163,0.5408702598763713,1.001290352004881,1.000100331147392
0.001,779.8876761222159,717.4943259560383,724.0632384641277,666.4050870609803,0.542361915052369,1.0014301729195592,1.000111202903894
0.002,816.4642271621558,784.0402812700754,793.0493534601237,725.239810570114,0.5568753471996798,1.002790595482768,1.0002169823781693
0.003,844.2026929425683,821.5150259960525,836.0878986308263,779.8157892922193,0.570680950908697,1.0040846694546472,1.000317602926608
0.004,866.1834603456359,847.8901689801847,867.0190890443648,827.3082521855479,0.5838132473797105,1.005315630694179,1.0004133161529922
0.005,883.9114517223459,868.0783316766951,890.4695631473926,858.824360686414,0.5963050741942062,1.0064865572456418,1.000504361390243
0.01,939.3135541275856,928.0030580054071,956.863017039873,918.6878938002519,0.650198642006938,1.0115382931079857,1.0008971584359156
0.011,946.8246314484096,935.83186193011,965.1490289936438,927.7291018193606,0.659452814920719,1.012405736832389,1.0009646064065771
0.012,953.6505005594124,942.8745519804315,972.5455150113244,936.0426755379135,0.6682556564957256,1.0132308748271406,1.001028764900893
0.013,959.9026262946602,949.2593502917811,979.2126371955267,943.7298418807258,0.6766291784210904,1.0140157703670214,1.0010897943485184
0.014,965.6675677062542,955.0860767517065,985.2722092664058,950.8690277260489,0.6845943188631998,1.0147623860997157,1.0011478473548605
0.015,971.0138350193338,960.434155360448,990.8187978340483,957.5246848037904,0.6921709948220154,1.0154725889534493,1.001203069082674
0.016,975.9965562611874,965.3679270723551,995.9271361641103,963.749339074382,0.6993781519339483,1.016148154805285,1.0012555976150417
0.017,980.6607343317614,969.9402938090567,1000.6572098161222,969.5888994352118,0.7062338118458188,1.0167907729217394,1.0013055643006556
0.018,985.0435733122616,974.1952932003331,1005.0578302622954,975.0807179416903,0.7127551172783606,1.017402050182828,1.0013530940822566
0.019,989.1761747756034,978.1699664725423,1009.1692005817979,980.2558825065239,0.7189583748919512,1.0179835151001035,1.0013983058090554
0.02,993.084797811416,981.8957455114457,1013.0247931769702,991.3692015573116,0.7248590960617569,1.018536621638731,1.001441312533919
0.021,996.7918105764918,985.3995042487494,1016.6527477688483,995.6528037256104,0.7304720356642509,1.019062752853157,1.0014822217960606
0.022,1000.3164196152018,988.704370138458,1020.076928395912,999.7190652410319,0.735811228972089,1.0195632243454675,1.0015211358899443
0.023,1003.6752363551713,991.8303604950879,1023.3177337830127,1003.5847527832371,0.7408900267496024,1.020039287555077,1.0015581521210744
0.024,1006.8827224690384,994.7948885101495,1026.3927265088037,1007.265164114756,0.7457211286366623,1.02049213288798,1.0015933630493092
0.025,1009.9515438624436,997.6131706084542,1029.3171271285858,1010.7736040329869,0.7503166149043949,1.0209228926933849,1.0016268567203104
0.026,1012.8928548629042,1000.2985579435845,1032.1042063325528,1014.1228139362998,0.7546879766621518,1.0213326440951784,1.001658716885701
0.027,1015.7165284724596,1002.862808740753,1034.7655991923064,1017.3232639362764,0.7588461445912678,1.0217224116852943,1.0016890232124902
0.028,1018.431344499042,1005.3163139303068,1037.311559218048,1020.3844560706025,0.7628015162774584,1.02209317008573,1.0017178514822809
0.029,1021.0451444717096,1007.6682854771648,1039.7511654448347,1023.3172088663101,0.7665639822102005,1.022445846385605,1.0017452737807626
0.03,1023.5649601255882,1009.9269146125432,1042.0924925186487,1026.3995807165118,0.7701429505141066,1.02278132245937,1.0017713586779662
0.031,1025.997120680087,1012.0995055589437,1044.3427513822685,1029.0842210170783,0.7735473704741381,1.0231004371719514,1.0017961713997214
0.032,1028.3473429693206,1014.1925891360595,1046.5084064103246,1031.6619270317076,0.7767857549134779,1.02340398847635,1.0018197739907568
0.033,1030.6208076063813,1016.2120197272428,1048.5952735364262,1034.1412602165908,0.7798662014800238,1.0236927354089391,1.001842225469844
0.034,1032.8222236958477,1018.1630583926975,1050.6086029304413,1036.5267147177667,0.7827964128947246,1.0239673999874526,1.0018635819773756
0.035,1034.9558840968234,1020.0504443799524,1052.5531490348212,1038.8229132810386,0.7855837162123965,1.0242286690164026,1.0018838969157442
0.036,1037.025712842394,1021.8784568641065,1054.4332301938591,1041.035718064209,0.7882350811431749,1.0244771958044507,1.001903221082877
0.037,1039.0353060121647,1023.6509684208927,1056.2527796649101,1043.1702551608937,0.7907571374804212,1.0247136017980183,1.001921602799258
0.038,1040.987967111457,1025.371491473593,1058.015389453738,1045.2309804201527,0.7931561916786586,1.0249384781352286,1.0019390880287524
0.039,1042.8867378183586,1027.0432187447366,1059.724348143761,1047.2207120226296,0.7954382426229945,1.0251523871240569,1.0019557204935416
0.04,1044.7344248065042,1028.6690585737038,1061.3826736735466,1049.1437603730294,0.7976089966294568,1.0253558636483957,1.0019715417834512
0.041,1046.5336232285583,1030.251665823144,1062.9931418455146,1051.0039261629752,0.7996738817137571,1.0255494165055414,1.0019865914599464
0.042,1048.2867373462384,1031.7934689838935,1064.5583112115273,1052.8035092183547,0.8016380611641566,1.0257335296784549,1.0020009071550582
0.043,1049.995998712295,1033.2966939946864,1066.0805448704978,1054.547463749982,0.8035064464523767,1.0259086635459682,1.0020145246654804
0.044,1051.6634822443214,1034.7633852156096,1067.562029623644,1056.2362323816665,0.8052837095148363,1.0260752560339736,1.0020274780420826
0.045,1053.2911204765162,1036.1954239297297,1069.0047928601234,1057.8750313617008,0.8069742944349266,1.0262337237104653,1.0020397996750534
0.046,1054.8807162312903,1037.5945446933595,1070.4107174861595,1059.527329615186,0.8085824285555341,1.0263844628271763,1.002051520374893
0.047,1056.4339539159955,1038.9623498100116,1071.781555161781,1061.2841213767322,0.8101121330496,1.026527850310415,1.002062669449456
0.048,1057.952409619644,1040.3003221647791,1073.1189380687972,1062.9986396560655,0.8115672329751469,1.0266642447035768,1.0020732747772363
0.049,1059.4375601591153,1041.609836623384,1074.424389400091,1064.6738653331838,0.8129513668399164,1.0267939870636893,1.0020833628770778
0.05,1060.8907912030825,1042.8921701725478,1075.6993327323542,1066.3114996483273,0.8142679956995332,1.0269174018142324,1.002092958974484
0.051,1062.3134045840245,1044.1485109547498,1076.9451004210166,1067.9119831435878,0.8155204118119485,1.0270347975563665,1.0021020870646973
0.052,1063.7066248935996,1045.3799663303275,1078.1629411365157,1069.4776030039102,0.8167117468697966,1.0271464678405955,1.0021107699726974
0.053,1065.07160544388,1046.5875700825652,1079.3540266445405,1071.0083821605426,0.8178449798312618,1.0272526919007965,1.0021190294102775
0.054,1066.4094336660924,1047.7722888665749,1080.5194579188953,1072.5072519874368,0.8189229443690219,1.0273537353524496,1.0021268860303336
0.055,1067.7211360092529,1048.9350279899763,1081.6602706638282,1073.9749074052284,0.8199483359559082,1.027449850856815,1.0021343594785082
0.056,1069.007682393168,1050.0766366023038,1082.7774403125577,1075.4129157359994,0.82092371860499,1.0275412787527185,1.002141468442314
0.057,1070.2699902634845,1051.1979123605283,1083.871886560157,1076.820626756926,0.8218515312809448,1.0276282476575216,1.002148230697864
0.058,1071.5089282906315,1052.299605629768,1084.9444774815788,1078.2013808114582,0.8227340939987381,1.0277109750387872,1.0021546631543192
0.059,1072.725319749463,1053.382423271071,1085.9960332793044,1079.5542517831032,0.823573613624871,1.027789667758059,1.002160781896171
0.06,1073.9199456120443,1054.4470320618843,1087.0273296996356,1080.8823321182747,0.8243721893956947,1.027864522588124,1.0021666022234617
0.061,1075.0935473822587,1055.4940617893665,1088.0391011519873,1082.184456885265,0.8251318181665961,1.0279357267050482,1.0021721386900406
0.062,1076.2468296976208,1056.5241080519422,1089.0320435614406,1083.4614221846903,0.8258543994051752,1.028003458156212,1.002177405139958
0.063,1077.3804627208174,1057.5377348003344,1090.0068169813173,1084.7159993397236,0.8265417399409042,1.0280678863055228,1.0021824147420826
0.064,1078.495084341011,1058.5354766456776,1090.9640479894642,1085.9477568365987,0.8271955584831422,1.0281291722569137,1.0021871800230282
0.065,1079.591302202737,1059.517840959119,1091.904331889255,1087.1582434025647,0.8278174899188037,1.028187469257185,1.00219171289848
0.066,1080.6696955783214,1060.4853097845353,1092.8282347340041,1088.3468556788512,0.8284090894004272,1.0282429230792034,1.0021960247029869
0.067,1081.7308170980468,1061.4383415835212,1093.7362951914154,1089.514986930794,0.8289718362348673,1.0282956723864085,1.002200126218307
0.068,1082.7751943508226,1062.3773728296674,1094.6290262629295,1090.662914383617,0.8295071375823317,1.0283458490795436,1.002204027700364
0.069,1083.8033313667877,1063.3028194672386,1095.5069168712241,1091.791893441655,0.8300163319750153,1.0283935786264782,1.0022077389048962
0.07,1084.815709992126,1064.215078247689,1096.370433327757,1092.9031087923893,0.8305006926641272,1.0284389803759402,1.0022112691118474
0.071,1085.812791165348,1065.114527955995,1097.2200206910097,1093.922758550294,0.8309614308036822,1.0284821678559524,1.002214627148574
0.072,1086.7950161033698,1066.001530537465,1098.0561040249922,1094.9989833773295,0.8313996984790171,1.02852324905771,1.0022178214119168
0.073,1087.762807404921,1066.8764321345482,1098.8790895666414,1096.0585245007421,0.8318165915876038,1.0285623267056156,1.0022208598891982
0.074,1088.7165700780884,1067.7395640421537,1099.6893658098504,1097.1013107551123,0.8322131525793632,1.028599498514144,1.002223750178194
0.075,1089.656692498154,1068.5912435890825,1100.4873045131546,1098.1282660052325,0.8325903730633345,1.0286348574321778,1.002226499506132
0.076,1090.583547301316,1069.4317749523798,1101.2732616373892,1099.1402695217637,0.832949196287213,1.0286684918754303,1.0022291147477642
0.077,1091.4974922193642,1070.261449910712,1102.0475782190513,1100.136071160083,0.8332905194959606,1.0287004859475286,1.002231602442557
0.078,1092.3988708599195,1071.0805485422518,1102.8105811845585,1101.1185550692821,0.8336151961753868,1.028730919650318,1.002233968811043
0.079,1093.2880134364368,1071.889339871978,1103.5625841101155,1102.0853500876724,0.8339240381863068,1.0287598690839082,1.0022362197703762
0.08,1094.1652374517917,1072.6880824728287,1104.3038879314613,1103.0392670247138,0.8342178177946162,1.0287874066369616,1.0022383609491274
0.081,1095.0308483389445,1073.4770250246768,1105.0347816074059,1103.9799529107895,0.8344972696023588,1.0288136011677045,1.0022403977013583
0.082,1095.885140061865,1074.2564068347253,1105.7555427406849,1104.907024699645,0.8347630923846139,1.0288385181761084,1.0022423351200112
0.083,1096.728395679639,1075.0264583225655,1106.46643815938,1105.8221555084597,0.8350159508367982,1.028862219967673,1.0022441780496412
0.084,1097.5608878764187,1075.7874014728095,1107.1677244618563,1106.7238569356605,0.8352564772367499,1.028884765809222,1.0022459310985323
0.085,1098.382879459671,1076.5394502579657,1107.8596485279115,1107.6137495826413,0.8354852730257538,1.0289062120771038,1.0022475986502204
0.086,1099.1946238289588,1077.2828110339271,1108.542447998606,1108.492383341506,0.8357029103124565,1.0289266123981589,1.002249184874453
0.087,1099.9963654173312,1078.0176829102754,1109.2163517270517,1109.3592386633172,0.8359099333034372,1.0289460177838154,1.0022506937376168
0.088,1100.7883401071997,1078.7442580973404,1109.8815802022082,1110.215865452812,0.8361068596640064,1.028964476757646,1.0022521290126558
0.089,1101.570775622462,1079.462722231835,1110.5383459476184,1111.0606545866613,0.8362941818126401,1.0289820354766996,1.002253494288505
0.09,1102.343891898472,1080.1732546826784,1111.1868538968172,1111.840851214717,0.8364723681522818,1.02899873784692,1.0022547929790655
0.091,1103.107901431337,1080.8760288384965,1111.8273017470262,1112.6661018220993,0.8366418642415934,1.0290146256329324,1.0022560283317403
0.092,1103.8630096079137,1081.5712123781532,1112.4598802926218,1113.4808241426047,0.8368030939090849,1.0290297385624776,1.0022572034355537
0.093,1104.609415017764,1082.2589675255506,1113.0847737397366,1114.2854257569722,0.8369564603129055,1.0290441144257514,1.002258321228878
0.094,1105.347309748242,1082.9394512898264,1113.7021600032617,1115.0802994633011,0.8371023469489501,1.0290577891699002,1.0022593845067786
0.095,1106.0768796637856,1083.6128156919742,1114.3122109873977,1115.8668714385137,0.8372411186097978,1.0290707969889068,1.002260395928004
0.096,1106.7983046704237,1084.2792079788542,1114.9150928508554,1116.6434070159382,0.8373731222968832,1.0290831704090946,1.0022613580216342
0.097,1107.5117589664187,1084.9387708254321,1115.5109662576697,1117.4113027997485,0.8374986880881816,1.029094940370459,1.0022622731934043
0.098,1108.2174112799105,1085.5916425260746,1116.0999866145698,1118.1708960621534,0.8376181299635762,1.029106136304034,1.0022631437317209
0.099,1108.9154250943586,1086.237957175613,1116.6823042957556,1118.8236085208825,0.8377317465899694,1.0291167862054853,1.0022639718133823
0.1,1109.6059588625244,1086.8778448408584,1117.2580648558496,1121.463926993452,0.8378398220681077,1.0291269167051138,1.0022647595090246
0.11,1116.1315350214256,1092.949274128246,1122.683979823687,1128.3020334935575,0.8386692247938357,1.0292046611125354,1.0022708045150155
0.12,1122.0527501536692,1098.4965097728216,1127.5851297148067,1134.5076921779432,0.8391722829762746,1.0292518154792578,1.0022744709964873
0.13,1127.469360719097,1103.602501223559,1132.0514998313945,1140.1883299406165,0.8394774031875787,1.0292804160484144,1.002276694829913
0.14,1132.4584929834102,1108.33190179038,1136.151991191563,1145.425002924025,0.8396624679506683,1.029297763170493,1.002278043653068
0.15,1137.0809834981474,1112.7361010791979,1139.9404942293454,1150.2794479824702,0.8397747154035501,1.0293082847318915,1.002278861755666
0.16,1141.3856484172147,1116.8566301638275,1143.4599298355397,1154.803567651409,0.8398427969252332,1.0293146663814676,1.0022793579599745
0.17,1145.4122428597457,1120.7275365252797,1146.7450209590006,1159.038568035704,0.8398840904555294,1.0293185370475952,1.0022796589231011
0.18,1149.1935641948846,1124.37708290894,1149.8242438943898,1163.0175913790076,0.8399091362477376,1.029320884725275,1.0022798414664646
0.19,1152.7569798053655,1127.8289891971508,1152.7212336326174,1166.7704440064604,0.8399243272886442,1.029322308663767,1.0022799521846115
0.2,1156.1255582575818,1131.103357541505,1155.455816417836,1170.3190548461953,0.8399335411207427,1.0293231723261198,1.002280019338562
0.21,1159.3189211577594,1134.2173731257383,1158.044781916722,1173.4491617238566,0.8399391295924394,1.0293236961638166,1.002280060069492
0.22,1162.3538944479633,1137.1858429128304,1160.502469824621,1176.6590211892546,0.8399425191718999,1.0293240138874402,1.00228008477405
0.23,1165.245013176318,1140.021615385064,1162.8412218382841,1179.7179573457565,0.839944575055802,1.0293242065965595,1.0022800997581216
0.24,1168.0049175377162,1142.7359115172537,1165.0717343589101,1182.6379441000197,0.839945822012457,1.0293243234805487,1.0022801088464206
0.25,1170.644667086825,1145.338588614979,1167.2033369256862,1185.4305773203002,0.8399465783299351,1.0293243943742716,1.0022801143587523
0.26,1173.1739925752,1147.8383527347496,1169.244214343407,1188.1074728523356,0.8399470370597096,1.0293244373734882,1.002280117702151
0.27,1175.601499680805,1150.2429312683578,1171.201585604057,1190.6763013720938,0.8399473152934182,1.0293244634538314,1.0022801197300246
0.28,1177.9348352343025,1152.5592143379358,1173.0818492855017,1193.1464174904752,0.8399474840507284,1.0293244792723593,1.002280120959992
0.29,1180.180823918954,1154.7933715337142,1174.8907026741872,1195.5236978871299,0.8399475864072469,1.0293244888667814,1.0022801217060051
0.3,1182.3455815115055,1156.9509489833538,1176.6332400978008,1197.644850451631,0.8399476484896491,1.0293244946860924,1.0022801221584847
0.31,1184.4346093266308,1159.0369506018574,1178.3140346648443,1199.861181852899,0.8399476861445649,1.029324498215683,1.0022801224329276
0.32,1186.4528734822616,1161.055906519589,1179.9372066535109,1202.0021676211707,0.8399477089834616,1.029324500356488,1.0022801225993856
0.33,1188.4048718171289,1163.0119310432347,1181.5064810776692,1204.0731674584165,0.8399477228359884,1.029324501654952,1.0022801227003475
0.34,1190.2946906950133,1164.9087720147513,1183.025236417437,1206.0777933951972,0.839947731238006,1.02932450244251,1.002280122761584
0.35,1192.1260534727978,1166.7498530566202,1184.4965460893907,1208.0201357720023,0.839947736334123,1.0293245029201885,1.0022801227987257
0.36,1193.9023620559256,1168.5383098996392,1185.9232139139199,1209.9037550492067,0.8399477394251099,1.0293245032099143,1.0022801228212534
0.37,1195.626732689409,1170.2770217610805,1187.3078045906723,1211.732822799196,0.8399477412999236,1.0293245033856426,1.0022801228349172
0.38,1197.3020269163285,1171.9686385612167,1188.6526700001937,1213.3718139456005,0.8399477424370914,1.029324503492227,1.0022801228432046
0.39,1198.9308784648051,1173.6156046235901,1189.959971997851,1215.1016024524035,0.8399477431268539,1.0293245035568737,1.0022801228482312
0.4,1200.515716688374,1175.2201793905433,1191.2317022455472,1216.7846809789464,0.8399477435452519,1.029324503596084,1.00228012285128
0.41,1202.0587870757192,1176.784455594067,1192.4696995304205,1218.4237888126152,0.8399477437990586,1.0293245036198662,1.002280122853129
0.42,1203.562169257917,1178.3103752481286,1193.675664942352,1220.0192279352407,0.8399477439530357,1.0293245036342908,1.0022801228542508
0.43,1205.0277928701917,1179.7997437686035,1194.851175219571,1221.5753712460116,0.8399477440464632,1.0293245036430396,1.002280122854931
0.44,1206.4574515672275,1181.2542424778733,1195.9976945208398,1223.093122495896,0.8399477441031654,1.0293245036483465,1.0022801228553435
0.45,1207.8528154436158,1182.6754397109012,1197.1165848411854,1224.4557720504113,0.8399477441375927,1.0293245036515648,1.002280122855594
0.46,1209.2154420719628,1184.0648007063817,1198.2091152541136,1225.9042677620935,0.8399477441585095,1.029324503653517,1.0022801228557456
0.47,1210.5467863389154,1185.4236964390366,1199.2764701350961,1227.3190544444521,0.8399477441712317,1.029324503654701,1.0022801228558378
0.48,1211.8482092325432,1186.753411526224,1200.3197564978911,1228.7013925810818,0.8399477441789838,1.0293245036554193,1.0022801228558935
0.49,1213.1209857121842,1188.0551513228959,1201.3400105558594,1230.0534847518468,0.8399477441837213,1.0293245036558547,1.0022801228559275
0.5,1214.3663117731455,1189.3300483028622,1202.3382036042788,1231.3752296036596,0.8399477441866303,1.029324503656119,1.002280122855948
0.51,1215.5853108029369,1190.5791678108171,1203.3152473060818,1232.669654347573,0.8399477441884302,1.0293245036562793,1.0022801228559604
0.52,1216.7790393124503,1191.8035132581279,1204.2719984520165,1233.8336672575435,0.8399477441895576,1.0293245036563765,1.002280122855968
0.53,1217.9484921142844,1193.0040308257137,1205.2092632565927,1235.0774011248473,0.8399477441902771,1.0293245036564354,1.0022801228559726
0.54,1219.0946070108666,1194.1816137290625,1206.1278012429652,1236.2945985544918,0.839947744190749,1.029324503656471,1.0022801228559757
0.55,1220.2182690469283,1195.3371060934196,1207.0283287629882,1237.4889656687349,0.8399477441910709,1.0293245036564929,1.002280122855977
0.56,1221.3203143739208,1196.471306481119,1207.9115221926847,1238.658708684401,0.8399477441913016,1.029324503656506,1.002280122855978
0.57,1222.401533768024,1197.5849711078663,1208.7780208383376,1239.807377936276,0.8399477441914773,1.029324503656514,1.0022801228559788
0.58,1223.4626758382865,1198.6788167803134,1209.6284295840137,1240.9341098478783,0.8399477441916194,1.0293245036565188,1.002280122855979
0.59,1224.5044499570106,1199.7535235833977,1210.4633213075851,1241.948721756609,0.8399477441917411,1.0293245036565215,1.0022801228559792
0.6,1225.5275289406964,1200.8097373426071,1211.2832390890849,1243.0355878425976,0.8399477441918506,1.0293245036565235,1.0022801228559794
0.61,1226.5325515065451,1201.8480718833941,1212.0886982323834,1244.1029247047925,0.8399477441919527,1.0293245036565246,1.0022801228559794
0.62,1227.5201245266533,1202.8691111074788,1212.8801881187956,1245.1517970812233,0.8399477441920501,1.0293245036565253,1.0022801228559797
0.63,1228.490825099529,1203.8734109035547,1213.6581739090557,1246.1832226034091,0.8399477441921449,1.0293245036565255,1.0022801228559797
0.64,1229.4452024563743,1204.8615009079865,1214.4230981082833,1247.1959944972016,0.8399477441922379,1.029324503656526,1.0022801228559797
0.65,1230.3837797176743,1205.8338861294237,1215.1753820069382,1248.192122256332,0.83994774419233,1.029324503656526,1.0022801228559797
0.66,1231.307055513944,1206.7910484497406,1215.9154270093431,1249.0900945652845,0.8399477441924215,1.0293245036565262,1.0022801228559797
0.67,1232.2155054830323,1207.733448012437,1216.6436158601232,1250.054518354611,0.8399477441925126,1.0293245036565262,1.0022801228559797
0.68,1233.1095836550644,1208.66152450847,1217.3603137778086,1251.0047857846432,0.8399477441926034,1.0293245036565262,1.0022801228559797
0.69,1233.989723734977,1209.5756983684714,1218.0658695038958,1251.9394923244604,0.839947744192694,1.0293245036565262,1.0022801228559797
0.7,1234.8563402915763,1210.4763718694126,1218.760616274797,1252.8593731052613,0.8399477441927846,1.0293245036565262,1.0022801228559797
0.71,1235.7098298611718,1211.3639301629776,1219.4448727233823,1253.7651311071384,0.8399477441928751,1.0293245036565262,1.0022801228559797
0.72,1236.550571973014,1212.2387422321885,1220.1189437161163,1254.5814378887358,0.8399477441929659,1.0293245036565262,1.0022801228559797
0.73,1237.378930103094,1213.1011617822166,1220.7831211312352,1255.460841017767,0.8399477441930564,1.0293245036565262,1.0022801228559797
0.74,1238.1952525622094,1213.9515280707267,1221.437684582866,1256.32803550219,0.8399477441931469,1.0293245036565262,1.0022801228559797
0.75,1238.999873323644,1214.7901666826165,1222.082902095518,1257.181440059893,0.8399477441932375,1.0293245036565262,1.0022801228559797
0.76,1239.7931127953204,1215.6173902535575,1222.719030732966,1258.0238041927084,0.839947744193328,1.0293245036565262,1.0022801228559797
0.77,1240.5752785408208,1216.4334991463452,1223.3463171851774,1258.8535004672606,0.8399477441934184,1.0293245036565262,1.0022801228559797
0.78,1241.3466659532814,1217.2387820836968,1223.9649983165773,1259.6721425369478,0.8399477441935089,1.0293245036565262,1.0022801228559797
0.79,1242.1075588858002,1218.0335167408273,1224.5753016786734,1260.409443427239,0.8399477441935994,1.0293245036565262,1.0022801228559797
0.8,1242.8582302416753,1218.8179703008161,1225.1774459897729,1261.2061330762938,0.8399477441936899,1.0293245036565262,1.0022801228559797
0.81,1243.5989425275015,1219.5923999755553,1225.771641584295,1261.992127179795,0.8399477441937804,1.0293245036565262,1.0022801228559797
0.82,1244.329948371889,1220.357053494781,1226.3580908339507,1262.7678802418827,0.8399477441938709,1.0293245036565262,1.0022801228559797
0.83,1245.0514910123304,1221.112169565524,1226.936988542881,1263.5338286218532,0.8399477441939613,1.0293245036565262,1.0022801228559797
0.84,1245.7638047525306,1221.8579783040905,1227.5085223186484,1264.2893037895913,0.8399477441940518,1.0293245036565262,1.0022801228559797
0.85,1246.4671153923207,1222.5947016425218,1228.0728729208427,1264.9695955613647,0.8399477441941423,1.0293245036565262,1.0022801228559797
0.86,1247.1616406320968,1223.3225537113208,1228.6302145888794,1265.7071359040208,0.8399477441942329,1.0293245036565262,1.0022801228559797
0.87,1247.8475904535785,1224.0417412000904,1229.180715350484,1266.4342745325682,0.8399477441943234,1.0293245036565262,1.0022801228559797
0.88,1248.5251674785152,1224.752463697587,1229.7245373121818,1267.153554576462,0.8399477441944139,1.0293245036565262,1.0022801228559797
0.89,1249.1945673068672,1225.454914012594,1230.2618369330658,1267.863148604006,0.8399477441945044,1.0293245036565262,1.0022801228559797
0.9,1249.8559788358398,1226.1492784768877,1230.792765282956,1268.5644900011907,0.8399477441945948,1.0293245036565262,1.0022801228559797
0.91,1250.50958456106,1226.8357372314902,1231.3174682860206,1269.1957139123672,0.8399477441946853,1.0293245036565262,1.0022801228559797
0.92,1251.1555608610784,1227.5144644972925,1231.8360869508226,1269.881065827913,0.8399477441947758,1.0293245036565262,1.0022801228559797
0.93,1251.7940782662893,1228.1856288310703,1232.3487575876832,1270.558019712424,0.8399477441948663,1.0293245036565262,1.0022801228559797
0.94,1252.4253017132817,1228.8493933678258,1232.855612014208,1271.2279622030144,0.8399477441949568,1.0293245036565262,1.0022801228559797
0.95,1253.0493907855512,1229.505916050312,1233.35677774971,1271.8890044939897,0.8399477441950473,1.0293245036565262,1.0022801228559797
0.96,1253.6664999414463,1230.1553498465619,1233.8523781992733,1272.5436047943117,0.8399477441951377,1.0293245036565262,1.0022801228559797
0.97,1254.276778730145,1230.7978429561488,1234.3425328280823,1273.1322859835414,0.8399477441952283,1.0293245036565262,1.0022801228559797
0.98,1254.8803719964114,1231.4335390058832,1234.8273573266513,1273.7720978020604,0.8399477441953187,1.0293245036565262,1.0022801228559797
0.99,1255.4774200748193,1232.0625772355836,1235.306963767497,1274.405158710161,0.8399477441954093,1.0293245036565262,1.0022801228559797
1.0,1256.0680589740878,1232.6850926745176,1235.781460753795,1275.0317138444807,0.8399477441954998,1.0293245036565262,1.0022801228559797
1.01,1256.6524205521237,1233.3012163090705,1236.2509535604922,1275.6509133633344,0.8399477441955903,1.0293245036565262,1.0022801228559797
1.02,1257.230632682327,1233.9110752421655,1236.7155442683456,1276.2629920713748,0.8399477441956807,1.0293245036565262,1.0022801228559797
1.03,1257.802819411677,1234.5147928449044,1237.1753318912909,1276.8148334302625,0.8399477441957712,1.0293245036565262,1.0022801228559797
1.04,1258.3691011110811,1235.1124889008934,1237.630412497549,1277.4149276611038,0.8399477441958617,1.0293245036565262,1.0022801228559797
1.05,1258.92959461843,1235.704279743662,1238.0808793248223,1278.0085494039956,0.8399477441959522,1.0293245036565262,1.0022801228559797
1.06,1259.4844133747893,1236.2902783875788,1238.5268228899367,1278.5969968131744,0.8399477441960427,1.0293245036565262,1.0022801228559797
1.07,1260.0336675541084,1236.8705946526156,1238.968331093236,1279.1782877971514,0.8399477441961332,1.0293245036565262,1.0022801228559797
1.08,1260.577464186817,1237.4453352833193,1239.4054893180312,1279.75480390299,0.8399477441962236,1.0293245036565262,1.0022801228559797
1.09,1261.1159072776506,1238.0146040622947,1239.8383805253816,1280.2729273055882,0.8399477441963141,1.0293245036565262,1.0022801228559797
1.1,1261.649097918025,1238.5785019185168,1240.2670853444708,1280.8376290600825,0.8399477441964047,1.0293245036565262,1.0022801228559797
1.11,1262.1771343932571,1239.1371270307327,1240.6916821588159,1281.3970096524538,0.8399477441964952,1.0293245036565262,1.0022801228559797
1.12,1262.7001122849151,1239.690574926237,1241.1122471885385,1281.951245435775,0.8399477441965857,1.0293245036565262,1.0022801228559797
1.13,1263.218124568558,1240.2389385752538,1241.5288545689173,1282.4994170326956,0.8399477441966762,1.0293245036565262,1.0022801228559797
1.14,1263.7312617071134,1240.7823084811594,1241.9415764254106,1283.0427800216032,0.8399477441967667,1.0293245036565262,1.0022801228559797
1.15,1264.2396117401222,1241.3207727667698,1242.3504829453493,1283.5313089220203,0.8399477441968571,1.0293245036565262,1.0022801228559797
1.16,1264.7432603690706,1241.8544172568927,1242.755642446467,1284.0648495285495,0.8399477441969476,1.0293245036565262,1.0022801228559797
1.17,1265.2422910390078,1242.3833255573331,1243.1571214424355,1284.5929551774134,0.8399477441970381,1.0293245036565262,1.0022801228559797
1.18,1265.7367850166477,1242.907579130539,1243.5549847055622,1285.1168700582027,0.8399477441971286,1.0293245036565262,1.0022801228559797
1.19,1266.2268214651294,1243.427257368057,1243.9492953267952,1285.635646810139,0.8399477441972191,1.0293245036565262,1.0022801228559797
1.2,1266.7124775156076,1243.9424376599527,1244.340114773171,1286.1494280271222,0.8399477441973096,1.0293245036565262,1.0022801228559797
1.21,1267.193828335836,1244.453195461352,1244.7275029428374,1286.6115410347431,0.8399477441974001,1.0293245036565262,1.0022801228559797
1.22,1267.6709471958852,1244.9596043562442,1245.1115182177712,1287.116109190534,0.8399477441974906,1.0293245036565262,1.0022801228559797
1.23,1268.1439055311491,1245.4617361186772,1245.492217514306,1287.6171726343102,0.8399477441975811,1.0293245036565262,1.0022801228559797
1.24,1268.6127730027608,1245.9596607714784,1245.8696563315777,1288.112678218015,0.8399477441976716,1.0293245036565262,1.0022801228559797
1.25,1269.077617555553,1246.4534466426162,1246.2438887979902,1288.6049334434838,0.8399477441977621,1.0293245036565262,1.0022801228559797
1.26,1269.538505473678,1246.9431604193119,1246.6149677158,1289.0918785082654,0.8399477441978526,1.0293245036565262,1.0022801228559797
1.27,1269.995501433998,1247.4288672000148,1246.9829446038993,1289.5310807220649,0.839947744197943,1.0293245036565262,1.0022801228559797
1.28,1270.4486685573577,1247.910630544339,1247.3478697389046,1290.0102774958402,0.8399477441980335,1.0293245036565262,1.0022801228559797
1.29,1270.8980684578296,1248.3885125210531,1247.7097921946067,1290.4855993194033,0.839947744198124,1.0293245036565262,1.0022801228559797
1.3,1271.3437612900398,1248.862573754221,1248.0687598798784,1290.9571609287034,0.8399477441982145,1.0293245036565262,1.0022801228559797
1.31,1271.7858057946487,1249.3328734675679,1248.4248195751013,1291.4239771366238,0.839947744198305,1.0293245036565262,1.0022801228559797
1.32,1272.2242593420842,1249.7994695271625,1248.7780169671832,1291.8872463233133,0.8399477441983955,1.0293245036565262,1.0022801228559797
1.33,1272.6591779746022,1250.2624184824883,1249.1283966832343,1292.3042352478299,0.839947744198486,1.0293245036565262,1.0022801228559797
1.34,1273.0906164467492,1250.7217756059736,1249.4760023229576,1292.761027180948,0.8399477441985764,1.0293245036565262,1.0022801228559797
1.35,1273.5186282643003,1251.1775949310495,1249.8208764898136,1293.2134797725444,0.8399477441986669,1.0293245036565262,1.0022801228559797
1.36,1273.9432657217435,1251.6299292888077,1250.1630608210194,1293.6627841548698,0.8399477441987575,1.0293245036565262,1.0022801228559797
1.37,1274.364579938372,1252.07883034331,1250.5025960164273,1294.107943167776,0.839947744198848,1.0293245036565262,1.0022801228559797
1.38,1274.782620893042,1252.5243486256154,1250.8395218663316,1294.5076657889078,0.8399477441989385,1.0293245036565262,1.0022801228559797
1.39,1275.197437457668,1252.9665335665763,1251.1738772782653,1294.946186685198,0.839947744199029,1.0293245036565262,1.0022801228559797
1.4,1275.6090774294917,1253.405433528458,1251.5057003028064,1295.3819240251362,0.8399477441991194,1.0293245036565262,1.0022801228559797
1.41,1276.0175875621944,1253.8410958354345,1251.8350281584605,1295.8127790690485,0.8399477441992099,1.0293245036565262,1.0022801228559797
1.42,1276.423013595891,1254.2735668030039,1252.1618972556457,1296.2410215723453,0.8399477441993004,1.0293245036565262,1.0022801228559797
1.43,1276.8254002860608,1254.7028917663708,1252.4863432198206,1296.6667355463785,0.8399477441993909,1.0293245036565262,1.0022801228559797
1.44,1277.224791431453,1255.1291151078385,1252.808400913794,1297.0491504034203,0.8399477441994814,1.0293245036565262,1.0022801228559797
1.45,1277.6212299010178,1255.552280283253,1253.1281044592497,1297.467037278796,0.8399477441995719,1.0293245036565262,1.0022801228559797
1.46,1278.014757659896,1255.9724298475398,1253.44548725752,1297.8837239884383,0.8399477441996623,1.0293245036565262,1.0022801228559797
1.47,1278.4054157945122,1256.3896054793615,1253.7605820096358,1298.296010147454,0.8399477441997528,1.0293245036565262,1.0022801228559797
1.48,1278.793244536805,1256.803848004948,1254.0734207356893,1298.705064829009,0.8399477441998433,1.0293245036565262,1.0022801228559797
1.49,1279.178283287631,1257.2151974211138,1254.3840347935295,1299.1120529981447,0.8399477441999339,1.0293245036565262,1.0022801228559797
1.5,1279.560570639374,1257.6236929175138,1254.6924548968268,1299.4776924922128,0.8399477442000244,1.0293245036565262,1.0022801228559797
1.51,1279.9401443977945,1258.0293728981499,1254.9987111325236,1299.8788224127404,0.8399477442001149,1.0293245036565262,1.0022801228559797
1.52,1280.317041603149,1258.432275002175,1255.3028329777005,1300.2759096372654,0.8399477442002053,1.0293245036565262,1.0022801228559797
1.53,1280.6912985506058,1258.8324361240086,1255.604849315882,1300.6712087217777,0.8399477442002958,1.0293245036565262,1.0022801228559797
1.54,1281.0629508099885,1259.2298924328,1255.9047884528027,1301.0636940889422,0.8399477442003863,1.0293245036565262,1.0022801228559797
1.55,1281.4320332448692,1259.6246793912549,1256.2026781316454,1301.416325527249,0.8399477442004768,1.0293245036565262,1.0022801228559797
1.56,1281.7985800310448,1260.0168317738685,1256.4985455478022,1301.8036034349172,0.8399477442005673,1.0293245036565262,1.0022801228559797
1.57,1282.1626246744097,1260.4063836845576,1256.7924173631307,1302.1871647168518,0.8399477442006578,1.0293245036565262,1.0022801228559797
1.58,1282.5242000282549,1260.793368573746,1257.0843197197687,1302.5692537913455,0.8399477442007482,1.0293245036565262,1.0022801228559797
1.59,1282.8833383100175,1261.1778192549061,1257.3742782534991,1302.9477480342775,0.8399477442008387,1.0293245036565262,1.0022801228559797
1.6,1283.2400711174937,1261.5597679205805,1257.6623181066893,1303.3248927332459,0.8399477442009293,1.0293245036565262,1.0022801228559797
1.61,1283.5944294445412,1261.939246157902,1257.9484639408217,1303.6627575579755,0.8399477442010197,1.0293245036565262,1.0022801228559797
1.62,1283.9464436962908,1262.3162849636376,1258.232739948629,1304.0343086129437,0.8399477442011103,1.0293245036565262,1.0022801228559797
1.63,1284.2961437038812,1262.6909147587633,1258.5151698658522,1304.402492420088,0.8399477442012008,1.0293245036565262,1.0022801228559797
1.64,1284.643558738739,1263.0631654025958,1258.795776982629,1304.769549614277,0.8399477442012913,1.0293245036565262,1.0022801228559797
1.65,1284.9887175264184,1263.4330662064954,1259.0745841545383,1305.1333498936274,0.8399477442013817,1.0293245036565262,1.0022801228559797
1.66,1285.3316482600144,1263.8006459471476,1259.3516138132936,1305.4602495497204,0.8399477442014722,1.0293245036565262,1.0022801228559797
1.67,1285.6723786131734,1264.1659328794542,1259.6268879771237,1305.8200777454877,0.8399477442015627,1.0293245036565262,1.0022801228559797
1.68,1286.010935752705,1264.5289547490313,1259.9004282608264,1306.1768007843084,0.8399477442016532,1.0293245036565262,1.0022801228559797
1.69,1286.347346350818,1264.889738804342,1260.1722558855308,1306.5315651353405,0.8399477442017437,1.0293245036565262,1.0022801228559797
1.7,1286.6816365969871,1265.2483118084645,1260.4423916881533,1306.8844187824836,0.8399477442018342,1.0293245036565262,1.0022801228559797
1.71,1287.0138322094713,1265.6047000505196,1260.710856130586,1307.2343156539794,0.8399477442019246,1.0293245036565262,1.0022801228559797
1.72,1287.3439584464882,1265.9589293567628,1260.9776693086028,1307.54875697157,0.8399477442020151,1.0293245036565262,1.0022801228559797
1.73,1287.672040117062,1266.3110251013527,1261.2428509605074,1307.8952589532355,0.8399477442021056,1.0293245036565262,1.0022801228559797
1.74,1287.998101591554,1266.6610122168106,1261.506420475529,1308.23894404181,0.8399477442021962,1.0293245036565262,1.0022801228559797
1.75,1288.3221668118886,1267.0089152041792,1261.7683969019702,1308.5798580200833,0.8399477442022867,1.0293245036565262,1.0022801228559797
1.76,1288.6442593014813,1267.3547581428907,1262.0287989551205,1308.9202298695134,0.8399477442023772,1.0293245036565262,1.0022801228559797
1.77,1288.9644021748843,1267.6985647003573,1262.2876450249464,1309.2568263131748,0.8399477442024676,1.0293245036565262,1.0022801228559797
1.78,1289.282618147156,1268.0403581412866,1262.5449531835538,1309.5603958332035,0.8399477442025581,1.0293245036565262,1.0022801228559797
1.79,1289.5989295429636,1268.3801613367395,1262.8007411924432,1309.8930229032885,0.8399477442026486,1.0293245036565262,1.0022801228559797
1.8,1289.91335830543,1268.7179967729344,1263.0550265095592,1310.2241829408927,0.8399477442027391,1.0293245036565262,1.0022801228559797
1.81,1290.2259260047308,1269.0538865598048,1263.3078262961387,1310.5539192746826,0.8399477442028296,1.0293245036565262,1.0022801228559797
1.82,1290.5366538464546,1269.3878524393256,1263.5591574233729,1310.8811793834452,0.8399477442029201,1.0293245036565262,1.0022801228559797
1.83,1290.845562679726,1269.7199157936043,1263.8090364788782,1311.1753581652595,0.8399477442030105,1.0293245036565262,1.0022801228559797
1.84,1291.152673005109,1270.050097652757,1264.0574797729898,1311.4990393937965,0.839947744203101,1.0293245036565262,1.0022801228559797
1.85,1291.4580049822898,1270.378418702566,1264.3045033448855,1311.8203593132118,0.8399477442031915,1.0293245036565262,1.0022801228559797
1.86,1291.761578437554,1270.7048992919372,1264.5501229685365,1312.1404463070364,0.8399477442032821,1.0293245036565262,1.0022801228559797
1.87,1292.063412871055,1271.029559440147,1264.7943541585003,1312.4582472991012,0.8399477442033726,1.0293245036565262,1.0022801228559797
1.88,1292.3635274638923,1271.3524188439073,1265.0372121755574,1312.7428550850755,0.8399477442034631,1.0293245036565262,1.0022801228559797
1.89,1292.661941084992,1271.6734968842295,1265.2787120321864,1313.0574395527067,0.8399477442035536,1.0293245036565262,1.0022801228559797
1.9,1292.958672297812,1271.9928126331233,1265.51886849791,1313.3698425979244,0.839947744203644,1.0293245036565262,1.0022801228559797
1.91,1293.2537393668608,1272.310384860101,1265.7576961044808,1313.680098838785,0.8399477442037345,1.0293245036565262,1.0022801228559797
1.92,1293.5471602640494,1272.6262320385274,1265.99520915094,1313.9893357714595,0.839947744203825,1.0293245036565262,1.0022801228559797
1.93,1293.838952674873,1272.9403723517946,1266.2314217085423,1314.2964931552615,0.8399477442039155,1.0293245036565262,1.0022801228559797
1.94,1294.129134004434,1273.2528236993435,1266.466347625546,1314.57156727997,0.839947744204006,1.0293245036565262,1.0022801228559797
1.95,1294.417721383301,1273.5636037025201,1266.7000005318826,1314.875908012023,0.8399477442040965,1.0293245036565262,1.0022801228559797
1.96,1294.704731673226,1273.8727297102957,1266.9323938437035,1315.1782652839174,0.8399477442041869,1.0293245036565262,1.0022801228559797
1.97,1294.9901814727064,1274.1802188048318,1267.1635407678104,1315.4786720328063,0.8399477442042774,1.0293245036565262,1.0022801228559797
1.98,1295.2740871224066,1274.4860878069017,1267.3934543059718,1315.7771587943332,0.8399477442043679,1.0293245036565262,1.0022801228559797
1.99,1295.556464710443,1274.7903532811847,1267.6221472591258,1316.0455225481328,0.8399477442044585,1.0293245036565262,1.0022801228559797
2.0,1295.837330077532,1275.0930315414198,1267.8496322314816,1316.3404027288757,0.8399477442045489,1.0293245036565262,1.0022801228559797
2.01,1296.1166988220089,1275.3941386554318,1268.0759216345105,1316.6345459249194,0.8399477442046395,1.0293245036565262,1.0022801228559797
2.02,1296.394586304722,1275.6936904500362,1268.3010276908449,1316.9268886742298,0.83994774420473,1.0293245036565262,1.0022801228559797
2.03,1296.671007653802,1275.9917025158165,1268.5249624380701,1317.218551001311,0.8399477442048204,1.0293245036565262,1.0022801228559797
2.04,1296.945977769314,1276.288190211789,1268.747737732428,1317.5073772253184,0.8399477442049109,1.0293245036565262,1.0022801228559797
2.05,1297.219511327794,1276.5831686699526,1268.9693652524284,1317.7659722903243,0.8399477442050014,1.0293245036565262,1.0022801228559797
2.06,1297.491622786673,1276.876652799723,1269.189856502366,1318.0526211694478,0.8399477442050919,1.0293245036565262,1.0022801228559797
2.07,1297.762326388593,1277.168657292266,1269.4092228157579,1318.3376072546969,0.8399477442051824,1.0293245036565262,1.0022801228559797
2.08,1298.0316361656191,1277.459196624723,1269.6274753586936,1318.6209598654568,0.8399477442052729,1.0293245036565262,1.0022801228559797
2.09,1298.2995659433443,1277.7482850643312,1269.8446251331,1318.90270152382,0.8399477442053633,1.0293245036565262,1.0022801228559797
2.1,1298.5661293449025,1278.0359366724524,1270.0606829799372,1319.15498688435,0.8399477442054538,1.0293245036565262,1.0022801228559797
2.11,1298.8313397948768,1278.3221653085013,1270.2756595823034,1319.4337174689729,0.8399477442055443,1.0293245036565262,1.0022801228559797
2.12,1299.0952105231213,1278.60698463378,1270.4895654684804,1319.7109155106316,0.8399477442056348,1.0293245036565262,1.0022801228559797
2.13,1299.3577545684866,1278.8904081152261,1270.702411014892,1319.9876976548446,0.8399477442057253,1.0293245036565262,1.0022801228559797
2.14,1299.6189847824598,1279.1724490290683,1270.914206449004,1320.2619044019405,0.8399477442058159,1.0293245036565262,1.0022801228559797
2.15,1299.878913832718,1279.4531204644015,1271.1249618521492,1320.5084803618508,0.8399477442059063,1.0293245036565262,1.0022801228559797
2.16,1300.1375542065962,1279.732435326672,1271.3346871622853,1320.779915526276,0.8399477442059968,1.0293245036565262,1.0022801228559797
2.17,1300.3949182144777,1280.0104063410902,1271.5433921766924,1321.0510307576706,0.8399477442060873,1.0293245036565262,1.0022801228559797
2.18,1300.651017993101,1280.2870460559536,1271.7510865546017,1321.3196638458044,0.8399477442061778,1.0293245036565262,1.0022801228559797
2.19,1300.9058655087956,1280.5623668459104,1271.9577798197743,1321.588023933427,0.8399477442062683,1.0293245036565262,1.0022801228559797
2.2,1301.159472560637,1280.8363809151285,1272.1634813630021,1321.8539474671704,0.8399477442063588,1.0293245036565262,1.0022801228559797
2.21,1301.4118507835335,1281.1091003004087,1272.3682004445718,1322.093078257483,0.8399477442064492,1.0293245036565262,1.0022801228559797
2.22,1301.663011651242,1281.3805368742173,1272.571946196655,1322.3564979881826,0.8399477442065397,1.0293245036565262,1.0022801228559797
2.23,1301.9129664793118,1281.6507023476574,1272.7747276256566,1322.6197311424346,0.8399477442066302,1.0293245036565262,1.0022801228559797
2.24,1302.1617264279655,1281.919608273367,1272.9765536144996,1322.8806136738299,0.8399477442067207,1.0293245036565262,1.0022801228559797
2.25,1302.409302504914,1282.1872660483582,1273.1774329248688,1323.1413546198264,0.8399477442068113,1.0293245036565262,1.0022801228559797
2.26,1302.6557055681058,1282.45368691679,1273.3773741993941,1323.3737780535287,0.8399477442069018,1.0293245036565262,1.0022801228559797
2.27,1302.900946328418,1282.7188819726796,1273.5763859637905,1323.6311272191538,0.8399477442069923,1.0293245036565262,1.0022801228559797
2.28,1303.145035352286,1282.9828621625563,1273.77447662895,1323.8873016861198,0.8399477442070827,1.0293245036565262,1.0022801228559797
2.29,1303.3879830642732,1283.2456382880541,1273.9716544929852,1324.1434140101983,0.8399477442071732,1.0293245036565262,1.0022801228559797
2.3,1303.6297997495876,1283.5072210084497,1274.1679277432286,1324.3972973813081,0.8399477442072637,1.0293245036565262,1.0022801228559797
2.31,1303.8704955565404,1283.7676208431458,1274.363304458189,1324.6245893401835,0.8399477442073542,1.0293245036565262,1.0022801228559797
2.32,1304.110080498951,1284.026848174098,1274.5577926094636,1324.8763683548286,0.8399477442074447,1.0293245036565262,1.0022801228559797
2.33,1304.3485644584998,1284.2849132481924,1274.7514000636072,1325.1259757526911,0.8399477442075352,1.0293245036565262,1.0022801228559797
2.34,1304.585957187032,1284.541826179569,1274.9441345839657,1325.3756167146796,0.8399477442076256,1.0293245036565262,1.0022801228559797
2.35,1304.822268308807,1284.7975969518984,1275.1360038324628,1325.6242183831253,0.8399477442077161,1.0293245036565262,1.0022801228559797
2.36,1305.057507322705,1285.052235420609,1275.3270153713563,1325.8707034677686,0.8399477442078066,1.0293245036565262,1.0022801228559797
2.37,1305.2916836043817,1285.3057513150652,1275.5171766649487,1326.0913186564594,0.8399477442078972,1.0293245036565262,1.0022801228559797
2.38,1305.524806408379,1285.5581542407022,1275.7064950812655,1326.335915015991,0.8399477442079877,1.0293245036565262,1.0022801228559797
2.39,1305.7568848701912,1285.8094536811145,1275.8949778937013,1326.5795409090651,0.8399477442080782,1.0293245036565262,1.0022801228559797
2.4,1305.9879280082869,1286.0596590001014,1276.082632282622,1326.8222162263953,0.8399477442081686,1.0293245036565262,1.0022801228559797
2.41,1306.2179447260885,1286.308779443667,1276.2694653369404,1327.0639563813565,0.8399477442082591,1.0293245036565262,1.0022801228559797
2.42,1306.446943813909,1286.5568241419858,1276.455484055658,1327.2803953987566,0.8399477442083496,1.0293245036565262,1.0022801228559797
2.43,1306.6749339508506,1286.8038021113177,1276.6406953493715,1327.519319388036,0.8399477442084401,1.0293245036565262,1.0022801228559797
2.44,1306.9019237066618,1287.0497222558924,1276.8251060417492,1327.7573582060259,0.8399477442085306,1.0293245036565262,1.0022801228559797
2.45,1307.1279215435577,1287.2945933697501,1277.0087228709785,1327.994529003787,0.8399477442086211,1.0293245036565262,1.0022801228559797
2.46,1307.3529358179997,1287.5384241385452,1277.1915524911813,1328.230845550535,0.8399477442087115,1.0293245036565262,1.0022801228559797
2.47,1307.5769747824431,1287.781223141316,1277.373601473801,1328.4413165454957,0.839947744208802,1.0293245036565262,1.0022801228559797
2.48,1307.800046587045,1288.0229988522149,1277.5548763089635,1328.676070319964,0.8399477442088925,1.0293245036565262,1.0022801228559797
2.49,1308.0221592813398,1288.2637596422076,1277.7353834068047,1328.9089230330646,0.839947744208983,1.0293245036565262,1.0022801228559797
2.5,1308.2433208158782,1288.5035137807313,1277.9151290987747,1329.140984356754,0.8399477442090735,1.0293245036565262,1.0022801228559797
2.51,1308.4635390438366,1288.7422694373308,1278.0941196389208,1329.3722719395512,0.8399477442091641,1.0293245036565262,1.0022801228559797
2.52,1308.6828217225907,1288.9800346832506,1278.27236120513,1329.5782371876874,0.8399477442092546,1.0293245036565262,1.0022801228559797
2.53,1308.901176515259,1289.2168174930014,1278.4498599003646,1329.807014406568,0.839947744209345,1.0293245036565262,1.0022801228559797
2.54,1309.1186109922162,1289.4526257458958,1278.6266217538591,1330.0350593513363,0.8399477442094355,1.0293245036565262,1.0022801228559797
2.55,1309.3351326325744,1289.687467227551,1278.802652722298,1330.2623881853467,0.839947744209526,1.0293245036565262,1.0022801228559797
2.56,1309.550748825637,1289.9213496313644,1278.9779586909756,1330.4890126217438,0.8399477442096165,1.0293245036565262,1.0022801228559797
2.57,1309.7654668723217,1290.1542805599574,1279.152545474922,1330.7138558626789,0.839947744209707,1.0293245036565262,1.0022801228559797
2.58,1309.9792939865592,1290.3862675265955,1279.326418820015,1330.9150740644945,0.8399477442097975,1.0293245036565262,1.0022801228559797
2.59,1310.1922372966594,1290.6173179565776,1279.4995844040711,1331.138667889947,0.8399477442098879,1.0293245036565262,1.0022801228559797
2.6,1310.4043038466552,1290.847439188597,1279.6720478379057,1331.3605193484502,0.8399477442099784,1.0293245036565262,1.0022801228559797
2.61,1310.6155005976182,1291.076638476083,1279.8438146663848,1331.581736881478,0.8399477442100689,1.0293245036565262,1.0022801228559797
2.62,1310.8258344289484,1291.3049229885062,1280.014890369447,1331.8023349537987,0.8399477442101594,1.0293245036565262,1.0022801228559797
2.63,1311.035312139641,1291.5322998126692,1280.1852803631116,1331.9997857668966,0.8399477442102499,1.0293245036565262,1.0022801228559797
2.64,1311.2439404495276,1291.7587759539676,1280.3549900004627,1332.2181685083983,0.8399477442103405,1.0293245036565262,1.0022801228559797
2.65,1311.4517260004925,1291.9843583376262,1280.5240245726195,1332.4359715177113,0.839947744210431,1.0293245036565262,1.0022801228559797
2.66,1311.6586753576678,1292.2090538099142,1280.6923893096816,1332.6532034956476,0.8399477442105214,1.0293245036565262,1.0022801228559797
2.67,1311.8647950106056,1292.4328691393375,1280.8600893816633,1332.8687837736625,0.8399477442106119,1.0293245036565262,1.0022801228559797
2.68,1312.0700913744265,1292.6558110178075,1281.0271298994076,1333.0616817508467,0.8399477442107024,1.0293245036565262,1.0022801228559797
2.69,1312.2745707909469,1292.8778860617874,1281.1935159154764,1333.2762644007728,0.8399477442107929,1.0293245036565262,1.0022801228559797
2.7,1312.478239529786,1293.099100813419,1281.3592524250366,1333.4892361939492,0.8399477442108834,1.0293245036565262,1.0022801228559797
2.71,1312.6811037894522,1293.3194617416289,1281.5243443667196,1333.7016980154199,0.8399477442109738,1.0293245036565262,1.0022801228559797
2.72,1312.8831696984075,1293.5389752432102,1281.6887966234672,1333.913663579109,0.8399477442110643,1.0293245036565262,1.0022801228559797
2.73,1313.0844433161133,1293.7576476438906,1281.8526140233641,1334.1022945570273,0.8399477442111548,1.0293245036565262,1.0022801228559797
2.74,1313.2849306340574,1293.9754851993757,1282.0158013404546,1334.3133783623516,0.8399477442112453,1.0293245036565262,1.0022801228559797
2.75,1313.4846375767606,1294.192494096375,1282.1783632955376,1334.5218153800906,0.8399477442113358,1.0293245036565262,1.0022801228559797
2.76,1313.6835700027657,1294.4086804536091,1282.3403045569592,1334.7308940490032,0.8399477442114264,1.0293245036565262,1.0022801228559797
2.77,1313.8817337056075,1294.6240503228,1282.501629741379,1334.9384408715787,0.8399477442115169,1.0293245036565262,1.0022801228559797
2.78,1314.079134414768,1294.8386096896418,1282.6623434145297,1335.1230786135666,0.8399477442116073,1.0293245036565262,1.0022801228559797
2.79,1314.275777796609,1295.0523644747532,1282.8224500919598,1335.3287606953968,0.8399477442116978,1.0293245036565262,1.0022801228559797
2.8,1314.4716694552935,1295.2653205346164,1282.9819542397638,1335.5340354835373,0.8399477442117883,1.0293245036565262,1.0022801228559797
2.81,1314.6668149336856,1295.4774836624945,1283.1408602752979,1335.7389150077204,0.8399477442118788,1.0293245036565262,1.0022801228559797
2.82,1314.861219714237,1295.688859589336,1283.299172567885,1335.9423146818863,0.8399477442119693,1.0293245036565262,1.0022801228559797
2.83,1315.0548892198578,1295.8994539846624,1283.4568954395063,1336.145340879068,0.8399477442120598,1.0293245036565262,1.0022801228559797
2.84,1315.2478288147695,1296.1092724574391,1283.6140331654776,1336.3259516640117,0.8399477442121502,1.0293245036565262,1.0022801228559797
2.85,1315.4400438053458,1296.3183205569346,1283.7705899751209,1336.5272376180112,0.8399477442122407,1.0293245036565262,1.0022801228559797
2.86,1315.6315394409346,1296.5266037735555,1283.9265700524122,1336.728180096862,0.8399477442123312,1.0293245036565262,1.0022801228559797
2.87,1315.8223209146695,1296.7341275396793,1284.0819775366322,1336.9276954199515,0.8399477442124218,1.0293245036565262,1.0022801228559797
2.88,1316.012393364265,1296.940897230464,1284.2368165229936,1337.126887382404,0.8399477442125123,1.0293245036565262,1.0022801228559797
2.89,1316.2017618727969,1297.1469181646441,1284.3910910632624,1337.304055536272,0.8399477442126028,1.0293245036565262,1.0022801228559797
2.9,1316.3904314694712,1297.352195605319,1284.544805166371,1337.5016045628076,0.8399477442126932,1.0293245036565262,1.0022801228559797
2.91,1316.578407130378,1297.5567347607193,1284.6979627990138,1337.697766307421,0.8399477442127837,1.0293245036565262,1.0022801228559797
2.92,1316.7656937792317,1297.7605407849674,1284.8505678862373,1337.8936431335007,0.8399477442128742,1.0293245036565262,1.0022801228559797
2.93,1316.952296288102,1297.9636187788187,1285.002624312021,1338.0892431481498,0.8399477442129647,1.0293245036565262,1.0022801228559797
2.94,1317.1382194781272,1298.1659737903979,1285.154135919844,1338.263199800185,0.8399477442130552,1.0293245036565262,1.0022801228559797
2.95,1317.3234681202189,1298.3676108159104,1285.3051065132424,1338.457251517907,0.8399477442131457,1.0293245036565262,1.0022801228559797
2.96,1317.5080469357529,1298.5685348003578,1285.4555398563634,1338.6510526310522,0.8399477442132361,1.0293245036565262,1.0022801228559797
2.97,1317.6919605972494,1298.7687506382276,1285.6054396745003,1338.842430599859,0.8399477442133266,1.0293245036565262,1.0022801228559797
2.98,1317.8752137290408,1298.9682631741764,1285.754809654627,1339.0346710949668,0.8399477442134171,1.0293245036565262,1.0022801228559797
2.99,1318.0578109079283,1299.167077203705,1285.9036534459178,1339.205636491814,0.8399477442135076,1.0293245036565262,1.0022801228559797
3.0,1318.2397566638274,1299.365197473815,1286.0519746602604,1339.3964142697732,0.8399477442135981,1.0293245036565262,1.0022801228559797
